y,x1,x2,x3,x4
59.616193474068744,81.1692247466905,-65.64512953693827,18.245828997421114,-9.460234157399178
47.95620532191298,-1.5430039855663091,2.1244515123823313,-9.167559600478892,17.157539548483662
-144.48038005215915,-149.00958763625835,130.02665901969775,-0.982699745518782,-31.979751108013954
6.84081946067452,-53.703040086848745,53.88294269965432,-10.950569215133504,-10.024355344838085
-152.6676817797007,-185.9748419615078,158.8989385095456,-14.497834422912156,-36.12497487837979
2.045352581919917,59.86365343613278,-34.79728120784929,3.2028267310034497,-8.337697509232632
-24.729290444268006,-32.367082089274156,31.53700369002093,-3.664446517104881,37.1787271387397
14.604730602403805,-6.125970643295396,3.02435623777051,-3.7554472235898784,29.753271137758777
-61.28029704343178,-131.31034423425442,115.01243341928748,-3.200187961985286,-6.563271786960163
-20.04257930540882,-12.246185318138984,8.945928396397777,-13.147463342807384,-12.322245972996111
67.19586270194674,29.111061586127747,-32.93710611799437,-1.5125548597763974,43.84953810570789
-73.4080648118478,-43.057590957877686,33.3296208491402,16.34613292793765,-6.738922042672243
0.11846913224507571,24.49449596325814,-16.01050243731459,4.785987977864257,-7.099808596170033
44.11574741919459,54.21555249194289,-42.358696497587005,2.4647787734970272,9.92719283478097
-97.41886254886519,-51.23025732828098,50.28350733266966,11.263796367207583,-4.966511226089004
-97.68023183130019,-56.662702564246864,51.9320725577475,22.16590078895664,17.223511889357212
22.57698729655701,32.0908567373903,-27.422527037630733,-14.568951737645333,-20.890650150360052
40.7088928964359,-0.8634175242844189,-3.2097668201545235,-11.702798720322232,3.42807327041212
9.506029778024644,-70.21308237459635,60.283454252434694,-6.607529653966066,36.22139413836453
93.68061865791134,-72.56328983322769,71.07893229727523,-39.56836532582791,30.096318240081295
-76.24258782896408,-74.38196898698267,77.83993895146205,7.689641041668466,6.1298883563588795
41.88122481988029,7.8707458995628645,-7.217593351670942,-8.842271554193903,-13.472304760483526
137.6496723647629,15.147160416422643,-14.64977970254975,-39.886503999732255,16.136320076551716
65.98256145827408,-7.300650182503071,13.155084321197702,-32.91061682050034,-5.045336744892813
-88.61422076277694,-85.94936137023306,60.74644712889945,-1.4368683151834105,-21.57903564338352
-42.40421920102387,-85.33758453599746,60.55997514227616,-8.526284169736043,-27.67148054567477
-56.27411948456738,-25.232404429274055,7.257967343732464,13.142118338980264,-11.774571273535255
-14.874394018157783,25.944452534133763,-18.874918080309314,10.821375047328125,18.962360003071545
-65.41485218802303,74.15354606817291,-52.29477047391366,36.44171562186816,-3.6342862368274043
-9.91434370290424,62.977204815141086,-49.47665614073744,24.013074235601625,12.525825338481589
11.503929317773064,-34.090477955722605,18.76709389227048,-2.4471697438045616,-11.914600119029544
25.934728419857002,-21.311334248411573,21.00252373350866,-30.50096139036611,-27.607948375046682
-56.042943687538084,-18.97250345644897,18.595202684710582,2.167593098153306,-48.52076129525006
-211.09663790900336,-207.25865364230546,192.02689827950346,0.4338786220267513,-5.268779775533506
-89.60248811471914,-57.29848785996117,50.78803697784618,17.613838308391298,-18.22679929232703
62.3343474061302,-33.77771259366939,17.385012687229803,-8.771171052063535,23.979329283427276
-4.941990883671687,-50.154018989422376,44.71826179662607,-1.7594091721168676,23.115273188565983
-37.72468466351331,-97.11540632260537,89.28530513277745,-4.6706331875450795,17.282603630963603
-14.886849733239998,14.438098079430503,2.2127356331394203,-1.0825793099515608,-20.235257829876364
-51.65232299106625,-34.69178018939969,21.19166561073196,6.522383730430322,-3.785613997005818
76.87988888494526,15.676546190634888,-9.868476613120762,-23.18864269982889,-39.900460720562904
24.903287612876447,9.02834496238177,1.9403798561426449,3.727456734094339,5.681058485276039
-68.5682460719508,-150.24645032382782,133.08962974531255,-13.043748553615714,-2.338676900379804
114.02428117495433,62.0863679312488,-54.3622592084539,1.8715079806118027,31.263751488281297
-127.27696351860574,-128.6952914707762,113.28513277371538,-6.268117379031908,-8.806131218881605
77.077716678141,9.889331673237171,-8.798890894537955,-18.133430948660667,22.85276116661994
-69.83164223344636,-72.07425342990403,56.15711482091287,13.730553579627745,3.717965202053948
84.4447935424681,28.08933401477028,-23.94820200480328,6.293344460891214,38.53102560793116
-58.572166766168344,-21.663634246027872,19.938039656143953,9.035667196947362,1.6603723795856244
55.63746895737083,15.85313644683983,-16.012550124164914,-28.36415953802007,-35.73101507892969
16.899811330212327,0.7871296759511557,-2.7206311628395348,-0.22293867994143657,13.310970166537178
-39.05938455745831,-16.34850344019408,13.837398778557034,-2.700599799432246,20.80291455368693
-31.16306414764649,-86.00667925730502,72.16679521478575,-1.3665192625581075,32.43564625670655
-41.501849414834886,-16.831868872256916,16.291252790129786,0.31426502448718097,-1.8710518106332832
-80.87938640736769,-5.146805621564521,4.205777770625449,11.674232329778615,4.861499573015923
25.17710504280421,48.2014018352524,-37.05907958067932,-4.544208161419997,-27.168801294076136
-43.41507669907374,-13.932024136365197,13.090935208006766,5.397957512529183,-2.5776682926431675
31.815559829347393,28.22368756629431,-24.914620178284654,2.5715542772533144,21.460213266020936
92.58912785880514,33.7500639152802,-30.11175422557643,-18.781719959711296,-6.396453846807038
-54.34773793822927,17.31385081706721,-11.6227269979125,30.685051631509758,12.252678778298648
-95.27347520033788,40.3166555508575,-36.34135798846608,38.0669386132443,-14.112673847531992
-70.1762880708092,13.980891404564925,-8.138251089862807,2.2008506830380243,-13.650582538835478
81.09662270730168,13.358015399856848,-6.830680928924586,-22.36915858709837,21.998742843705124
59.21770925884919,76.25070844523437,-66.87674842588575,1.1927203382099347,-7.595013836093414
62.54076617448761,44.938631490480475,-31.483259237378327,-5.279219321775617,-4.330626017341236
-28.334179444710212,-17.776432107224682,27.408827915482014,9.95933696217628,8.63415177209646
84.49855638421973,134.0735278764015,-113.55195526003637,5.351553546325854,3.3148308108076874
45.32126978255313,74.33630139820106,-60.6147827481175,7.379906639904959,7.138293599224194
-8.074942662744085,61.844235792538136,-55.63327920145458,28.56124798142033,32.05320481295428
153.94375202028624,107.53537989582091,-86.34773714956944,-18.276866993694824,44.78052137917077
18.1331787600258,-149.00921002107108,124.56293570411346,-35.9297172927326,-7.837374208379155
14.615737170207275,-3.5607893957151244,7.218962603757197,-10.491299944096355,-15.289586659282762
19.901525219462187,59.23233827567032,-51.3277165101855,15.80706094279698,9.077024885878851
-100.56734419083551,-122.74105852069881,98.12439990736883,5.109099176892849,-1.8435612594725441
99.3832484178143,107.93236652901324,-97.43734392497315,1.987789256905074,13.749272338425484
12.13273220025408,-5.12690358307905,11.206569809919909,-14.302859361273613,-19.025537712760894
-85.80625096181,-35.45006905490235,30.259266779632966,10.46380769727494,-12.127154044564634
-117.85669419848881,-145.56208052302728,122.45971705008202,-18.72801247593346,-4.261810037294888
-110.02948432899922,-147.2152817164851,122.70432429864536,-13.40547500580221,-25.47737938061534
-87.44983780971424,-64.03679775431779,51.35773424318572,-12.486726319104902,-10.755931668919585
-9.144176454534259,65.63336228486222,-47.45414573463839,24.2028831245917,14.535817580726725
78.04167904319351,160.73379916927365,-137.570811117674,11.714998090439993,-22.332396923891736
27.454219226219728,86.8691405795976,-76.80314953664636,6.010380310919368,-24.88150965686038
12.937428495693172,-66.95592629590088,57.04542629276639,-20.287760713612528,-11.741294226957566
-40.932206232228346,-116.79555896482081,108.84372725451153,-23.50525286255527,-29.85933302382088
-195.4504751129862,-149.2272521931191,121.75981950140303,16.370992099731488,-5.237548075917195
-17.563366494229978,-6.974595779436186,0.19575737420272876,8.035061125967033,1.248459584696214
-105.46100651448137,-52.47114877484336,53.78838369942006,2.97121173353019,-30.343318217028063
116.45950997687225,36.802701904228535,-25.75656545735115,-25.81610123358095,7.067580977512519
-86.31491843195583,-71.18043968912754,68.26583050112112,-0.43994571500237534,16.722948972940905
-2.295587326347718,-31.07619876535022,22.55080240226169,-16.32429395547824,-28.858362344268336
-26.353594413463252,-79.41301486980213,69.73706060754633,-1.4956273737882366,28.29068077617519
-61.2158758900446,-25.01202345296171,14.69775360734695,3.426382025313627,-15.757370952701857
9.821405107561668,45.12030465854323,-39.97607482130216,17.268073237991633,26.205884787078528
-36.24920920768451,83.8726300211234,-79.07427768587605,17.395393299378952,-15.096361536883837
-8.364803131144528,-156.595702113949,130.21533292489988,-33.089824180352736,-0.5693820680807837
-49.48785047922284,-73.61691442259927,62.23682551544298,5.049289996256215,2.3634892454620573
-4.339963296797914,65.03017609261784,-50.12162145596278,9.296159720073488,-13.23229475323596
163.7657913182053,146.75829010891678,-132.0631936549728,-24.236914548321206,-24.487928236137037
-148.4367654620656,-83.1510798747657,70.44094779866376,19.853220324659418,-12.520475212944078
-10.562019535901383,49.84513014832845,-36.063258217178756,11.384891751690047,-16.13478814663444
12.207101939451576,26.575767135266652,-23.651085600640794,8.172405495880705,-19.868984709379248
-17.153683038697363,20.0652086284884,-20.026565235874205,14.156811692323991,3.684703677768546
-50.3328057774998,-55.54339307284652,48.01059594852043,11.129200122177252,-14.163595297114032
48.729069019151744,-4.421309756739486,17.228732496231135,-17.19759285003277,23.805512054763895
-76.80794665956896,-19.840439287020686,15.68873921293375,10.025073016962189,-39.21870054990607
-57.89543469830236,-70.77565645795575,57.74803507421904,-16.335335384018762,-31.22264011467125
-13.520504123705617,6.054457728876508,-5.156837251108154,5.148376223082741,-17.49317557988212
-33.29060391623468,-24.177389926702418,29.78531536700836,15.382965876725613,-7.890717642270125
-56.11608023712269,-74.92812662949831,57.42868157161942,3.0306166205984497,-5.596730220443359
4.782807881279896,40.50011480969731,-28.042385993717218,4.894850471171324,12.198120364506465
-58.23438621308106,48.07286211117659,-35.328645482749266,7.1314540345148005,5.771139271543381
34.86847829850068,37.60565064031512,-24.93894533537673,1.8215772699231718,22.027630424183755
40.346194493227685,-12.426842467243079,13.57034686498943,-17.663048961832118,1.0851046987611657
175.97694885927154,185.84585783228772,-153.09664719147824,-9.780817402953213,38.86710888368709
-108.13226036646228,72.48408767620556,-69.78810813755885,47.44831682722209,-54.217153447737566
100.9248479523765,71.06699510819793,-72.87770380008615,2.2610558138480026,25.155921108960975
-94.8501695115526,-102.18405796570015,84.49661481411518,-10.888700236745699,-22.33193681453691
-22.936983336922648,64.5943895124777,-53.4815249165626,17.001248313897754,-20.67810571953117
28.833548203099657,-11.421809841476211,20.892432981033103,3.4576975859805295,26.272224800993932
68.86327189798499,87.2789220177198,-85.57227232764909,-17.635503608868703,10.345692004543578
35.067345300539834,-15.981454793263758,16.208766853643212,-23.89479546470853,-16.20169059762692
-91.96379166658073,-62.75463635561015,51.00302798520866,4.795695296672439,-13.080764641192022
-1.276432784937299,19.99553752095045,-9.227435043763506,5.579890622441428,13.94434557462769
-68.37332700010452,-93.77200649224737,76.20847342923958,8.155340690682948,4.630442226732262
-139.88853788832722,-32.99228508829003,39.83112550629194,8.285491822017697,-35.1476509268077
35.10893146434007,21.854213210836317,-14.85880805108356,-7.438270353086213,-23.49524342173595
8.977234944413896,-93.86780247190117,72.77559855336975,-35.05016390279615,-19.93452255821201
-40.25065821344238,-5.085254809594208,12.439376768929767,8.066827542351668,-23.60875645241473
-74.61236792988905,-68.06561139021247,53.966540989892614,6.600065408720836,-25.11369062200325
71.69374159163198,51.90705849058601,-40.8890683539687,-25.5017632933733,-10.847677571189971
5.724846314969933,48.123572292704445,-48.53047072467409,33.336501739202745,18.705123585875537
-63.480088795581175,-160.52746885814594,122.22935836651428,-20.50869839571279,-43.075102863722975
63.14932293448965,153.1786398400788,-119.38780121817484,13.998541164426943,-12.973526155938679
65.99369386785197,16.306942428757324,-10.427794412994144,-16.609582090034834,0.6583422964013117
24.294711742802402,61.30449922958621,-50.925628360961866,7.068287373305125,4.749403126424552
30.604736972234306,-40.157789298825655,42.11858413232893,-10.260816605039215,35.83236698829505
-17.943290929142215,-39.44100179126863,29.556014454693663,-10.614382775194299,15.313266286981694
17.798117279904087,56.90041586276115,-50.56244330804384,1.1357686154429212,-21.414655488387353
-81.65687091908356,-76.54008924961698,65.70516259937024,7.173378840868262,-27.292286548917126
-111.94983524592008,-92.90929017660906,83.4665073652713,7.4587807526013865,5.0264767723251325
2.7028827255835894,43.02339647631732,-37.51934988331456,5.3600227211161,1.2058397607882974
7.175376388747633,38.43218005022149,-31.59282745657759,3.5367538193895083,2.7477823847485787
-41.492345277463485,-52.531266385919395,40.09845502013879,-3.7374151973620684,-18.60219318943417
-119.30182903329826,-58.4517659090212,45.26906399443582,19.744566631156687,-6.722928549394741
141.9952955305663,95.18625112877035,-87.16886378766334,-11.978225602483558,24.344323354859355
-97.3735091900715,-46.83259240305331,43.5494746287862,27.91147027703614,-13.69508197881641
16.577464149931505,72.14640528878306,-57.068803611132914,9.90845528769147,-10.119960345204666
-71.52724273960341,-28.886696516936205,24.92474810986483,0.9127076279499828,-16.55981613356864
61.139665908136465,-8.037681972382776,10.46475212156869,-17.518490418278837,46.75491658588497
-87.44807182009397,-96.22235841234912,76.54438541874981,13.46631162501171,-3.2824771369790513
51.91340695179815,51.28540164773706,-37.32127117854695,-7.2101412597429935,0.0656931101474969
-17.05707301064086,-93.56772771226309,71.85183363557228,-19.76118415394277,17.186011182121625
-13.988725151113178,7.890606360696094,-5.647191477634286,-1.8591763891431743,25.134451971267495
-49.598465653486144,-86.15713674306878,66.15107921498124,-16.234438082897547,-2.363654189294401
21.05906849894587,36.30836176524529,-30.44563373684895,-0.6259326081023797,10.14047014975232
41.22355831693083,130.6755519646689,-107.13462144484575,18.20785518712618,-12.11495756539892
-82.31881432728663,-36.08880208677557,30.80418866298689,26.222627265846707,19.020471475089337
56.41405574247049,-111.8311533390943,88.3152313136718,-25.873109787792924,4.291440445895319
1.337337293766275,-6.179672373233586,-4.196991632628422,-0.575592719674284,28.613469358483755
124.16494743944469,43.37787783998184,-45.961748050146504,-26.436227859144402,23.090532123570448
-68.42020329626094,20.752696256316778,-17.050182780593076,32.756766371707656,16.35708780356434
43.25500425876401,62.057572738373345,-51.37676162381409,-8.39102506607798,-33.81369588171918
-19.883713023185397,44.63865509965801,-40.99481336505783,5.200160425271605,2.056925211733996
28.445433388437515,-83.69585349879186,69.12533203117117,-25.326514964725586,2.3819900620771923
-79.18455273279451,-37.61020227758718,21.74440141373919,17.446451264279375,18.389268796389185
-28.131587014780497,58.828160600251834,-53.16412282481542,25.632829999741723,20.67936313167432
-18.083805364972037,-90.50171344315783,74.79916526473065,-34.8178647581302,22.48685721842452
86.76253137893846,100.6248915180059,-91.02032866764526,7.5909360094911245,-4.958684702321769
2.7056816494540348,92.97177992050013,-83.85896063132907,21.843161308496573,-3.9527345414142276
162.07156211556628,197.2032375044945,-146.52260933675737,-10.827060873878128,2.6301759657981076
-34.411340051514856,-113.72060504350478,99.34590389971007,-8.87322019392773,21.569945562294727
-61.70049990227806,22.92360160951849,-6.644096139617236,16.47632109086538,-16.056710365944568
73.16557464498082,85.7338260268894,-67.17983747130904,12.032787287423695,2.381997281725903
-5.080728895650346,-41.548839269471664,32.736201543139295,-10.440939551842078,-20.269149879365962
-81.1257005776407,-5.036352037996257,0.3976013626438455,27.46303851137642,3.1834603438292706
10.10207650763439,58.77569652844943,-52.99772508651949,5.179978161867382,5.133066743374103
-147.02862636905124,-121.88902958549556,103.59363170848124,6.711391407576553,-33.063901971075026
-79.90434609612339,-3.672098136571865,-5.872571099094736,21.602217033374203,-1.9308695122761885
62.5988945153222,65.7353318018527,-57.3710803536996,-0.9717526527733562,12.902556933187757
-0.2607763737071602,16.521060386777922,-19.614330123794023,1.998889704668395,4.370200528887021
16.94093736848803,6.407757633651529,-7.125192853587555,-16.241799761587977,15.625710139767218
77.05823263926395,76.45612021977495,-68.87736932593273,-11.632830239533101,-15.809873177138668
-65.91951616986148,-74.85416747574116,62.05088357203579,-6.456709278929127,-6.713694568389203
29.991073212139646,73.64695715861123,-60.62580338296202,-3.8463691762262497,-18.720134670711076
118.53176014974511,124.66598152053932,-102.19560714222351,-3.6874803170497827,6.263707986562696
-45.19805621442891,-11.194793383786193,13.080044462224475,23.422680287496995,-3.022466788961879
-61.88048634569259,-79.0777801562467,74.3379966325044,-2.025961523630997,30.284077089467463
108.68582933549095,114.73083944985943,-91.48174631442426,14.247129322244504,51.108544645054884
-54.39362261746821,-102.90499803527868,91.07846161020166,-14.130409051641257,20.428681159319765
-32.841390747331765,-70.12647784114851,58.930044368705,-3.532752141516351,7.131496088908072
6.8787451501181565,-35.27952060814876,43.2109195584968,-18.570672390447392,-4.701524831664965
-27.59731323138971,-52.6122360917468,51.00694793830271,6.710415334132003,33.30140005215906
-108.0706957754415,15.139463710484055,-10.195071516005354,27.262816579217525,-44.20151679744956
8.31135083148445,12.878330784146778,-14.765320956279616,-5.207333814244863,15.804858845529651
22.039526981569658,-135.34455085212886,111.32917782822781,-35.05006722204469,41.253731532243236
-44.089679014268086,-37.02510911378845,33.09881538842376,1.8439428790588128,13.52449952246774
41.86118613403166,25.92372649237483,-25.9078137269209,-15.98767802976166,2.9867626697544756
-91.74421989388246,-68.31295380482892,50.31018138286098,22.814295072083613,18.446246349772345
26.90353581416148,25.77705952875744,-26.402851677712086,-16.19172487626265,-3.827378906626331
-11.312643974274945,-102.52831550338574,78.74355734675062,-30.831233038404633,-15.657935587135725
-130.8332697678783,-56.238832851958136,45.89595907672551,28.28228125667229,-34.37293967426231
28.65608997017345,-40.95798743275455,41.842427120525215,-23.47891251528622,23.215744172586163
-34.49434461520507,-34.922821489306756,19.577095216990763,1.1051552760840684,-3.206234606499171
-97.88688445759922,-104.93743588733784,97.941725892639,-2.93771314146362,-26.926337302315275
33.9417026862965,6.525677606680784,-10.887603935365915,-9.734864875475512,1.675405275563852
21.65318994026181,59.64837510404206,-60.7729582576823,26.90941041569127,-6.854655932074226
-63.52188580178345,14.272805336636054,-12.133933009116602,23.14991984947635,-4.702570081250151
-9.057277597078848,-6.1917004842575585,6.7475136221447904,18.020456610750333,22.75983945654869
-78.07513672422485,57.4894634727829,-37.86802376923861,17.685071902179807,-63.04136801114706
31.700804989541563,-69.132607692759,47.5620909639875,-18.801135696460747,-7.028495108940769
82.19863864676955,12.593842333864323,-3.7965005293264102,-20.46152403399524,-8.79850960422369
-0.1259111584895647,47.91650773126706,-44.55508096795553,2.4591866414465198,-1.398915018091738
56.67256802749236,170.39054681504481,-146.64800893943416,24.492171563482,-19.23276250363334
-36.74882238656154,-83.04620761647749,78.55927701960638,6.392084127658366,-12.760548126838053
-67.89541400652124,-3.952595894210996,6.464278292350707,18.320753489902106,-8.194059657782136
-38.66342816664093,-34.229347031899664,19.53360530913279,-13.426153980463061,-31.90720460122429
-31.909860015093347,3.2993184349468447,-3.3641464889336357,0.41853240254046575,24.74279442420842
7.804653860883169,101.96321239907792,-84.1473855641041,30.094833671719343,-16.100326844558477
-121.54389249065692,-194.14799640273287,165.19497425981058,0.24239220175607468,-9.94007165584704
61.315799839962196,14.89194658076797,-17.292562174108216,-14.606325503538239,-22.064429894944624
10.463482929574665,-75.77228470103289,70.91902191755696,-6.034458318639907,36.82465311773865
34.731895738393874,60.66052530188679,-48.938619288645185,-0.22235701596583457,-19.833960701956293
-84.10032786918295,-0.017255887041674356,6.090030502772823,8.943597528671699,-21.222044342969
72.4560265966325,-36.40479868375534,27.524527276727646,-31.1985469643747,-0.6767182812107024
-23.09856753700273,-54.605871246516934,46.10728982261995,1.5272859766489404,44.190734875985356
-16.28818757878937,7.970396811384602,-4.132375964192255,20.2642587385711,21.459727650593383
-29.445940486751226,-55.28234626633311,48.19969504681951,-15.508053116016882,6.762535746903335
64.63639990781537,86.23205091085356,-71.79793564037116,10.129618277410371,2.3834681723766464
-107.8814089690619,-117.19210058970666,93.66965273139029,5.704391017184959,-7.685624863676891
-32.01764434229291,27.51135326159779,-10.759678806236971,11.4127292383783,-8.746496764737483
62.81563680801412,-61.124311316625885,48.96712809569178,-26.611952223399754,28.193460885163326
25.477629552559524,118.9338208773208,-107.54324443313605,7.844842779189268,-31.777066405128522
33.08038031074569,54.1983883046656,-46.71729447037716,-0.7145891578527612,-19.84287370482086
98.37648726417102,40.01188170406204,-31.846492181949337,-2.143960152162478,42.622554351890805
36.09170751733129,-42.12645485733595,25.150846377159116,-11.37457189153126,2.4097972014737765
-75.1333002259885,-84.20003961837578,70.8844201506235,-19.15488493006436,-28.006670401569906
72.88546654431278,18.349461279692335,-8.068791515187028,-21.458086387529058,5.652902911764049
32.57880216907646,88.74485439012943,-79.9073332561831,17.695369839468565,-21.95347941163819
66.55234667265024,148.65492386159306,-136.59453991287648,17.391813202794864,6.785130587206185
75.03448317872207,68.13192499627387,-59.89093832587399,-9.223370807865006,27.57666593538795
-8.478706989003527,25.09091891735553,-28.23177001990378,12.522622201541877,9.820061819424874
-29.34859957422534,100.32588584946156,-96.50290717727844,27.03208061258318,17.61237346880559
23.4329550749274,15.241353403689212,-9.882687316140725,-3.24187559014236,13.954627074165632
57.661840513399426,54.238807877189466,-39.87721659126295,-7.862448786302819,4.787322438473495
9.825963729671937,-1.4024412788683236,-1.3795011581821712,-0.29614618008492943,1.3355245242241578
-62.46364143008285,50.63769729791054,-34.86157503149001,29.944639028554956,-9.109423261837478
-8.697484525877057,-41.33318462581228,31.936053571184427,0.6845636473922063,3.3205180107215275
64.67501598000493,46.191265694519984,-43.19478317177347,-3.9296563488541447,10.953228648701371
46.93537768510832,53.68686357785278,-42.303134535829635,8.320773672969558,-1.8976009847913806
57.74914207731504,-24.774794101575434,17.05936112371507,-5.024284400902742,14.672902523244003
46.35581067519668,107.97158302655798,-91.93990491070409,13.59428378836418,3.3577820855302125
196.29354806035946,158.587009323942,-138.58829172046475,-14.240018848286308,16.417969720403185
40.16899396857469,71.28277177031266,-58.99774353498871,-4.664282502808801,-29.866381120323435
25.923023562700735,16.129055396304967,-12.430807539907164,0.02062848016554497,-21.08393963388868
-78.48414726770834,-23.202160015769852,26.063311448055835,11.030772642718249,19.043610124331792
-10.25323303075806,25.229035683720113,-21.514926491606083,1.3963387050680778,8.884626150047124
38.82120535952113,-11.879091165291568,4.802446491616369,-13.062094201787145,-10.373882335567096
12.270579266795288,-19.019791156287468,19.011710293056275,-11.563189117708522,-3.0288513111179265
61.8894098369935,28.74561912919698,-21.795480551505918,-9.263454443935869,-13.81724465336589
104.80045164028792,149.67737049360173,-115.5742841463132,2.279604500877353,-23.088467097251332
105.11309997455244,180.80434819721322,-143.8253125653019,9.975369801018134,-18.780122186715342
-34.585322263981524,-95.97468793545931,85.32202267524927,0.15153184757721228,13.913741871892446
-3.632353765164995,2.949242512393372,-10.069238571497575,-12.99431206314409,-1.7862339480381833
-20.684384854312363,-41.7336866725894,47.206004102934244,-3.8977050692985555,10.918575272846146
20.489789235208395,52.50586229351206,-51.60642874174593,-5.010873375854668,-37.34331420763774
-36.98622255384919,-52.76338231830218,46.464662709936626,7.3703669750116045,5.932316981033495
22.112353567505128,13.817222281327965,-6.736265232274146,-13.247634436362516,-27.449420025145173
-54.91281524211867,-14.884269888022441,16.331709924519995,-0.13048172792549284,-10.776101002672549
25.54445330446764,93.66275745161539,-89.09277040366109,-1.959039439545934,-37.51112439779417
-74.12649264508947,-36.04064183431346,30.756734630740727,7.05365619979438,-20.712161014487783
9.81801373042145,35.30024580228179,-30.22838715709309,9.904400303367147,17.046407360812154
48.04826371444634,66.87521768401116,-64.56464326183858,-8.990905352415304,-25.72511726707161
-29.589631912343215,57.17477595990414,-58.603932493796286,13.025867481246152,2.9010493016282934
78.16296990553933,-45.28942020211049,45.006851381418386,-22.788172414625432,2.5382798047886252
16.76351093085103,7.664342067296942,-5.16319499714022,-5.1670135253423215,-26.4199247375798
-11.109193709752342,53.230278449533984,-29.68982882927469,0.8769656236525556,-25.274540081585453
82.64884069027208,117.55873787901503,-94.64453450808541,-11.05191291342771,-45.56213067873683
-2.8162806567264482,25.206459497757795,-20.321846103218075,3.9198565760883364,-38.3496252680012
9.943551598105644,139.506734030596,-112.76113288498051,30.48365870471092,-20.11664104856002
55.142284397109115,179.87809853786894,-155.57411768236423,14.552343119362789,-4.094626954103401
134.76723329672222,124.98764887591003,-118.95853166801429,-2.086651827125614,5.794113472881246
-97.3901564979621,-120.57632876905116,91.19713993508138,-5.54103430309008,-1.1061010811778509
142.45289505138302,190.60068212606114,-157.40133475458646,-6.594608107484765,12.075077168468363
72.86356834278304,58.36490761251225,-47.41161762131625,-1.1151657968445363,16.27214261063371
-6.970457720733061,-41.47135845334072,30.606988048232193,-9.73670887437318,10.54234947161304
2.555165672185919,83.30835834623895,-72.25551517812727,8.289297909462984,-5.1456448187745645
-2.444312518901501,43.21244240416591,-35.27299579190376,23.1494488638686,3.7243116946807486
-65.68839402804146,-41.399704827409124,36.766459436581975,15.308989069149481,-14.547878891333767
59.36682455352485,137.1071408609169,-117.93014980967259,26.509152274678716,19.70353804437539
-49.502791229288604,40.44305557052557,-28.78539245975437,28.691093982829308,2.6077904359609576
60.27081827282536,13.300305161397448,-16.479492515152838,-18.791980767164652,-27.006925524108134
25.457373454695883,-90.11707003353447,78.95620069822188,-23.282695560751026,33.47880958348967
30.564831084944238,8.550134288235366,-7.777779912720853,-17.235249701596512,-38.52200922746111
30.286209993698037,23.368049813383564,-21.41115205872511,17.283216208750947,35.216771851873155
121.79159171206328,32.36229703291183,-27.544197675987892,-9.173779702320825,15.724405018847927
-67.6098898397977,-98.91382974817999,73.48321017865355,-15.631046543515051,-17.630087400056972
-86.3859330805278,-75.79811339221534,73.5866635381784,-5.793615163136475,-28.62908834942896
177.76431283677363,163.48607356072065,-118.4890092444765,-17.823866870524117,11.458014635849107
146.6279301496458,46.97416546875722,-47.737672975910016,-19.447920750444133,33.77456193137188
11.401199713868944,-76.28170113958434,58.83020642751596,-24.79371216682385,10.85977940351448
58.02716755873705,114.69231592472413,-92.70923071898879,-2.9851093952281724,-1.0601525782183545
35.389802820217305,111.8832391678901,-94.26863931946632,-13.72429461051334,-38.60303281764357
-77.0614618816382,-111.2249279072686,90.76896311727165,13.84139931058113,15.564674908428024
87.48405817716937,-50.734147244855585,41.23890217986378,-24.819410777502142,44.56009660177395
-81.94218485668382,-45.64622899207267,45.72557082843596,-1.3638808675129996,-39.140845041006756
52.10506995367229,87.52902535985743,-62.1946881633625,4.1926665473916795,-2.277759263993814
174.89784857878888,81.98650260148422,-72.71993120679923,-32.930529990648104,24.67846688602835
-69.6848594229939,-48.51737436701128,46.614419901811075,-1.55376858845298,-0.8977478216420736
2.31872265651829,-26.9964906793957,11.467337341256325,-16.740966827729352,1.4694497167190734
79.94773492813923,70.47709441112832,-59.33169753078101,9.523178420872672,16.884425535723434
114.99476694801076,50.65395437475133,-54.19273823326895,-16.747925320470955,-11.636451608344547
60.026391430418236,-41.68411604191377,36.479265275201925,-14.883077586767229,15.853118541996007
81.21264549455586,-9.396197911818204,18.72933610481796,-17.438891220333495,15.705688218604653
84.16248713022183,-18.883074616002336,4.019572962707249,-23.406346087691038,-10.102066822051786
59.64280190553015,74.2821355946606,-71.55622895762968,0.48783227854707434,-7.170326081852684
-118.92997393759458,7.931297157030739,-6.2478585409818805,35.157829393691486,4.637676560501027
-121.5995752489219,-182.35696841144875,156.94442130969543,-2.844986338773556,12.399317725759996
27.52949362097116,-18.807673177996286,15.029542464642494,-12.980366532443178,8.940041682503178
15.8197160359917,-89.12505375657523,80.25849198135487,-14.854443650572556,0.3419275670726609
-71.8875452880079,-95.4424460112579,75.36760076260424,-9.407344616453344,-22.85582405538215
-17.920369782074786,-47.060787879271444,40.62122017082893,-6.005238798442592,1.8744945662595738
53.203723749609004,-17.110234465404687,11.07825903844924,-18.160553474934964,-8.605907281347802
20.676328904506178,107.71955141885114,-94.02415085670539,20.959975503331428,-17.240242591940316
-158.73172946762787,-194.11065886193177,165.54794263890966,-2.7217753823218525,-15.340225253735294
53.16377132911275,34.542452274949184,-32.13401192753756,-12.02645238364672,-6.732363757619504
17.401963968100425,17.03673012320929,-21.558139726021903,-4.583791066344939,-5.920572586329099
-118.9338576036956,-108.55643845909002,105.41759920140467,12.007779883214344,4.796583613292026
-122.05717574744656,-132.80328781095469,105.31309129971706,-1.8976941823719837,-16.80467231996335
-218.67987472555313,-73.34572325102377,73.12346265748307,26.16893563836603,-26.069478748535907
26.1709195131608,-42.05389663455354,37.30126872392016,-6.161088600161118,11.841701188233728
38.75733570631395,-30.06295575528454,23.58562334234362,-16.143207351539036,-3.3440031224409767
13.821593636913487,39.698628550793195,-38.812610472112524,5.4135115481077385,-4.985863928175176
36.68201360251553,4.164915300449981,-8.31074373555583,-6.239575506546328,-6.884869931760623
125.1425171435409,24.046927183462323,-21.158803334612976,-24.835765528517292,27.87615550171216
83.74175412848003,50.05973532723342,-41.558073415556564,7.657741580730177,14.7269385413038
-86.4064944300956,-80.19330900321765,72.01240146395952,-13.341913871198425,-30.5637794621525
-3.3121322804832083,-97.81567899154551,74.79078766253848,-13.469321769126767,44.08359507779208
34.54865673979147,65.21036656374794,-57.65710925836941,4.074306017841092,-15.024148589816855
33.93856689413715,-30.20647078203187,8.123538986327363,-22.630323727255018,1.8761127611027666
50.53014357724488,64.66782743907062,-64.7187670846775,6.627662534694255,-4.628032776754338
9.69908552002863,38.8804611098093,-29.906571012460834,4.399730340102807,14.20111716712257
32.872123422500415,6.521261244923364,-9.477651136368523,-5.380304585658256,4.11821815362592
18.86919554030816,67.57606039361022,-53.889452917723226,8.15074602784076,-43.36253486962073
55.854759221681455,23.355382711487216,-22.18133351039559,-0.8546315458854652,17.896690232803707
24.67143585016821,54.168482303828135,-38.62968407461324,0.9361145329766831,-2.689320969414256
114.9687396121841,67.0925164655767,-59.837776063428876,-8.578070424404233,18.173807893772395
36.66432087697394,16.194728282449656,-10.38823095322485,-7.451393048591968,9.19754700625385
-22.15166696168975,30.726766062353477,-27.921312051429506,17.33932122432703,9.515843958783023
67.21727498372601,80.93748417318099,-70.19752702426662,-2.8453001335174193,-34.9061216458776
30.81832669134047,-70.63330022290354,61.237201455262415,-36.39580693853738,-15.39192031646155
152.2491004242269,60.0280003109934,-54.7334473369643,-27.52998845612846,19.838426868210178
53.546786129449764,42.22269001125397,-37.65231097823932,-10.094235560344671,8.153077665837891
-16.861950468497625,-27.209831538466208,30.00612870403549,-4.948738051283041,-15.225682086310568
-71.03652453693326,-70.3424066006535,49.8437501031809,4.727467706109011,-2.0413379525555846
-40.326304027336036,36.07164816801856,-27.78398583227687,19.900112538722475,14.601841616114575
7.65835552979374,135.14822369328328,-104.7517924482843,33.4850877107099,-6.0929894292550335
128.62522343492716,82.71909086786462,-70.57284666151345,-22.300329232720923,-10.425342850566796
48.26561916964304,-8.520605022904956,6.6084453301470045,-11.923539096908055,37.06190969405755
50.43261785826535,-32.6993304075956,19.72423174313837,-21.770197700393304,-1.255099793642228
-92.39788756296916,-60.38006202158574,45.642429197254266,-4.05981375445279,-27.03077036982252
-24.157802519674718,-122.329554481431,96.14049396653054,-12.667751760869987,27.956078838400845
-25.516100982250933,15.007140531812396,-18.740627654049455,25.950861910237673,12.044854644355054
-6.042528310829831,-17.63296447672817,16.881911032446123,3.4381612898018856,23.869293582019893
33.05649303071579,-9.192673944323657,3.916873525460322,-14.08879556930165,6.24118287589894
19.257932539713956,91.34730142585462,-73.62291042528604,6.65115734479302,-5.233230617600686
-66.5403416766168,-38.61649869024964,30.655869325931043,16.990374372106814,-0.9527741913117618
102.117898309669,58.05504867241083,-55.828299903369896,-16.477708538200766,15.788024387213678
-56.34473111215182,-99.74757467233673,90.70252887605417,-19.486668730044634,22.209512201138686
-153.85286157715325,-144.49609148147675,119.52909584386693,17.518934222221734,-11.651849601545164
-33.26598107003626,-19.99500507622397,13.479235918524525,-3.9320488332238472,-28.84191488277408
11.958156441864206,-12.336467843465623,14.711716079532295,-5.245660653624755,11.585078540858822
38.01038812939082,-4.824781800211808,6.014152991854596,-3.091755767479235,31.714118261205712
-24.29369285535505,-20.906956480071656,19.41203636705079,-17.88306612146409,-30.36382344077522
12.888044613531791,38.27104903928592,-35.65524294540548,4.7064922074267095,7.1926886754077595
-86.94166675888341,67.42346582046636,-56.92547599494294,37.56005569639607,-15.805777425093698
-7.098813953510645,19.548786885291648,-13.679362052461924,1.150387858586852,-15.826586869386379
-36.947373647514034,-9.155073801861182,13.03394407773441,15.541110033524543,-4.309762782502877
62.975778948298135,41.38260811859401,-33.53374333524438,-1.4894856523580389,10.184642369988515
50.6170838148848,53.54090480220657,-36.98239890595994,-6.436456233908284,-5.802379941435709
60.971297240228594,18.087607530479115,-10.522982256738455,-25.503341396560153,-3.721434651117402
45.69537698414676,32.557460838839916,-28.290615965788874,-17.615656106725098,-6.599603793673454
-44.93594890616813,-31.243768407686638,23.854503981533675,0.960829163613746,-10.898689571738934
75.86694195629792,109.19648738074584,-85.79540349269547,6.068752146465815,4.097048260173192
10.296186382518666,22.622308882580988,-19.25649613608534,9.287484177853646,2.9446804515888667
17.256515194790357,-9.11454289844518,-2.8701787784495587,-1.473242265745231,-4.058767736738095
-56.843421799924464,20.88248485014973,-13.265916144487091,16.061047472265944,6.72369529327942
119.85887193502576,105.83805034860148,-89.53640109609398,-9.330473428737513,13.35553654844297
-29.15331620531535,13.565682615517474,-12.17810772196085,18.782842878882136,33.804695366049046
4.189945266249226,59.38957992603904,-43.588293706510896,14.16489511272923,1.0071960527064376
-67.10114534792743,21.29431757614915,-19.75283523191809,-0.6015089183902287,-38.18641735518707
-32.9182594214234,-30.21895390331816,35.275657434472905,3.470982035791565,25.958013971573614
41.43565924263682,5.162936171049267,7.173163824886213,-12.340383830377814,-17.576625399941722
-53.671926057710245,-57.15243172815322,54.34383457114963,-10.176297369035659,-20.496575859868898
33.98950300545529,26.79362752521141,-20.932802834178677,-14.95870633463693,-4.914250287486812
-43.79074357491096,-34.94826173694852,20.003562597467123,4.954672116901214,7.5568833074669595
35.053478207225815,51.20361789112386,-36.92050537860506,-19.141491301337574,-25.42351085111496
-46.41614110301134,-54.94770088359171,49.493363092011336,3.136386562637777,-15.88221571179471
8.25035096384117,-33.04715542295845,41.72763772976522,-16.66566517991508,4.042587366983636
-50.75750498819786,-18.37102124000671,25.50522775669908,16.086039735870706,16.744496225344175
-34.623332906027436,-60.092212462285616,57.22785965101814,-2.745643367948251,-7.785454933599198
15.55801113972141,46.89904319590175,-34.795572158905635,7.321487416853784,-26.1624674535002
-49.99542560233519,-67.91494172025999,55.68227003118493,2.442243631242763,-1.3916729901570513
83.0717178492434,81.88522192991184,-77.4082406552748,6.215923751780568,11.234987596104812
-6.655462067184743,8.87481400893138,-10.962440585427784,18.276274007224284,5.435347365651628
-113.62417736543011,12.979170634468574,-3.6517121375226225,30.067101426760853,-14.83204875175482
-88.5441247197903,-36.32169397938121,33.47640796724323,9.415814211399036,14.46230684474576
135.58542902940175,184.53223340235428,-176.52386025281615,-5.62171418351417,-43.32490110584666
-41.981484188067014,108.60335472570301,-87.43890419977224,31.278162704375863,14.74069701132046
-5.158659220903344,15.183613252227051,-8.16867265783614,17.657997580735092,4.2445285373242445
-13.378404390422817,4.278118294865574,0.6390996903887385,6.971756387607082,-35.61233986979175
29.132005146388753,57.38002587401368,-55.63029996647712,21.29174029260857,11.541830040376986
-2.479438991138234,37.00756596059165,-28.146200506492853,11.754372823307278,9.097660845740855
39.80108315224026,65.7872725761123,-65.13050522995145,16.192713895596302,4.65467410629323
29.525913373411793,53.92536086510653,-52.989996284052175,-2.3334068992200603,-32.760951328571274
132.11997757525933,61.77896157447646,-52.52618437777627,-32.12055567025981,-3.6489233297242283
-69.3959335751904,-56.73298641364615,40.79124009136926,17.027987858384943,8.295127412252134
18.320019216013208,-17.591170074728197,19.12879798180272,6.52943831887445,-0.9352865298208655
-28.523027076003803,-104.07974632280913,84.51248981294003,-31.00900095857559,-3.574674210991863
135.21699747045778,164.87641788017405,-157.46924723686504,-8.278663330277716,-19.950309288348205
-33.44579195424885,-13.148803579067508,2.9828525110733395,-1.504597791843901,-50.5126846716
37.45518627420337,72.2473100144012,-71.52174035508096,9.687367871949771,-13.607428273196088
70.64484680622817,15.93013609081575,-18.410099865983277,-11.157403372542218,-0.4292505608199296
-96.81415407114962,-79.46315394531555,70.81998315484064,8.219929068011535,-8.097119425179148
-49.27765864321652,-54.13617871829338,49.56810795060785,1.0899617977466716,-5.793508216205696
-62.01950382416868,-63.55349885419429,53.77461048673395,0.8380745502314615,-37.60999024294996
85.3031961256813,-102.9945349466703,94.25516971572169,-48.70777751270037,17.1236348713785
-8.879386324631781,-7.8360386892761875,3.8499640763411014,12.257436240377311,12.297601130475964
-57.74136403166695,5.050328922596982,-3.6863392998380613,29.757241276868932,-7.741781492414619
64.39741632988942,58.35904542506773,-58.61344906449109,-4.675867379390753,-3.263150335367853
-45.86623155588791,-125.75296748971853,105.17035292097299,-24.552994752422986,-7.125523696314447
-151.15705598302068,-95.38596508253198,64.72997952338329,11.955429992364303,-56.109679726510635
-46.24840542121505,-49.5464875122039,43.29527768924047,1.5399539302815266,-5.3490161550325634
76.47670335264816,71.04422066200311,-63.96904341776079,4.06802859250578,31.560698006158454
69.60359385352457,124.38766026642202,-102.21332423925816,0.16446650024061782,-19.230984110705844
-76.32994055920682,-66.21948185552927,62.917364520768984,2.2127748744398716,-7.245142116656549
11.689199853632664,-90.18807012771144,67.9844486732986,-12.195017085109898,-15.795123344704379
-10.351018526753323,117.18887291438386,-100.7133649546806,20.815232705379614,-0.20579226824063057
-1.9760782917014534,0.5081729233359882,5.878119184681754,9.321636872972393,16.199852479702734
30.519094190129607,37.09202168398167,-39.10778446297961,8.449748509336393,7.240968402273674
95.8278863424077,5.165223267942999,-10.964871628570009,-19.063295286628865,-15.08193013856405
70.09060806643677,136.01749487578797,-118.99429014209201,20.035510207125643,20.87518323632246
-109.90704733599841,-78.73089772108858,65.6770759012841,6.086581335007242,-3.9926017943676024
-11.532516609328733,-2.045154835330199,-4.789332428378015,15.416251706770879,19.472379174868035
-37.000802704249026,-88.58237725452284,79.3638698761295,-20.825874973712644,-8.991279690852265
-9.808090669345441,-96.01405052427772,84.73315005965704,-14.79297346430451,24.023781241675763
-92.22453422006237,-44.22854454906613,28.872322599017465,4.426952178283834,-33.921240612444244
91.7080412346031,91.76641013485262,-76.48785221112651,0.19491350689044468,6.514648831689682
45.47675655780067,-50.049956195644626,29.37616338552168,-6.98339011676869,34.83239259437636
155.22619576122133,13.244615957409913,-23.234681648508687,-29.690465256023344,19.7767592361807
-132.09218085346865,-87.78521248024597,81.67132467113242,18.76286091346592,-28.591605278120415
-24.197440160847616,21.185344836416377,-7.458417209433347,-4.220662851190083,-29.96476140538423
92.71334980338762,103.15362182297372,-85.85352069728748,13.435112520111343,1.8176230488091116
-48.60078247475918,-45.55083851936544,24.43177019247719,8.212920483455758,16.602556674659713
-37.76195213840045,13.639435728803692,-6.261454456610283,13.078338812061785,-0.2336199410959523
116.06655648865367,71.55933837368913,-59.039262214410265,-14.074991966607005,17.825628842526513
43.01118957593255,75.20031031180652,-60.2869094036062,-16.41702498227825,-24.852905132017312
78.49727443345915,26.610627536186087,-25.75070743698556,-8.76677889147206,-3.177269328234476
81.55823266810545,92.94628936234818,-73.42732022975987,8.769070373019165,-14.591557548780646
57.4681902771207,105.8558557283147,-88.53986583050136,0.3713305749426561,-6.043069302453146
-7.779118118392908,20.57609391195096,-13.911099042013088,8.016121160336105,4.042765464780145
37.173028265061205,75.2971277420692,-71.68305746423023,3.8856101739294124,-1.2104765530808201
47.428746397467684,40.36209504455298,-44.353691371730925,-3.487384104579095,-0.8683608707171068
4.139375786361824,8.465648704799591,-9.261883237577692,10.395865506914333,-9.280270601824927
-16.870582984871596,48.98369130873869,-44.44909853671884,30.290338805807714,-11.678943309697509
-2.3355328950446648,-34.75500279521693,23.17174438294345,6.0219962009755195,22.930711291820117
-95.8251779526948,30.062174464161398,-19.492779315485304,36.49018388955598,-43.85264471006377
-7.7538242113720806,58.08762387862291,-51.34340214251259,15.964821300797302,-27.045591354185095
20.369299164645277,-54.77005651184096,45.71239362064163,-13.014843745694145,2.787705642790687
187.09255486316852,145.6398203026514,-120.55723884267552,-16.658255065920486,-2.4616387368751305
41.89593999520634,59.02158092742164,-53.40366850005417,11.04998709485152,20.253684807478244
-13.336490551517855,-52.61880494935457,28.74307319591348,-2.912886865431581,6.538845575973015
54.632205125969264,98.6156047048428,-71.22730053606413,12.072678947083604,-7.181169345701095
-121.27479429913163,-200.93216472195428,165.34010575676868,-1.1989551727835188,-23.508660710743406
89.14830245477017,109.77760864039064,-92.6883823104386,-17.90769180253135,-25.017283334137005
-50.69001123016966,-12.715731728536076,5.849263975237848,1.3212490318127168,8.911968355579013
60.59541491594006,135.59959177397744,-111.84420051814861,20.638077582176702,29.53518684619834
-37.298715468996946,-44.86198343572744,38.625742383094675,-5.556050940663507,-44.11359254084409
68.86975878436722,15.890150004000404,-16.767486822708733,-12.389466256285214,12.151010082394702
-60.8180312174065,-47.637254807445714,49.741268622093074,3.907754910930148,-3.0952471328676694
-28.096369525408896,-22.012383594279083,14.883416489104127,1.5791899279673545,-29.422735649812303
-25.445219404777543,-43.37227147005554,33.78534493088059,-8.59823237746609,-1.4399810654035656
-103.2347130718565,14.242747744030723,-11.315876624199351,49.35892992673524,-14.550196077037995
-133.10745771363275,-80.90082002485404,69.09355661643066,31.9394116842016,4.876749784233188
-34.16140810443577,78.18478371187071,-60.02518489730777,23.41733052138923,8.834515483088811
94.42200519335037,117.41864624503623,-101.8452607733797,-9.9244252787492,1.919635760123859
-59.641349144020744,-128.01176185298849,110.80252577158343,-6.262573127635394,44.10613778935754
97.34445270023583,130.4317279263821,-114.15610323742993,11.524889791511931,5.809141285799373
-106.52069472056881,-55.94139839256701,53.13897313251041,11.672662574289458,-10.970178182739483
-78.58445297206661,2.017408068565234,0.9274189151865957,25.09472494152523,-15.79282444751875
-47.36938030665071,-64.25047171435789,41.310759220344465,1.9781912013814926,-3.653333358930279
124.78860228658141,-15.735108981885393,12.637524521503066,-30.748882568991903,32.75994475978454
21.969828685504353,32.90806921735282,-14.892400995326497,-10.7484061874957,15.270968527643397
-74.40682301333337,-88.17732101462683,82.90713328398344,-4.477813292657325,-5.426433864218573
173.1577797778863,125.04465456376697,-113.67509890571496,-16.507092485628277,35.163718753215164
112.7014822178665,47.490960932522825,-36.68459378890552,-24.403167893066797,0.42511917457838866
-70.38766766731342,-59.74768219027822,53.4925939414345,6.995115511328214,3.1868051245228557
92.16355594030846,76.47312052086644,-62.260477495453266,-0.19222851197561797,28.7959412857159
-3.405620414302042,25.810910791886123,-34.714008737344706,20.74841818045723,16.342516507356525
17.693719140624054,44.866631952753494,-41.92002054591295,7.588302962107918,6.68670210657748
-13.835975826808562,-124.66290806529578,101.56042234873827,-23.46994024436457,20.197029715299216
-38.170601769702316,-73.38788930558444,64.4114160157846,-3.426447916996658,13.3141321830294
98.92927920489228,60.428330408786174,-43.9096440444748,-12.664480484495014,4.266410105714724
44.986749807548804,27.5570434214951,-37.48765718491414,-5.506147716915523,18.101497680005135
-98.54240538669353,-35.13077528280935,12.269136145814993,25.83704321216117,-21.283118080820984
64.4845272072632,18.806210365447857,-23.343061725800148,-18.865594398375908,0.14127632736682338
-75.0586424248919,-24.801244529449196,18.89930718797512,13.242756276821806,14.863015517454645
-14.064062926184224,-65.26100578138015,66.17954688154566,-11.278831491454296,4.37481462725559
44.549991721321376,0.037983830256075546,-10.039904974152671,-16.73120695555112,-13.568185189419756
-13.174271461200764,29.581836580676992,-26.97363502324988,8.860633702635006,-23.838653501511093
-163.25454523214518,-209.84547885082978,181.81226116541293,13.352737544457751,10.207333820526914
-87.44088475445305,-70.07403510196812,60.08513771596749,6.048080324945428,-20.14093262930922
-9.75489380228517,14.724673040426993,-7.985231636549516,13.607532151748273,23.027808806332196
-85.86618514974829,12.034084705662762,-7.9165761201075195,25.531914353952104,-1.905267243568833
79.67037458903735,26.967907661000925,-18.824913724033877,-4.13096733257567,8.063917671283667
16.208147394699296,-63.311444951816554,57.302901591523955,-9.62912657993065,5.4628932688972
51.281937766448316,105.8570560523615,-85.39341807795981,2.0075609000020957,19.679741079314336
41.92021393799588,-34.81897907502694,24.163855916653297,-2.312571566984463,31.871896297181426
3.2705253198728688,-7.3990041240165425,14.923735298906053,4.6009177209778676,3.5099009945500828
-28.44472241538297,1.5479852709940864,-12.406449743452544,10.123940540832656,-36.226758005415455
17.760718547659785,-54.22703976198779,37.044273737134546,-23.20043712897945,2.2178935400825477
-84.4030124722022,-64.49166814646402,39.61373911265486,-0.6359090267240926,-8.43370921357587
27.613222858827843,-122.92866164779535,101.34954652081055,-45.54736506867619,-12.773874726586158
-97.09293127223901,-55.50442412978808,55.77818756400671,23.558356795671877,4.269883000211796
19.44352857598957,-11.975532556018141,9.98350335019072,-8.136333202592748,-20.937799054263934
-23.568833296432064,-64.82253401157911,49.55851312585532,-19.031357065414277,-34.59443776214562
10.554151639901654,-57.37714713785934,37.227663651011994,-6.56239073936277,16.07210729472989
39.97706633026506,-63.76510961233833,48.01840409799068,-35.66580050427713,-8.364187146429718
-65.55886177563097,-191.19819193843426,164.51744784570354,-21.269324099855293,7.578734617300535
-121.13881382386356,-155.41444951836175,125.06789666880984,-7.271466569646791,-18.227924869428257
133.85286436032897,70.25788616323851,-61.25483076824831,-15.550049519152271,36.978972326104746
-95.6758543395662,-76.30313656335397,54.3562535813217,17.020403270908744,26.943788525520347
74.65216750058447,12.38515154890758,-15.277033651662963,-1.3650870923898974,44.18788343746653
-22.52866486166305,-82.08128952205551,74.79971240453523,-7.35282410332198,-19.798966055624064
73.89843128674102,38.760933130688514,-38.3406847987457,-20.051662288329155,15.607802021411754
119.64513837816341,128.81016076502928,-113.17520281391617,4.097980048981527,23.836871384467212
-68.74632157889091,-45.31097372859996,44.85991968821342,3.3756540803593724,0.9391508597467961
40.4743102925646,17.762094217626913,-15.632765341590188,-2.8684968672639553,-5.946177314825191
-12.872573487606257,15.41106095268053,4.016234098785981,8.01509054734384,13.788538476414889
104.84786004532488,89.23452038648028,-78.00917594161884,-8.390973301895482,14.29062474401881
-36.53927305421639,-22.44172915932806,12.650524919740075,-4.669374311979403,-20.257253411910405
23.22077228292741,49.31105599028538,-39.26671117086316,3.5971673124789745,-4.153378770339067
-9.028396172330606,66.50406730641254,-56.25698951874304,5.928304171673177,-39.34080470016505
95.75015700789496,112.51586418346805,-96.28561878298993,-3.7446433098750513,18.032244279445695
67.52738683159286,152.8648431884167,-133.54065717884245,23.69129720660336,5.104045811185484
83.9784666058981,131.80834953872795,-112.17829898089157,12.968538646049655,8.391977490450525
-107.7790295100555,-19.1305049905714,28.115252606565658,4.137529445697261,-25.84794052522827
-1.8164101008117006,-76.67395093334095,53.42824478709693,-9.47960969471257,34.151727614965786
-43.90962065663726,-19.36416355968735,15.984941177942993,4.679563359638339,22.791044251097958
-95.31380856329284,-90.79672738897449,74.16121112436868,-5.2032067313148485,-11.486731821668952
-17.248998833784533,-42.290815290056955,27.794821232974982,-14.043902100043132,-8.912464508549077
-90.00721053912011,-21.802351662654566,5.734452464270975,9.912371910832391,-16.93692969315788
4.577026944971319,26.46152901976546,-20.460334741374258,-15.901334182207908,12.13757747987448
159.24002148603876,176.5552488485465,-149.34986636892054,-17.404435533578283,21.430155487056588
28.053089642163027,100.67808840383738,-86.10554138585131,8.476585047727843,-4.64721233729265
-6.185101829400331,38.85012785281684,-28.905456653605004,15.16985284558016,-20.91348742100166
5.806154322938953,-52.743936265380924,52.198602259572645,-15.193438119098142,2.5590224692410093
-17.2894433155165,-129.624965009238,115.67447246625775,-21.011377807671042,18.002376358056996
-19.433960567283066,-108.41677307034354,93.2137500651969,-27.34990302033481,-3.047573685365983
143.27053821522526,-89.02149900976283,76.97781875461737,-65.17680469720683,-19.477615765765705
-75.67544760034299,-13.040517986844074,17.43276435858497,15.247072729271,-23.350512268360884
8.329983432076723,-8.203506214946536,-1.1718866768756508,-1.8942401627590246,11.211499810205115
35.06890631751436,58.34762478816266,-45.04002500325881,13.341980442418915,3.8448437933692086
-106.91789922657374,34.18612967317768,-21.148405481784646,46.186520427174415,-23.350175209357726
16.202363377500678,-29.553899263305173,24.631054065629503,-16.577720839163767,-14.44956710855947
-89.83350456035016,-138.03340656553326,110.58456651939457,-16.258757530136585,-15.348068039730702
-18.645340911644038,-29.73245705179077,23.963473046811465,-24.39123150545038,-36.31101430968522
-244.52772441620323,-197.20651199775162,160.65170145171723,18.62687773952839,-21.1512943293974
12.747819621971466,6.9029915945319535,3.3481486407441583,2.2744547830292046,2.172328099727909
62.509092382567516,47.85735858439142,-39.0639734807219,1.411263332992652,-3.715794801568978
-96.96883058111834,-141.1985158310784,133.67851106506103,-6.22992966356526,-2.159773734784026
43.206860088896704,37.61857922356705,-27.876231163509747,-8.89676851836183,12.60720922791008
125.07205744011335,98.71792087991068,-82.62573212553941,-16.041273510501696,8.318330823218034
-0.5554406900058995,-10.077431968530803,12.877860942657058,-15.22303320170743,-12.776004371751064
-4.01578205594774,-21.312554851279835,30.899128468320995,-6.791620138858587,-4.079391622751009
-85.90150213464453,-71.6123446836996,60.704113640964614,22.237284897022672,12.112707808643
31.288435763018366,-37.334972532851445,30.474444761103683,-13.420769014405902,-20.219795518548914
67.55983789550186,19.658848943601924,-27.97706470146428,-11.204733365485636,0.522864656931802
-121.1178909238928,-41.533340972052486,47.580510399638975,24.2193528088525,-20.173878008995473
177.19998682139143,188.96788611735565,-155.14178070622128,-9.212488272279183,19.284691720627283
-15.601126025827215,-27.20134211831562,23.634242979234067,2.0020255082075638,5.10478216924792
83.27620612633545,41.48068720126071,-35.12881607785887,1.4695140564647806,34.11533261470284
-16.041662467869504,-87.48931362362067,77.9240461556818,-13.117817258015016,11.730701137818674
-29.702065160032937,64.76586883834565,-59.47353155620142,22.28701278805087,-14.321458505945325
-53.89402682308199,-18.920291990897283,24.453667339696775,16.283078375754744,-21.641865657451525
-51.85657642410866,-50.49622281150174,56.53825499763975,12.147729011464062,-1.200731911076903
157.94875174856773,130.12980773445832,-119.30977331572706,-17.96101836180172,-1.5934149572831284
49.84261179252945,45.96291023417111,-47.09327911606004,-12.243503941408212,-19.921667253416402
-81.74826590825792,-85.18505841748892,74.39340254769257,-5.169587632678906,6.774475242565931
-55.25118457886218,-168.26466059972282,153.02133223522796,-12.019356015061279,29.466229686794634
-20.270013974485806,40.44919926147676,-29.45883688230405,4.231799347943209,-13.695317372001126
-159.4266259111527,-38.34453165481593,25.15286711671083,39.70258641170965,-25.673062092862814
-5.289362961129603,-12.08063026137892,14.701930137777532,-12.195729977336944,-4.04696434451184
-64.65979856708006,3.7118658396172677,-4.184465133067713,13.680089398424936,-0.24115050611972544
13.164401191138147,-51.13718767114459,44.0718318988855,-18.585120115162532,-6.413877868162461
-77.91972818042684,6.673082963770762,-4.652752254265375,31.915888872790415,-14.091809427657976
31.9415233389025,23.907880706667083,-29.4937232079284,4.62273413673441,23.591700110667027
-10.733063509541452,70.25356682282069,-52.07026767640475,26.71586091316181,0.31623596778471996
-25.27363735849307,-22.57056619678551,15.929493094842709,3.6926346956291676,-12.176293099822576
-58.129935980510595,-123.2766649133192,118.46427958306077,-1.9289039440187734,3.4095583572808645
73.52847639279403,80.07066069956169,-77.58966359489885,11.573273301830914,19.565435277878233
-109.22818320730487,-149.51756987226463,124.19435866854322,-5.129765124226813,0.6638911215053906
-63.99374018510554,-104.91702905742993,93.00558500928922,-9.76209471693046,5.566925230961214
92.98581287723069,88.2747174319254,-65.52485735346907,7.524120176164019,31.11397078902436
42.99120825440815,103.13857821647427,-81.84327408632288,-4.929760638014479,-40.74729840119883
46.157864369972025,49.24023234848696,-44.63444271394007,0.09066970949459119,-19.69050393157525
4.826789841797424,84.284600206488,-74.73411305066689,8.413653033781772,-4.539971219265257
-19.50559236543718,70.49532966682227,-56.734469942358075,8.502432396821506,-10.618500809184898
-148.97709693165288,-58.03609884534238,57.50722758603695,14.978923993824266,-30.11444820308118
-18.601831081320526,-36.82242795886155,19.737974049096902,-12.119887348385742,-16.00667810701286
-8.188117084707008,-72.95166016104798,69.91768618609136,-13.48399552975214,20.327507757396894
-21.183092845894897,-61.704469592591764,62.45067202473395,-3.518606816126545,-38.225367305070144
138.16992208814807,67.59992209964942,-63.6799723311388,-16.796206499047223,-2.753206281922612
7.425721661674466,-19.06414923836015,14.529740152240718,5.717205189963783,-10.786314650861408
13.613715777823424,48.705014609021774,-42.23253360207728,24.100028879647525,51.1879200547602
50.205842651291604,10.699198448813286,-13.93184527747563,-4.034643868818993,5.187170686898257
-0.284291386307731,-73.64176933523832,57.7103668139152,-37.684064572155926,-19.603762393062986
-152.8422629229031,-150.37814935697565,131.41448352161152,-9.927727059812563,-23.833201709676402
-21.69843481081673,30.502609726132732,-29.05911290262872,11.241039050881545,-1.1154499810003653
21.13612743345873,-69.64236858021928,64.66556419618082,-7.0681953945106075,42.58778191158098
-27.020119256131434,13.624970243542862,-19.770223339771093,1.810119873198257,-21.680394114560748
19.754923681584792,13.82109962832359,-18.864458100925155,-3.229220952251898,-27.471590988089535
56.19125069381765,96.89583341607612,-87.80219044732812,2.856587171138373,10.862092303030966
-152.75380300591993,-138.7834894615175,129.09575832450773,11.71494938440779,30.45711815990846
99.55584377168641,80.31785821646623,-64.68668521722235,11.408130269921008,23.536740206348036
6.622688717648938,-40.09710537782767,31.717958887427926,-8.046432095639938,23.79455463082139
21.813465931417376,54.49941035034635,-50.0126481018162,0.6330026451445336,-11.638757872730274
71.18927846922021,17.248014774924883,-9.3149208874175,-0.9179559514345423,55.04860220791586
-101.92198014063993,-19.64212393006447,19.026007345253472,11.843977134708625,-24.45020561768586
57.18645503511279,59.04832273756028,-58.35926448163945,17.034473177071998,15.697078366715353
-102.55410307645184,-70.83112028419227,55.531054167211984,17.151855307229788,-7.1459708482883455
44.732733184627655,12.399140212492629,-7.710940615826649,-7.514954472308903,-20.00332890160553
81.59193179942544,48.0577590166169,-45.859290606532994,-25.270792420508077,-14.314415129276611
-41.842229855812796,50.324167349628,-40.08215042770385,4.900269317306606,-3.3518980918291668
24.10097734895477,86.25528791897774,-76.35860943025737,3.2972132739257485,-29.399371330453295
-203.90732125011084,-177.4634267741167,143.84056437742436,26.180360917247558,20.957239605796463
124.30925957060025,69.07208615982243,-61.29396261305653,-10.688390162369144,12.381567434605573
29.490454804006326,23.180423894450787,-22.688320915850202,-15.380318128884934,-5.030926911603798
30.50709755717178,80.4540835457053,-74.41794949624453,7.499792517196365,-19.26323962723526
125.51074522828424,97.13035328941903,-83.81254836416139,-4.148989774086905,13.297491532476151
-44.029829329397266,-29.43644093890358,27.06603419264687,-6.70294351102702,-4.9367868345983155
4.435922433699934,28.194976689948977,-27.350512669160143,-7.515937042100723,-20.929150564793634
37.00461086418437,65.68100775333015,-48.317771264010105,-5.143375982108928,-18.763729537765332
81.93532427624686,41.67879878586453,-35.718431395732374,-21.251277481879974,22.358316638550114
-19.552649519847055,45.13640180372449,-35.37134146981099,12.337694366452196,-18.132983729349085
5.068594108119905,97.18787064344512,-84.7678019412813,17.862689798253882,-24.138220843877097
-73.37828722117038,-59.227899907374834,53.34901853913005,-0.39914735671867874,-12.398239050336759
84.39697982021443,129.50594693676953,-121.02721230751345,-4.212191232801679,-34.89366039322951
18.475065837429455,54.811249640258055,-50.21024401995517,-2.1364726438804182,-20.49702431841669
-79.29863038035892,-23.689670595666286,26.48415213476018,2.0268746251894343,-73.70025743191032
34.63340835608109,90.48320182937033,-80.01027357083186,21.0777409027218,1.9029037025499895
20.099687955340382,136.7152284465804,-114.67444191899745,30.20485878189167,7.322212256740089
27.460209802016394,-28.90579557505649,15.2331982342426,-11.451900418483024,-7.583689639504288
81.10448773652192,70.77639610834999,-60.961537533643714,-4.13332239221813,11.409845493823354
7.691398926162866,63.49593828331796,-56.586690515309584,0.3644271069373719,1.5744941690144068
63.39625643300108,-55.909733506165736,33.02596308373628,-19.460919653434697,12.074985235155015
-84.84776446990234,-86.57669431374491,82.98573622013825,-9.701775160375625,-24.678378667284253
38.90681701809019,110.88603418794553,-99.93611482925938,16.15287559406962,-24.57049621214894
-31.540612355572527,-7.784067419812435,-2.7907535460344195,15.907046414922482,6.081310849304006
-93.40018247379005,-76.46446911062893,61.320649129566405,-0.06893206342952451,-24.108240738776445
9.563285193080018,7.12583950806154,-7.864918381943002,3.8544614981028293,-0.6371409888453747
52.79696500017485,-3.6555871158084967,4.635266344581569,-7.828697600818783,-1.0680745062899533
-25.37360850368091,-58.785817453535145,44.038199316927084,6.613235341632556,19.76558424566792
-80.25397158292455,-28.30383127699431,29.981049138054487,12.698318342157222,-10.590147410200748
101.3790181164251,-2.263975693088783,-10.124317908529276,-17.456981480328558,45.90762787261862
13.868909539890767,82.28412283844963,-66.07352738952848,4.497239618004617,-10.150019029672713
14.543527409378255,57.41925477425403,-54.14206099277325,-1.7128910535812132,-27.961645356955508
112.9261614770838,162.52000530459836,-133.5211123951947,2.135570399483586,-4.061401236318364
75.06482696362836,13.537656836983778,-11.071509591193461,-13.216985950763506,25.153772890117764
-23.184941756592096,-33.89718198236678,28.781762832609836,6.670075679648267,6.912125101625762
-8.146781131474057,67.24808870198646,-52.49083251534671,13.483067789238369,-9.825207909026075
-99.979074372872,-61.72497846110713,55.13160175067462,18.564029269535585,32.230396746025455
22.39105587667743,42.921056435615576,-32.21809202517114,2.132232550133566,-0.38723395298167684
74.26662834973536,-5.224556217441829,-2.400334900753054,-25.173761531142695,-5.941410696667624
-123.45379912755796,-52.226748534909184,43.55067172217103,22.23471345538141,-4.252189485584586
-67.2341518074627,-2.5229075304686033,4.613347371554734,2.6152637597829207,-40.99492235950586
-20.011103199557418,-31.657527486135958,21.422931330274835,-1.6414373818593817,1.6392605675913376
46.28311584697772,157.09417214021872,-128.7633492553503,31.9872274710552,1.1989263969225785
67.25400144813537,2.3449925202045225,3.2053240651665473,-24.84561588478519,19.155741820643392
9.502367073600045,-26.318099895718756,23.214467248978416,-10.17345313112914,12.409423336393997
60.545002902292794,-71.0785315740518,53.2140433050838,-38.96344024439384,-19.03756859187235
-41.16556440293579,-122.09388828184673,109.51365593252336,12.286098850590971,33.290701954943195
39.20346636114876,-19.525349913508855,23.411005277247508,-27.34467587435108,2.8822266087446673
85.91439802064754,21.652911489740497,-11.202544161419752,-9.152635084310493,33.00477226977534
1.985816576291945,29.44096443593388,-28.86565845807584,2.5169170925409015,-14.869442825014794
-20.472098981467575,49.89350655243327,-28.926304396508492,5.926802429540498,-19.96513121321339
-59.67070070941497,-47.05610155977684,51.57104108967242,-6.795793768954281,-17.62186833521939
24.396734747611294,-35.18042398148097,32.79556095606538,-8.113876074277364,24.164061142381957
92.16794890369057,-67.04443411989155,56.33173680178785,-37.66980562330903,17.110078230012718
133.80079314656044,91.62419041409733,-76.8566435392169,-13.101763415040818,18.079077088637636
0.519200087002984,17.7826884878779,-1.031022763690137,7.045861440271324,-1.7038438650856285
120.05451423486905,83.19506841919116,-69.86129380817344,14.223601397313185,35.122029649653534
-153.82798010056092,-181.0947524293625,156.97037513463232,-7.860319133812345,-14.754915419669322
34.14745387415141,33.86434625976133,-25.317873115894695,-10.368530230122488,-20.93906675274543
94.51460743527028,137.86365185071585,-127.56431979548123,10.565429427356396,21.59241917381567
-27.19315447914991,-78.92676439883311,71.87443040247454,-3.475630538612351,14.744779031737805
16.54514350146877,22.438773874288344,-23.032374549652253,-3.598232299073842,-1.5089271065155585
24.785400984803935,-4.3853629914639285,8.081062586223917,-28.78043100512322,-26.889009535876767
36.37397987494339,-18.598921083418723,14.058522242443345,-4.263180185076351,6.37903330519208
3.5318114426895155,-20.281774493070532,12.745240694532422,-9.30053356776332,0.507546514362053
18.12465198443217,26.38140490081558,-25.268097734733246,13.223841228687812,12.410221725016633
-221.89244309925493,-147.64879716984777,134.5660428356049,27.796247239702666,-24.871853352939333
43.166251315402484,-52.24623212470584,42.402419150444274,-8.665154858736518,28.803043491767944
15.477046595413627,-23.925811077454444,28.63933297920461,-8.445409197283892,37.0024377622263
46.196140942846796,17.122761543570768,-17.556922475798714,0.14260697619926122,14.002530812997463
-16.649064207112193,-118.36979158490605,95.55861174098557,-14.373763499234165,15.77685606253824
160.2817659542483,96.99506241611,-84.87902557434033,-19.236125597539328,17.65843089220743
-19.09624293556582,-110.55620551554478,99.20762085331864,-14.487849512683802,34.81454488977396
153.05676822757172,134.53844677069438,-113.80752529006068,-10.275116057225697,9.736105272802986
39.99149750059339,-72.97290308444222,63.639869485852024,-28.80039267444157,32.934793349678294
11.818801257323242,2.437933432777072,10.975623343482077,0.13357151232776943,-6.137826129164423
-27.2303028756049,-40.81583231976933,46.13521103223936,19.754405638131956,-15.324742748355195
26.286665139670546,-15.650410954502721,12.304805617235523,-14.353161778480137,7.723494252790809
45.98641890228156,110.49685855235656,-91.20142842464887,21.751989231689283,5.519243003656079
-68.28131728179221,-88.43074163260398,71.04021801898972,4.876866661181602,-14.242198971910355
22.88545979710873,46.513607154268,-35.214074255822815,-13.560394412986415,-40.53145288160165
-61.72493846751476,-41.84632345758422,43.94410847373887,4.033603617515477,-10.941516149622
47.99060182794185,127.63242730249438,-101.30371784869666,18.37912711813109,2.3812311352496
-16.137839406305318,-97.35482329395279,85.60295688217383,-8.104211093590663,10.076688712200975
99.69507545671246,35.70752220113935,-40.2097344910526,-17.14609312181837,3.3452694513704566
-100.00896308482162,-20.83054493516244,14.331850375149028,14.450321760072933,11.852609854920317
110.56136728745167,88.70708809857736,-75.8206051776142,-24.212836699656155,-27.10120174034963
11.772239505693374,67.84280103954714,-59.91772406338861,26.901275162057722,30.74359249972754
-82.32510186302135,-21.71403472646368,13.895509926538892,32.7873115611775,16.479704286091867
-18.02918380614239,57.83058896017475,-57.30380082929907,19.039868882634018,-11.992541265426024
115.81903038766929,82.43855994776649,-78.9219712193199,-8.69580080355773,12.945066654386935
31.046688504856363,-48.622461960594634,51.54894384485363,-11.627972732570365,4.592969365294965
103.32894883551505,172.87235250782183,-156.16487602194817,3.469852953343131,-9.544541200682103
-30.85930102771558,-82.66603513724422,62.7103201820127,2.0780580057628715,22.000338313199627
81.77111695617644,-10.337194719094708,-0.08825872146971658,-20.20924553966823,-9.21651607811372
-2.9656431771592358,25.214619085005253,-18.3724442314406,-1.594604363988437,42.11530210091303
-80.14093752921971,-124.03916199778011,101.80656782586321,4.350546229676503,16.865946516932773
-3.19139227207722,-10.069391659445053,12.134265231900114,6.112098020224923,30.64413503012881
-114.01544222833357,8.585860107979542,-3.05249963461206,26.758217405482572,-21.391773116229068
-68.2921030035417,-13.653387345218817,11.23581634263492,9.690090725185799,-5.490680238843312
-32.460096936154336,23.711744776386237,-14.283392994175239,11.378886469207778,11.658724335687044
-12.91131681191009,-38.93672986283713,23.05950149159996,4.377749408568998,39.76771777373914
60.91706311247687,87.37705495863746,-77.17327175781764,3.956944869019847,3.906593628349974
15.264672370441195,4.829096986647528,-1.1347648800711325,-14.568378896153089,-21.8515347957363
-17.023117017296894,18.330950617173738,-8.943020702290134,-11.385404619375041,-26.4864639165758
44.13506316703899,39.66406061722347,-30.352473878868686,-21.71330174738096,-35.27129003812716
13.59354035959117,13.859482217483748,-10.457237048325338,-5.246322551167527,11.71507521504177
-72.80576967751608,-74.20164558443119,64.72179280147049,-15.35467480681951,-7.130671816504634
10.521647701177658,-21.143998510471942,20.12482133979626,-10.262471461041299,24.455797861625257
43.73236586913173,69.0643798928015,-47.68081718254439,-1.2512934507384128,27.519341824501566
-7.926758246470288,55.90282530325713,-38.04753659919242,21.07573343068326,-14.252109717655145
-47.09623840139318,96.0412497687562,-77.78934217361015,11.3448931041196,-30.985744103085196
-28.477351686561278,-170.38487673173267,141.29141953849944,-15.345011361830167,35.816558049715006
-126.04476055062666,-128.19609300541723,105.3411272093835,3.074124354421367,6.947895851666143
-68.59745787464196,-75.65961132069003,57.468846718568436,0.593516180467097,41.17906048524095
-161.434342741323,-150.7830592062003,136.8222067836311,8.515742807662098,-5.953741406110753
-41.95993312941251,48.49324906049701,-40.64825569522539,19.722565970087373,4.217917303385402
-64.32961275080629,-110.27729604971556,92.52756365108162,-14.39227486326005,-15.818007234720884
-1.7766917349824878,2.585933578662834,6.059272582866264,1.1449807503128706,31.606474226870095
29.86219285859772,3.286948341677287,-12.40786450453513,-4.9410896247521165,2.995749984668385
26.293403355393874,-12.825067164975383,12.090923150478671,-6.857920383753723,9.928127310579649
10.93723761779205,32.23870655859825,-34.58017082481331,-12.529592938098963,-30.007915875001533
52.54033504963645,48.45809534588683,-35.04563592464705,-1.70306130979478,10.546698715396674
20.37899183482518,-43.61991836572602,35.5841000474608,-5.448098207446119,11.051335780959585
92.21639583599253,59.14241272297694,-50.383377673713014,-3.0216712947847313,18.14017328154648
-82.91914650750509,-15.487379058084475,12.248847484659624,4.780789129877392,-30.096508359426934
-75.78769918261725,-84.45798472617093,73.61568216298286,6.820884192640754,18.721196475004763
64.41094265700623,49.05084645836502,-52.57019750035922,-13.520175987664121,-16.107668180706135
47.32328789593501,179.4265027246313,-151.89985450041786,21.20260436144539,-18.168040186203505
-25.630103223291588,-85.95301397221532,75.71403931300947,10.05321652409393,39.67234559412841
12.744797273602412,-34.11579336094269,29.529305591405368,-16.31755834665621,15.563319837209932
-104.69422116477116,-27.320514747311023,27.298435747170103,33.27268610043984,-31.45690892317382
-118.1959846361346,-100.02332812936575,79.3344124212854,14.555656315152323,-8.075616751666463
27.675495725380422,13.736739535153614,-18.137638235785026,-15.416900098832068,-34.36685876131734
-124.38738450881851,-204.3410425137409,176.31532198191314,-16.089280342737684,-6.9235632771700955
-52.5502448734231,-38.536457395082394,26.998078886365874,-1.2170247562234966,-37.5337274524698
-76.38316147260437,-94.80109864783631,86.18272084478784,-4.358077877332481,14.5203955305123
74.43549393876955,126.40419318607496,-111.69455117541531,5.920629289767257,-5.24648899924621
29.997023887152807,62.352314723392645,-63.55584088897267,-0.09024034223441113,-10.653096212028785
-12.836030884199516,1.7729546342478857,-4.059663607785864,5.531128626708968,-5.088493952657782
15.11144480435484,63.049928862337524,-55.39570651480073,12.054854165929934,-33.25917134837648
-32.50750329263815,-84.4577739708176,74.70863570737252,-25.981976405890023,-3.5224639253735788
-28.90088955118673,-63.27896239555539,51.687143564064606,-1.9852239364294162,-19.707281038234946
39.57286058752226,85.02897388481301,-66.10132459604365,12.248446531344209,-8.886237149869174
-100.04155547775436,-43.918049171296786,41.79144204301111,2.4528288064194976,-29.35716473984762
44.268499657315076,7.575560568537593,-5.3429426978644425,-9.63359521396987,-4.550112351231313
29.660646777510397,77.80800807096868,-64.1789681008475,7.202692717599362,-1.798108317019583
75.09986898468574,152.69653132701418,-140.88930590719866,19.120013231943894,-1.3762545789644316
40.49168392450416,21.987473062880856,-5.7467664878572124,-6.570089515650853,-8.605144560434354
-4.722007552010091,-45.25780325824533,49.95521551095426,-7.464684534843011,1.7170403411514576
-49.52162670278603,-104.56891865166101,80.06377687117093,-19.335777710952602,-34.00448000822479
-12.29390794896836,6.81450449107051,-11.768801132967392,9.601808097594944,9.170774653893332
146.27134493198335,172.25672121420064,-144.97239672844384,0.5879990883891271,16.387565414500667
48.06744570116693,-79.68364186967801,70.62623797385905,-36.760665962522985,4.555596678631429
10.343978798842954,26.465713389499165,-28.454638748430593,3.543867331910463,-5.60525526474367
-65.53737352555464,-9.888755693592264,12.184730552076216,2.6101676441537913,-21.052298212514682
101.22111960187456,101.37432002970984,-76.20601839908058,-5.852372938990854,8.707069049320182
49.64373758622273,43.33969798203629,-31.539700238535612,3.4227308360614384,14.068470120133277
-59.62972831769352,9.496895041192666,0.4920902972213419,19.22080117909585,-35.42392033418881
53.3643399269142,148.81618823870247,-114.04639858240688,0.6612230938802242,-0.8382182428651876
55.81962317493346,188.37593047060392,-149.9319605418575,18.733293900555022,-28.06794613057497
63.4983268867924,-7.435087909239817,1.998422813032792,-16.188161699782338,17.89110158949434
21.14984927465912,43.37748817904436,-41.48262165620095,17.862051099302445,-1.0729196782777572
25.506827574933588,-39.735443232819954,31.143730730351074,-25.864763119959697,-7.294706535191863
-43.99005185624561,4.623799401994587,1.5371784449729544,1.3179730861993573,-4.786248992004374
-4.288502701050382,30.497356153596087,-27.17253106091257,0.4167601723574852,-42.33657058549432
-61.726038380306754,-85.80569570638424,66.13610679736063,3.7312008796271785,18.88260899587787
-4.820753746580934,-10.889707443491572,25.992150870168956,0.5466745977455572,-0.6966379971838949
-110.84136794133758,-59.11632443266054,53.23171206463473,-0.5153947321853094,-30.010513243220363
24.485327058158816,72.46691323698478,-58.19581349658183,10.443798943570334,-37.83965081444595
-22.57690208731014,-37.44405498482759,29.650704631486573,0.14176663632363162,-11.164562278639782
-48.69355599106,-107.63878124565029,89.83969441019478,-13.630992057503072,-42.990415526982375
129.81025625835917,124.82995479732685,-100.9774951899994,-15.775759161425608,4.713269855033884
46.75577074629937,85.32454233064601,-78.53862276201937,11.525557184014286,16.74280553825303
42.305932870478756,27.13061317111028,-21.264836534866912,-22.704985287442252,-34.73695467303921
26.987822486329932,-0.33163355110214354,9.295284380018762,-21.590156151784182,-2.415918141372047
-54.26735900504916,-37.85407164590493,42.916454797509395,2.5900111620142376,-9.118888180018068
14.22101505323628,12.469930488354443,-14.904230536904215,5.332340458632235,3.821001901365642
53.04314786964245,-34.264458787036325,25.879131769284186,-22.518747665626396,-4.797131089778499
-129.6051369817032,-42.7340554258816,27.918162759396452,26.23323346719618,-15.037166581900014
-25.58396386379435,-5.673190270202132,8.070586468482022,20.528897227898142,20.750186806889364
-147.83686545505026,-169.59558961382277,138.22135745073882,4.763135577339749,3.187200221860433
56.57669113990775,-1.4530881368464663,2.9501788244741802,-27.51349402548318,-29.306191390728294
68.69567968155778,-18.2184170770444,9.394786793395072,-6.669345618240963,31.06026988032472
50.697759793447844,77.36232791854077,-64.95507613358106,11.13287049463864,11.412961256264008
88.07929610516841,143.73324406294475,-122.36381929851179,-1.552085457395325,-19.29387396102549
-2.1741585074757332,-18.878405258040154,8.071762850088962,-26.414160435920564,-21.401728644091243
-29.93159223702631,-57.166372128678155,45.376690797933826,0.9084830053687316,-2.992669632761144
-202.74185615537402,-153.9040128538196,130.27731122277365,15.02805364118101,-29.526262752914473
86.54495580075398,42.2475587519661,-40.714915585198426,-14.91576341956802,9.726945982684494
6.897222016934707,-69.88795618739667,62.02362098055037,-27.569345717821836,3.221807841356544
72.38202233973561,-86.43292632260977,68.86205564909268,-44.81996601819317,6.20371921410523
51.11672997227061,29.920494299492255,-28.18937166949153,-3.9087474570543144,19.530285827107843
-78.76237890143916,-91.56572771849244,88.12387285250499,3.97329403000602,5.184770315913065
-37.68791069927987,-17.087663090569265,12.398617716797775,18.59956121717892,19.12408786297305
28.595593040407426,-23.60547264328592,2.8657265749021903,-6.7881186963955,-1.4500466383142023
70.47262839486635,32.31996610576972,-37.27604268794852,-21.60874769639389,7.153452172660723
151.5729278146528,109.54658562575676,-90.75382317413096,-21.102153243546994,8.048849959170651
-36.905037319076044,-2.4120395445405336,2.390287208902703,-4.5888832636330665,-9.779696671854103
8.243811611537046,-72.37946278065888,68.75159928795244,-18.648015706489755,15.628240483555185
37.387564392290244,98.74700329889716,-79.49040486197296,12.448356555287894,-33.110914288131504
80.82509600992523,6.172531590121468,-13.256744619395473,-29.172636629434056,-12.08063303847863
1.0537645815302148,-129.21874629644532,114.20064954067335,-35.68529184441284,4.772731045849613
20.945632428008167,50.12800305763231,-48.152424835346864,18.974310257187117,-2.981040590270842
101.09875092578528,123.83422273216723,-108.66085271162964,2.00197951866903,14.491355511014074
61.11936924632734,-7.60354106456969,7.629592101769534,-15.668753568189675,16.590359258558323
7.091211140498836,32.154778111931336,-30.712574978818186,10.225180622834332,6.873868749960128
51.41216542690058,19.956105546520703,-19.05057904134209,-20.399700055470937,-6.899463996432556
107.58226878859594,104.07439866365614,-112.77839856892184,4.3845007430652325,35.06277928905149
4.631718708861984,-21.780269880979166,20.12367727981154,-8.091671710091571,-18.808681072093325
108.48477489182956,40.739778324208466,-47.72831515167657,-25.527685306878322,-0.3750713344148058
56.43156325912221,-20.966142916189234,14.228633967822777,-20.341437542706842,10.52430364732023
-65.61604619350668,-80.28762199382163,64.9187326319289,-14.98003310510813,-31.12265231801075
24.975745002195467,-27.29525307729147,24.74208266464883,-20.9900403663142,7.794627763527478
-149.41775205102766,-148.94319264540775,115.09926667773664,12.068223016371919,8.28616766609342
127.51287649254077,145.54065786404126,-123.79654544100178,16.223984379183005,27.584656641114382
28.558981120284148,28.44664876239296,-23.10449634925728,-3.2460926951887163,17.771983075266125
14.25458230800109,-4.7407683846971125,2.046551048498837,-2.084588509268289,-20.225801630758262
11.77315654619407,-70.36195298257041,44.74590318389463,-30.195622573416667,-44.5127236850001
-87.64369195075531,-45.34126077800348,39.39239008295832,14.012527332346002,-2.7839267455160335
66.26001195201783,61.729958206559864,-44.201102820274244,3.2385924025979023,17.20500495147626
-121.05007657990001,-65.85283803353428,57.61461815677636,18.450043952027926,1.6371907403468713
-27.759345082489247,-41.43245943362748,35.61754867379036,-2.2866565153570306,-16.798681496600373
87.65363196655323,105.29009417924398,-98.89682063417406,-3.1928647087886297,-19.917511188963065
-66.85103243485169,25.580019370292323,-34.38579421544787,19.018840057346623,-20.07758571469262
-22.23940438895265,48.63097828992058,-43.762316889507794,19.00117741957976,-22.43834733727688
-50.38610765412311,3.2135375395246872,-5.505848769636122,7.098720018130102,-9.644946848274223
31.947353994014726,10.524576837798774,-10.475382355000404,-9.701786638291448,-7.001809287312117
-26.831781444101008,-88.6739298652553,79.40138389480806,-10.278562634419957,-2.4014360871303726
-28.977031417684753,-3.0615442909105823,15.485200711077956,-13.778911517369627,-33.371184627782384
-18.522533559136345,-18.661139793427463,-2.209647717360534,20.212492111834443,-0.8925453127052951
-77.22353073645253,-97.97303323927531,89.13578511725936,-0.791734911027218,18.105780255907106
22.946933531892995,-32.31162663877843,34.62478694744434,-13.166051513355493,2.122033194206679
59.890058114533005,189.04530630341952,-163.52328707647465,19.637461802935402,-2.803540381527542
-43.14962704773845,-18.320565552458376,7.194918252598592,-5.00721559259802,1.8229507483281453
-30.724748695983642,25.975369399060156,-10.250085077962968,10.635822874154439,-0.5859545460552975
0.5425773592785696,-15.392673164716337,10.58085407129774,-2.6000167130642393,11.690303364688226
-152.22639737742293,-54.91123914838704,50.271825828143,25.86788904178713,1.092930821173589
27.35259844189894,45.68576605020262,-36.313805804570734,7.89056578681874,0.05730025621812018
46.539769808902705,30.992520961281567,-17.229210607013208,3.099354792267726,21.08256851224522
102.31733707659062,54.53596680941503,-43.4647841374642,-11.363284050839155,8.76974171266496
-13.071212443296318,-70.4087190788713,59.583404086420984,-14.42439957317743,-17.454695922224207
-92.05788894206636,-146.11680483447824,111.27273303609229,-9.116467771752589,5.063485777603224
-30.480199719564744,-82.09656101100039,66.94779139417452,-11.908190356968719,20.457685732427656
-31.390025817608585,-38.2312114036438,37.455658751960456,18.389659268532913,47.36887899680901
43.76483176106643,46.535624037119206,-42.173176408468144,-1.651755783492126,-0.8323413407075835
-41.04257660281899,-4.949549553824934,19.243169124902494,5.397518808483322,-24.329929515438685
-42.82795153553165,-132.7725136205373,117.16629800165435,-1.666970576726854,22.924430608765014
-44.43838491250614,-12.64016762201815,3.9223635913785433,8.14165436036723,-18.11892988552875
-49.366386282690456,-141.14345050881474,109.03581059951567,-3.4729012332818123,50.22441492917752
-81.61440254396865,-13.367924544926208,6.68088422113907,13.214963389125513,-25.402317651981488
-108.71168818577834,-100.98179940921706,82.59496799460621,17.81141835996037,11.455129372744054
32.493735429087174,26.06313031722064,-24.8208536019015,2.026207927570523,26.640455284618145
25.061604712451523,-39.04673222501738,36.33561816259286,-7.059981802327913,24.911363270273274
69.8159075776275,163.0804722470333,-148.4488015690969,43.12498469549409,20.09535625315654
67.45409356053774,-30.112110721893252,22.38668600870531,-3.7219406676113618,13.264005019961873
-28.730900641082158,15.6046917135367,-8.78174998880245,-3.5454915633064634,-14.253620430632516
-37.782903588499224,26.091998264066,-16.22256559398309,1.5055132284958592,-23.644870114568985
46.02320168498125,58.24975630805621,-49.478698514219225,4.612808644776117,22.22177835199882
-37.50607597159692,45.146151305067335,-41.325777717063865,7.989799040583117,8.649430240763046
32.61860554568077,-46.486383608915204,36.590423455869605,-21.996518707391733,-10.856029874128712
-3.5720254510644436,-87.46688009060486,80.12422861020866,-18.076201389495388,17.373320577813256
-12.748248702801906,-72.22128107950547,65.79425453938063,-6.503217399292188,37.56059088779486
56.068105263565414,36.4390962313861,-33.271535339076195,-14.023930414164145,13.948349243511302
-24.35904567096926,-87.34692494233903,69.96147688285158,-4.995181048978847,-3.5946362735330437
59.66264338703027,84.76927160468354,-78.06911484239822,10.915066747716105,24.089430080541874
1.2067784838388498,57.97047410466612,-48.738073393326864,11.277888158352827,19.01462514368034
-18.89998848704203,-76.33505297566536,67.9948776346522,-3.1971439232814456,-4.9978497856257444
94.98613048429839,42.44805146737898,-41.67446493613062,-0.5864020529397855,16.52629681212629
35.57973989582842,35.260429094930785,-29.533294284995645,4.508430723059262,1.2812662617415778
-82.04408276497944,-63.5179633606384,48.963963835541634,1.3910391393989627,-25.50665537077823
5.928125383502421,7.768899295176071,-15.68445051833236,10.391522001546951,-6.8831089479749314
-24.542244328550073,79.90178708187213,-68.9461922757369,25.179143843494035,13.571610388599622
188.76899763186395,165.51475834218883,-147.54453334385576,3.1172529144394314,19.86505789029224
13.713328449443988,-32.35097754301061,27.55673005953456,-10.696325402905007,8.443352693765258
97.85770491788395,133.62503701097393,-118.17498635639217,-2.41075408984468,-32.8862847330021
-31.13930240728483,68.50652707318996,-61.96759793398852,25.476889570003294,0.07392731170525124
-2.5393624807882027,46.44055685350527,-46.43617943531866,7.62801281216511,-13.656216881462248
-133.1554261421368,-95.32138373845498,84.97942723874222,1.0767038028669216,-13.1554318731014
21.945364393695783,22.183327133297112,-6.982735160228959,-1.8551655129687727,18.603715370168317
-69.39547235358351,-22.71881199305703,15.521260496284725,1.0111435243676903,-7.643786051162401
89.5361373283988,42.92194527266934,-39.45833869625128,-3.8573736383140904,25.529316585949353
62.98423412582836,18.568925918896625,-16.50875611428914,-5.903377572098508,23.46240238228792
146.78667517801725,75.94702205255518,-72.25565052878713,-21.312422587875897,-5.377331152709981
-55.433504848622384,14.34987928634563,-5.878394386511863,15.638540912232441,-11.283367350320539
8.521934978746732,42.43614041928942,-37.00072665310963,12.884881282993147,1.6375189599006426
-93.70131062022804,-87.59822809128947,73.86472723045624,-0.08105967259004304,-34.11417505788127
-24.50592946658476,-17.113674444398058,11.90673435356955,4.391946111719568,-1.1193125707567333
-190.23782841265876,-166.608839786018,140.21249938663075,4.305851953129681,-2.8770141776503806
74.51165381920508,83.62964248260933,-70.89283061601891,-0.020514346542709117,-14.509567201827585
-45.0890583764877,28.42357499054051,-33.356583239102974,25.836836324197353,-13.81058447890499
-86.82882780500447,-44.490372770097686,40.2909485338874,9.4810056468132,16.573596280636117
-12.167665715998943,-38.09933020384501,18.989608549478497,-0.5331120934302538,12.948058052301494
-20.19334305589448,94.10793664858893,-79.86753378675633,22.105042837339806,-7.712438570042376
151.09512317138964,134.3865044453777,-103.42833654368641,-11.892049181838267,20.289951287733665
-4.462627073795856,25.094045947923277,-15.830132631106984,21.329815782423562,11.922547128472694
-42.687178769404746,-0.17283925680060008,9.734562207295841,4.387827382233128,-20.07057588514325
116.08411168503662,76.53005208746154,-52.76500813623484,-3.7411225564521944,43.52575322206174
-35.72830999322787,16.850686933151753,-18.060341029571266,28.71071883908047,-2.162870923191978
14.447089177872664,33.10015170356138,-34.35948003650644,0.42074569648421833,16.915115327097574
153.88979026390726,171.18394122490884,-141.78718222839063,10.006547275412046,32.778717265947066
-7.386614322557047,30.40259666142136,-20.233841753549306,4.22981577354917,10.392854319472226
-26.49229426912049,-92.08196689022932,72.76385322831122,-16.93897114983688,-8.257580660295496
-37.76752279164122,17.63632987857019,-20.168152949025714,14.952976087325403,-2.5613977040700053
-15.461740629750269,-15.96996821138163,29.79864925539539,-15.55543480406062,13.032567374279123
72.1316733335944,49.94820925861514,-32.77507642494966,6.15471360676218,22.522700892321414
15.136531404930487,7.879525054249363,-2.683883402533797,-22.51216682955541,-27.993746599394076
-98.96086801990928,-55.77542523325416,45.483599586681144,20.17315674997344,11.211712203198921
4.996083990740404,109.24983200573524,-84.89442905832371,19.86660734478695,-19.474923182807746
-41.3114893729302,-29.262708627735275,27.291337139238568,3.1854565565217574,-17.4566282491251
143.8913795859154,72.48416854728032,-57.54199156390028,-18.24382402325782,14.19881775598633
-32.36564552042656,6.970996233680408,-4.355912046812787,7.73612370713023,23.10069968013233
104.31373501712599,89.44469408074652,-83.22340090800442,8.575132617058348,19.58162253672607
22.677598538390175,8.994209285077517,-8.581680491672863,3.6319476424101333,18.75123018619925
-44.166490336441726,-69.62040046319672,63.18719013396662,2.673273611367118,19.553322076726765
-66.59432155624904,-100.28453175224529,80.01799362786734,-4.604536972051064,8.001010469005575
-81.73475161962864,4.418633162629631,-9.683379238650645,25.416590838100934,1.1506436694466737
-28.18218827133726,48.83008614804422,-39.58007049353061,7.269443328552416,-6.874030228569919
44.18180214781416,33.918835759326605,-26.81773156060855,-14.337642651178507,-5.740436785624086
-48.248969402192,-42.36672348635458,34.89096247437971,-4.989051043759593,-25.605862295004123
-87.63016401314948,-78.4130662381783,67.83904816141082,7.895627136287676,-37.916340437109056
25.64727522928399,-69.82130290435597,66.05623325985749,-15.538468288358276,17.33441695779252
11.54854677896884,-35.69144919709064,31.454757897949765,-6.724594483483003,-19.109814990203937
-15.597307394286824,-40.56003991630427,44.75588120562831,-19.271348877001564,-8.27188297663281
-40.07463743809964,27.10439641272118,-17.3191089060439,13.951167751469185,-10.760055421409469
-63.755692359777896,37.43977351986999,-29.54641804446827,18.466577211484097,-29.464720176329376
43.43934372054748,93.86581448843914,-72.84897970318714,-12.661955774620415,-32.075824953684126
43.56131198324914,8.593529551868093,-9.391614884987318,-15.239832154503162,16.228824940698576
-2.6745460006960933,-8.393208261187436,-1.7144008089284277,1.0460334324034424,-16.15335441930364
-238.77995658386467,-236.88718011116134,210.82478292983967,12.004433805824112,-4.088270905139915
83.69767508328901,55.251132870837836,-48.993436159549546,-20.313131603444607,-24.642078561153454
83.13511783160986,65.73894440305138,-56.72337263432326,-9.526542228041325,6.992897599974056
147.37722862630824,98.30648454346485,-88.71251603105416,-6.722411745442463,25.562524460921342
-50.7012566126314,-37.26781238234961,45.27309985957082,-5.2289236515377535,-50.99041641959981
124.69099844539907,92.74542853819781,-87.33660076539297,-16.183436300626475,-6.194254874794122
97.51703608460446,-36.257923608097876,24.055119601199685,-36.02040325795267,33.261558105445246
-80.46101448550418,-43.56929066971886,23.894960161537337,13.08152547212756,-33.72619869626873
-53.33816780817038,-124.04924699226518,100.99860442501648,2.908544537953125,12.89475101852084
102.31466971148018,146.93765826363304,-116.39383831795067,19.569275145416928,-0.6619442806056526
-120.62938726072882,-137.8210670288013,127.45334405887634,3.730274432961602,9.225479104628427
69.44128819584743,98.35574831211945,-76.85019852131721,1.165373093224506,-17.475758637644226
49.677835719889565,110.00141325763101,-92.41229809536041,12.875368146819419,3.82827034834063
19.288465873379824,10.266019130712158,-8.499012879490067,-5.931496069593226,-0.37437685034339974
-59.58420814929257,8.254443422084929,-1.1077368411651773,20.214640083413165,11.244454009922903
119.34942035615032,28.133668580395685,-25.642966286442636,-27.05834829014859,0.37701589793073864
-79.95694544632828,-37.06798915118918,28.10592306057511,-1.7605918429156784,-38.07688065324619
-9.483702207444153,51.39845502289444,-44.214411174981876,-1.0896372736872868,-21.687695535964266
30.363623181776994,24.467769271348807,-11.863831385883428,-3.1283988182941576,3.151090147632453
58.67598890844053,27.305717606882716,-30.21987476199947,-19.739533873688345,-4.473221262471622
-2.213764230750739,58.24098643267781,-50.69151397373645,17.960856563115527,-4.64696739326803
-137.17997663911038,-166.37556953809676,138.0905890554947,4.564654101235026,16.359086285693472
-78.21461284043046,37.191597660940594,-40.0978203414592,36.14037173219215,-8.289851405372378
120.1020829720134,122.10068606493243,-90.64435749025368,-13.546104641340307,10.763921290105607
-50.79383716249497,-2.6614283424794394,-4.7717587881848145,10.788233008893327,-10.949371060343145
-60.52563321244785,-153.58556494882603,124.79742027596185,4.696969834609322,53.498002387933326
184.73927340718333,216.84137759248634,-189.35436714521308,12.36170299734038,22.79733322550072
-53.579226473197416,-1.3018537333383877,-7.302446626733769,22.94190347074199,24.90171761952587
91.86021523794163,70.9228891227039,-69.05261783551622,-5.413011319673176,-5.5641418599381804
3.0572723036103966,29.358084619509853,-16.58062433489305,13.301261302267505,-35.86001709534041
-87.36065359307408,-37.76906923125059,32.031120538789175,4.9491860893710085,-63.20421083554393
46.336314667697835,27.36389967264239,-25.726526207361246,-0.4461410416823979,16.346894967165127
82.17217413664436,67.85339978530902,-67.09651295128184,-6.225387433926742,-18.841251018494983
-54.21149088638878,-41.4458856509265,44.19924316663011,-8.139332730086235,-10.603018445509672
-106.96488805104529,-8.123453600284192,0.7745773398682818,28.124369948351372,-29.798019179675784
-84.02664101759629,-69.17136220841479,43.9529581789259,14.116850670071056,-3.49925954171374
