year,state,household_income_1,household_income_4
1984,AL,,
1985,AL,0.024173318129988575,
1986,AL,0.026720106880427474,
1987,AL,-0.0021687269572761014,
1988,AL,-0.025211910454249087,0.022805017103762815
1989,AL,0.022073578595317667,0.020708082832331387
1990,AL,0.04646596858638752,0.040338321405335
1991,AL,0.00583698144673761,0.0486850684633775
1992,AL,0.03378238341968909,0.1121516164994425
1993,AL,-0.05152365677626303,0.032068062827225186
1994,AL,0.061086451067427605,0.04648738795080254
1995,AL,-0.06653386454183263,-0.028808290155440397
1996,AL,0.13593683311993177,0.0671611868484363
1997,AL,0.031936877700544875,0.16106531388712741
1998,AL,0.12015292190060078,0.22569721115537855
1999,AL,-0.020640338046481355,0.28595817328211703
2000,AL,-0.055426485230667066,0.06932181100882961
2001,AL,-0.02933942375263532,0.005825596213362427
2002,AL,0.05628959276018097,-0.0515195839427921
2003,AL,-0.029472241261137788,-0.060073016926651124
2004,AL,-0.040783898305084776,-0.045502459592410394
2005,AL,-0.014356709000552192,-0.03076923076923077
2006,AL,-0.00709617180205413,-0.08893077450308429
2007,AL,0.08444611623095732,0.018008474576271194
2008,AL,0.016302462712452392,0.07859377875943308
2009,AL,-0.09744027303754266,-0.012324929971988752
2010,AL,0.010020797882397403,0.004701899567425283
2011,AL,0.008985398727068494,-0.06520985084980924
2012,AL,0.0012987012987013546,-0.07901023890784986
2013,AL,0.07559755419677594,0.09756097560975618
2014,AL,-0.1190353143841516,-0.0426806439535754
2015,AL,0.05357841220179904,-0.00037105751391464104
2016,AL,0.05159613956941356,0.04984250509542343
2017,AL,0.058595128838687005,0.033247200689061174
2018,AL,-0.037679226408802946,0.1286664059444662
2019,AL,0.10897435897435903,0.1880103934669637
2020,AL,-0.036869239181377855,0.08806918460995417
2021,AL,-0.004217356042173548,0.023507835945315136
2022,AL,-0.024108160938263512,0.03794178794178804
1984,AK,,
1985,AK,0.03952665609369288,
1986,AK,-0.11301490435394912,
1987,AK,0.025138925641704057,
1988,AK,-0.03936499741868871,-0.09198487251433451
1989,AK,0.041918581217251116,-0.08989555216523881
1990,AK,0.04074790457769173,0.06787509923260115
1991,AK,-0.0027258084500061397,0.03884873515746001
1992,AK,0.00372717107715248,0.08544941555824259
1993,AK,0.002227998514667595,0.044100580270793
1994,AK,0.034210201309126775,0.03754181637963083
1995,AK,0.03260090757105316,0.07429494347123877
1996,AK,0.0722794032612466,0.14766679044436182
1997,AK,-0.10979292493528903,0.019389897492898545
1998,AK,0.04204022292221943,0.02710771435395265
1999,AK,-0.006743401930008108,-0.012027292702671444
2000,AK,-0.005969799836123113,-0.08412424503882654
2001,AK,0.061469618464437215,0.09207656893627325
2002,AK,-0.09130241846017306,-0.047668875712126524
2003,AK,-0.03784641679892564,-0.07749034297085333
2004,AK,0.03628981093769834,-0.038271314178049964
2005,AK,-0.013468838006612027,-0.10616818282671403
2006,AK,-0.019113814074717683,-0.035160542058356725
2007,AK,0.08870049348348719,0.09173962695089455
2008,AK,-0.02010692701069272,0.03232521121586873
2009,AK,-0.03344798956232953,0.01141864217450661
2010,AK,-0.07362866609399932,-0.044793116538023536
2011,AK,-0.03709100543118293,-0.15516039051603903
2012,AK,0.08721970009629931,-0.06262602301031905
2013,AK,0.12501581677843854,0.09105411706957911
2014,AK,-0.0799685074794736,0.08358723009670155
2015,AK,0.11149144254278731,0.2507910304030816
2016,AK,-0.0006599208095028342,0.14968999114260417
2017,AK,0.012106537530266248,0.03430435271622989
2018,AK,-0.13603740756850802,-0.028728606356968167
2019,AK,0.12385147891755821,-0.017927848658160994
2020,AK,-0.05633329600179193,-0.07263922518159804
2021,AK,0.03833372893425113,-0.04860809047411918
2022,AK,0.025717224825694274,0.12951541850220272
1984,AZ,,
1985,AZ,0.07794361525704807,
1986,AZ,0.050598290598290685,
1987,AZ,0.014643670680117182,
1988,AZ,-0.046985246953175075,0.09508015478164733
1989,AZ,0.034662628302204235,0.05111111111111111
1990,AZ,-0.023906326231907582,-0.023429873088187447
1991,AZ,0.01499500166611134,-0.02309172546504168
1992,AZ,-0.06861457649376235,-0.04526333501598523
1993,AZ,0.014099400775467119,-0.06423808749390147
1994,AZ,0.003823427181091521,-0.0376541152949017
1995,AZ,-0.03653047091412742,-0.08650689428759029
1996,AZ,-0.0012578616352201255,-0.020444131124427223
1997,AZ,0.013134220942785158,-0.02137643378519294
1998,AZ,0.1175634878351981,0.0895083102493075
1999,AZ,-0.022723661210869217,0.10512129380053903
2000,AZ,0.039512195121951255,0.15023389708528256
2001,AZ,0.04974190520882216,0.19179541822056478
2002,AZ,-0.08106094471762781,-0.020022246941045596
2003,AZ,0.014918112534457517,0.017723577235772447
2004,AZ,0.03914363316823777,0.017362740497419038
2005,AZ,0.002767527675276771,-0.0281627179257935
2006,AZ,0.002146580803434439,0.059834603534943964
2007,AZ,-0.013310893512851862,0.030356286946796596
2008,AZ,-0.04155683051635917,-0.04966174661746614
2009,AZ,-0.021032195437631462,-0.07221711131554742
2010,AZ,0.011403073872087166,-0.06364749082007348
2011,AZ,0.005555555555555536,-0.04574352612808186
2012,AZ,-0.05086122846928831,-0.05500728037534375
2013,AZ,0.10494778291388451,0.06660056189059649
2014,AZ,-0.07685156492097922,-0.026470588235294135
2015,AZ,0.06159785162806308,0.02778680532986666
2016,AZ,0.08316205533596843,0.17291559664441025
2017,AZ,0.027441249452634597,0.09064146265881634
2018,AZ,0.022730501491689203,0.20829137294394084
2019,AZ,0.1182108626198084,0.2727272727272727
2020,AZ,-0.060621118012422315,0.10378047000437896
2021,AZ,0.009918011108172475,0.08495524932518816
2022,AZ,-0.03823490899567894,0.020280594527017692
1984,AR,,
1985,AR,0.07655502392344493,
1986,AR,0.056140350877192935,
1987,AR,-0.027906976744186074,
1988,AR,0.033264980633401775,0.14202971543691767
1989,AR,0.01786108048511581,0.07976608187134504
1990,AR,0.013864818024263537,0.03654485049833878
1991,AR,-0.007478632478632452,0.05832763727500567
1992,AR,-0.006243272335844985,0.01786108048511581
1993,AR,-0.05870883882149047,-0.05870883882149047
1994,AR,0.08607594936708862,0.008333333333333304
1995,AR,-0.013562195380377173,0.0021528525296017342
1996,AR,0.023630504833512367,0.032279029462738196
1997,AR,-0.05582371458551938,0.03544303797468351
1998,AR,0.043342965103356335,-0.0052977325704598455
1999,AR,0.05112910097997436,0.05993555316863586
2000,AR,-0.032833400891771336,0.001469045120671586
2001,AR,0.09786253143336121,0.1644809957768394
2002,AR,-0.040465737736209206,0.07094162760971456
2003,AR,-0.032027053908891934,-0.013781921361978089
2004,AR,0.06637895602137278,0.08738474434199506
2005,AR,0.0183079591443438,0.008589425462874667
2006,AR,-0.017600302800908407,0.03262383131092106
2007,AR,0.07339626276247357,0.145088368269626
2008,AR,-0.06389088298636036,0.005203314704181894
2009,AR,-0.07342791411042948,-0.08535200605601811
2010,AR,0.04179598593006406,-0.030052013099595487
2011,AR,0.03813306852035758,-0.06191672648959079
2012,AR,-0.07308207384733112,-0.07112730061349692
2013,AR,-0.002889576883384981,-0.00041382164287195877
2014,AR,0.12481887807907266,0.0792452830188679
2015,AR,-0.046558704453441346,-0.00880045915439065
2016,AR,0.06311522872032427,0.13684210526315788
2017,AR,0.06499636891793759,0.21424135789691579
2018,AR,-0.019093078758949833,0.05888847994111157
2019,AR,0.07959680222453946,0.1989963327542945
2020,AR,-0.07855763039278818,0.03921568627450989
2021,AR,-0.04332634521313772,-0.06648482782134335
2022,AR,-0.01424397370343311,-0.06187000347584293
1984,CA,,
1985,CA,0.03184514517639703,
1986,CA,0.05779122541603621,
1987,CA,0.005148741418764313,
1988,CA,-0.03116107000569157,0.06290977208866688
1989,CA,0.04405933323542377,0.0754916792738276
1990,CA,-0.03826135884090587,-0.022168192219679583
1991,CA,-0.024133391838525697,-0.050654524758110386
1992,CA,0.011091127098321385,-0.00925245997943902
1993,CA,-0.04743551734361107,-0.09607539738359827
1994,CA,0.014783691254279585,-0.04621910194529766
1995,CA,0.023309308388284045,0.00014988009592320495
1996,CA,0.021729357110744862,0.010672991402312482
1997,CA,0.0013200352009385963,0.062402738873327035
1998,CA,0.017284312289439052,0.06502070234626589
1999,CA,0.04420446364290864,0.08676757080773267
2000,CA,0.037369001654715905,0.10340275740686411
2001,CA,-0.012760866675528337,0.08788633367511345
2002,CA,-0.008617207486198986,0.06018718502519804
2003,CA,0.018063289420073403,0.03364589078874802
2004,CA,-0.02601387406616862,-0.029509504187159363
2005,CA,0.021914806190932667,0.004577891477043128
2006,CA,0.0386007237635706,0.05242428358006257
2007,CA,-0.017679700606529902,0.01547491995731054
2008,CA,-0.013137151865475594,0.028900150664292523
2009,CA,-0.011448349307774275,-0.004691060179600637
2010,CA,-0.046054403447347125,-0.08581752484191507
2011,CA,-0.04658385093167705,-0.11271676300578037
2012,CA,0.048267693218833285,-0.057507987220447254
2013,CA,0.05338983050847457,0.00430918394828983
2014,CA,-0.018905872888173803,0.032891022021456884
2015,CA,0.052753860871942004,0.14050932780574477
2016,CA,0.038037128391535724,0.12937853107344632
2017,CA,0.03276638319159586,0.10726736390453206
2018,CA,-0.013320416565754445,0.11357113571135713
2019,CA,0.09180166912125665,0.1548747241334545
2020,CA,-0.016074640287769837,0.09467233616808413
2021,CA,0.004912601393807892,0.06514894647614433
2022,CA,-0.030241018644838524,0.046882670594010856
1984,CO,,
1985,CO,0.05630354957160333,
1986,CO,-0.05069524913093859,
1987,CO,-0.05813243820567593,
1988,CO,-0.045196824882553055,-0.09822521419828645
1989,CO,-0.020529351883271096,-0.16381807647740443
1990,CO,0.09336566776372779,-0.036924015868172066
1991,CO,-0.01093155893536124,0.011339705167665581
1992,CO,0.005766458433445365,0.0653206650831355
1993,CO,0.03599299251473154,0.12679715918932954
1994,CO,0.07348193697156025,0.10630544993662872
1995,CO,0.05112415867105824,0.17571680281915736
1996,CO,-0.019891008174386937,0.14572384137601535
1997,CO,0.03350013900472626,0.14296694850115288
1998,CO,0.06334902488231342,0.13217814692825436
1999,CO,0.012901593726283744,0.09100817438692088
2000,CO,-0.031968031968031996,0.07756463719766482
2001,CO,0.0012899896800826482,0.043981170141224046
2002,CO,-0.03426951816542123,-0.05185934733114095
2003,CO,0.012940234791888994,-0.05182317682317683
2004,CO,-0.005926511260371359,-0.02631578947368418
2005,CO,-0.0365659777424483,-0.06312805977840763
2006,CO,0.07288228822882292,0.040821771611526225
2007,CO,0.07036657267367352,0.09982878967470032
2008,CO,-0.038558256496228016,0.06372549019607843
2009,CO,-0.07846556233653013,0.017464246424642393
2010,CO,0.06230571698878218,0.007433991284286012
2011,CO,-0.05597964376590325,-0.1114836546521375
2012,CO,-0.04191374663072778,-0.11458463071366298
2013,CO,0.17189478126318747,0.12596296796864448
2014,CO,-0.11523226503420958,-0.06221374045801531
2015,CO,0.09361009361009365,0.08638814016172502
2016,CO,0.050365959558367424,0.19102546068364035
2017,CO,0.04428959489783857,0.06133717440883446
2018,CO,-0.04523863379325943,0.14529914529914523
2019,CO,-0.021795782989812884,0.0244386552536906
2020,CO,0.14361830951804322,0.11538915790716908
2021,CO,-0.029966116052520086,0.03607781045012448
2022,CO,-0.018338609322126387,0.06526889362710264
1984,CT,,
1985,CT,0.003954132068010985,
1986,CT,0.03544702638834196,
1987,CT,-0.028527957398250314,
1988,CT,0.06264682850430692,0.07315144325820477
1989,CT,0.11950380741832478,0.19666535381383743
1990,CT,-0.12419089413055406,0.012171928489920214
1991,CT,0.04647375673305776,0.09031584442704266
1992,CT,-0.05506344266219776,-0.030459346597887516
1993,CT,-0.05586521408664813,-0.1823368074602304
1994,CT,0.01771098886354494,-0.049855943880746545
1995,CT,-0.04337508239947263,-0.13143404357194155
1996,CT,0.019707828004410066,-0.06270585254623762
1997,CT,0.022435464251925996,0.015027505702401633
1998,CT,0.04309319233311304,0.04034278180619655
1999,CT,0.06577113166898996,0.1590407938257994
2000,CT,-0.04137931034482756,0.08960670360859568
2001,CT,0.039816422723889744,0.10812954395241237
2002,CT,-0.01157103662173442,0.05005702699277648
2003,CT,0.008568670045860483,-0.006302021403091551
2004,CT,-0.022017470384109172,0.013768295708260991
2005,CT,0.002447081854888067,-0.022664917094118997
2006,CT,0.06700842182350786,0.05503258508327291
2007,CT,0.0021734156943491456,0.04834270671293517
2008,CT,-0.027279990868622317,0.04270157836779642
2009,CT,0.0066885707580379705,0.047113389478823375
2010,CT,0.003846602168084967,-0.01487073896133606
2011,CT,-0.03866697631212257,-0.05501655062207511
2012,CT,-0.03647783548737771,-0.06395212391457405
2013,CT,0.06568885545944592,-0.009091968760927882
2014,CT,-0.0016468650746971347,-0.0145146307477938
2015,CT,0.039589961117002526,0.06570841889117052
2016,CT,0.032528618383769636,0.14203334586937455
2017,CT,-0.038199780461031785,0.03070227032113859
2018,CT,-0.03948870120976944,-0.008365735831271315
2019,CT,0.18132129277566533,0.12682760965657947
2020,CT,-0.09937638302152485,-0.017124039517014245
2021,CT,-0.025016752289479527,-0.0036521342159324677
2022,CT,0.039289805269186795,0.07806558935361219
1984,DE,,
1985,DE,-0.13927534016205478,
1986,DE,0.09715808170515094,
1987,DE,0.10377205763315533,
1988,DE,0.005866823115282971,0.04846353768536926
1989,DE,0.007144940215806361,0.2268206039076377
1990,DE,-0.08397278123642682,0.024283632831471502
1991,DE,0.020704915441757565,-0.052801408037547626
1992,DE,0.06782285537318056,0.005540974044911051
1993,DE,-0.013631090487238984,-0.015201969016939376
1994,DE,-0.026609820640987936,0.04646752015173061
1995,DE,-0.04878417157529069,-0.02477547228244037
1996,DE,0.09637980311209904,0.0013051044083527419
1997,DE,0.07183200579290361,0.08806233460746848
1998,DE,-0.049587893527901605,0.062377284398127175
1999,DE,0.10193346602217801,0.2307081613210542
2000,DE,0.04412333892400988,0.1720492396813902
2001,DE,-0.036821944890646274,0.05323604918254299
2002,DE,-0.01141757536882615,0.09553596815467724
2003,DE,-0.032831559823514156,-0.03844665204489739
2004,DE,-0.04374077552663358,-0.11936241196095387
2005,DE,0.03634067630138915,-0.05246953175112257
2006,DE,-0.00541565123206067,-0.04671684401764864
2007,DE,0.014974135583991188,0.0004025224741714961
2008,DE,-0.10407725321888417,-0.06271923670548618
2009,DE,0.03203592814371259,-0.0666125101543461
2010,DE,0.045111691325790515,-0.019194119248570618
2011,DE,-0.039833448993754295,-0.07215665236051505
2012,DE,-0.12098872506504765,-0.08967065868263469
2013,DE,0.09126788357178106,-0.03742384682332467
2014,DE,0.048523206751054815,-0.03428174878556556
2015,DE,0.0047427421672894265,0.0105521827117665
2016,DE,-0.003719067372335849,0.14537082716658434
2017,DE,0.09978463747307975,0.1543098251959012
2018,DE,-0.019060052219321166,0.07990801954584659
2019,DE,0.12470055895661436,0.2088399370619367
2020,DE,-0.06602768903088396,0.13323761665470202
2021,DE,-0.061573546180159644,-0.03302872062663187
2022,DE,0.09018496017280953,0.07466063348416285
1984,DC,,
1985,DC,-0.0011605415860734825,
1986,DC,0.13516653756777686,
1987,DC,0.09194814056635958,
1988,DC,-0.0607717544133729,0.16286266924564807
1989,DC,-0.04158349966733199,0.11580170410534474
1990,DC,-0.023602915654286738,-0.04025929716820198
1991,DC,0.0527906150017774,-0.07467583190126548
1992,DC,-0.013000168833361525,-0.027611443779108402
1993,DC,-0.11905576462538492,-0.10621312044429021
1994,DC,0.07941747572815538,-0.01190899395662992
1995,DC,-0.002698327037236936,-0.06398784399797397
1996,DC,0.01298701298701288,-0.03934314060896338
1997,DC,-0.024394586894586845,0.06388349514563108
1998,DC,0.035407921153495225,0.020507285483000626
1999,DC,0.13308655032610606,0.1594516594516595
2000,DC,0.030491599253267054,0.17948717948717952
2001,DC,-0.023399758454106245,0.18068990691732068
2002,DC,-0.06260627608594838,0.06892296844702983
2003,DC,0.12945250659630614,0.06549471064094581
2004,DC,-0.05898671338881589,-0.027022946859903363
2005,DC,0.006361520558572531,0.0026279177616324034
2006,DC,0.04702436016034528,0.11988786279683383
2007,DC,0.021351789132675547,0.012702584318878607
2008,DC,0.05594002306805068,0.13638479441427465
2009,DC,-0.04014199890770076,0.083872957138452
2010,DC,0.05675675675675684,0.09394787218377254
2011,DC,-0.05868892179297347,0.008217993079584707
2012,DC,0.1584441584441585,0.10608956854178042
2013,DC,-0.09048265646216513,0.04807965860597441
2014,DC,0.12092833876221509,0.11172432359671558
2015,DC,0.02700084756023724,0.21292721292721284
2016,DC,0.004126385286489009,0.05135168497716336
2017,DC,0.12527885405659278,0.3007600434310531
2018,DC,0.034119365609348806,0.20002421600678044
2019,DC,0.07052769649883972,0.2508842254185333
2020,DC,-0.06277097078228089,0.16754725842432783
2021,DC,-0.017095736122284766,0.01982470784641066
2022,DC,0.04051565377532218,0.026132579961658742
1984,FL,,
1985,FL,0.0432960893854748,
1986,FL,0.05316504111684828,
1987,FL,0.036862175413110654,
1988,FL,0.00035026269702287394,0.13966480446927365
1989,FL,-0.016456582633053274,0.07439280933256831
1990,FL,-0.024385902456390163,-0.004721263846014123
1991,FL,-0.014595876664842189,-0.05411558669001748
1992,FL,-0.021292353267913344,-0.07457983193277307
1993,FL,0.018728717366628844,-0.04147383410466354
1994,FL,0.004085422469823685,-0.013501185914979064
1995,FL,-0.0081375994081746,-0.007035734123310489
1996,FL,0.0037292560134252195,0.018350359440030273
1997,FL,0.036968233327141053,0.036583101207056545
1998,FL,0.06108921533500533,0.09543184760495649
1999,FL,0.005571500928583495,0.11057244079806083
2000,FL,0.04835460040295492,0.15994798439531865
2001,FL,-0.0834401024983985,0.025259763525617984
2002,FL,0.03127730211427582,-0.003545500590916739
2003,FL,0.0038969840731954974,-0.005204835460040247
2004,FL,0.014683544303797369,-0.03715566944266491
2005,FL,0.030771789753825773,0.08282369386685295
2006,FL,0.03259641762142973,0.08420874279905122
2007,FL,-0.02250351617440227,0.055696202531645644
2008,FL,-0.05515587529976018,-0.01696606786427146
2009,FL,0.02131979695431463,-0.02598031305470394
2010,FL,-0.047382372432074216,-0.10142209720268791
2011,FL,-0.007130434782608663,-0.08729016786570742
2012,FL,0.0021019442984759884,-0.031979695431472055
2013,FL,0.04072714560391533,-0.013585155732273035
2014,FL,-0.06264696002687264,-0.029391304347826108
2015,FL,0.05895000895896785,0.03520756699947447
2016,FL,0.03891708967851093,0.07323894424051747
2017,FL,0.019543973941368087,0.05139402082633526
2018,FL,0.008945686900958538,0.13169682852535392
2019,FL,0.052564914502849946,0.12487309644670042
2020,FL,-0.0206077015643803,0.060423452768729735
2021,FL,-0.010751036707111084,0.0289137380191693
2022,FL,0.014904517931998207,0.03499050031665618
1984,GA,,
1985,GA,0.01876728565784269,
1986,GA,0.13903432228039558,
1987,GA,0.06026557711950975,
1988,GA,-0.040944123314065495,0.17996839193994463
1989,GA,-0.006864222333835546,0.15028117122357965
1990,GA,-0.045684423465947366,-0.03626149131767109
1991,GA,-0.04734145910616494,-0.1340719332048812
1992,GA,0.032078620433895866,-0.06813996316758753
1993,GA,0.07294286740927047,0.006743088334457248
1994,GA,-0.02746148693904893,0.02596714361420238
1995,GA,0.058539944903581276,0.1399962914889672
1996,GA,-0.07140533506831492,0.025691699604743157
1997,GA,0.10439656682431253,0.05576021433355649
1998,GA,0.04044409199048382,0.12947658402203865
1999,GA,-0.0009146341463414087,0.0660377358490567
2000,GA,0.02731156545620994,0.17936591346995967
2001,GA,-0.006237932570919313,0.0612212529738303
2002,GA,-0.0038858167687938483,0.016006097560975707
2003,GA,-0.031957989497374384,-0.015563014952700627
2004,GA,-0.057811531308121555,-0.09713352146145848
2005,GA,0.08899490047705205,-0.010611268868629509
2006,GA,0.04410876132930519,0.03705926481620403
2007,GA,-0.03877314814814814,0.029758214507129566
2008,GA,-0.08323299217338953,0.0019740088830400015
2009,GA,-0.058775242160564733,-0.13398791540785493
2010,GA,0.004186289900575568,-0.16710069444444442
2011,GA,0.010769498002431765,-0.1241721854304636
2012,GA,0.02680873002234052,-0.01904449187325563
2013,GA,-0.035146443514644354,0.005581719867434165
2014,GA,0.03972246313963579,0.04116727462219916
2015,GA,0.02519185852519179,0.05602337171335292
2016,GA,0.0452400325467861,0.07497907949790794
2017,GA,0.06445586174684736,0.185949696444059
2018,GA,-0.05631124762322659,0.07640974307640969
2019,GA,-0.000309981401115933,0.04963384865744502
2020,GA,0.03581395348837213,0.04016814572629612
2021,GA,-0.007483909594372062,-0.030130174052947156
2022,GA,0.02141456793847074,0.0497520148791073
1984,HI,,
1985,HI,-0.03007518796992481,
1986,HI,-0.014658210007047257,
1987,HI,0.16793019596624226,
1988,HI,-0.09063074096754442,0.015037593984962516
1989,HI,0.016296296296296253,0.06356589147286829
1990,HI,0.05936920222634501,0.14347017594049483
1991,HI,-0.07655741806354766,-0.09589712186160437
1992,HI,0.10268219994581407,0.09629629629629632
1993,HI,-0.011547911547911571,0.06626027034190307
1994,HI,-0.03069848371861794,-0.02439329497122844
1995,HI,-0.009360174381330966,0.04659983744242746
1996,HI,-0.050220036241263255,-0.09852579852579857
1997,HI,-0.04061052057781411,-0.12503107133979618
1998,HI,-0.01605113636363631,-0.11180920630850111
1999,HI,0.06799480294499793,-0.042454051255500946
2000,HI,0.11962692619626925,0.12878168438266568
2001,HI,-0.09996378123868166,0.058948863636363535
2002,HI,-0.015157612340710891,0.05991049516385161
2003,HI,0.07341323889948237,0.06528791565287917
2004,HI,0.05849511483314296,0.007123023059278033
2005,HI,0.029609206425317725,0.15211267605633805
2006,HI,-0.0137385027360577,0.15377281394715347
2007,HI,0.03222760004721992,0.10950387006725038
2008,HI,-0.07296431838975292,-0.028290577799088945
2009,HI,-0.09178386380458914,-0.1428571428571429
2010,HI,0.055419722901385526,-0.08275292173297133
2011,HI,-0.038223938223938214,-0.1453568161024703
2012,HI,-0.06516793790980868,-0.13816925734024177
2013,HI,0.1279702261666189,0.07036131486009234
2014,HI,0.093274111675127,0.10875160875160872
2015,HI,-0.09355774811375506,0.04496186270574065
2016,HI,0.10833653476757577,0.23890638419696542
2017,HI,0.002657423454650587,0.10126903553299482
2018,HI,0.06695091034800638,0.07475333720255373
2019,HI,0.0821903013284373,0.2831348444102959
2020,HI,-0.09071856287425151,0.05268630849220113
2021,HI,-0.027219844144440786,0.02131827610048398
2022,HI,0.026853209974049497,-0.017064477805378564
1984,ID,,
1985,ID,-0.04810031817331084,
1986,ID,-0.016712544239087745,
1987,ID,-0.0323935212957408,
1988,ID,0.08948129778879932,-0.013288414748268806
1989,ID,0.007207890743550882,0.044042469524184114
1990,ID,-0.021280602636534862,0.03919216156768646
1991,ID,-0.0040407927650567554,0.06964248811737961
1992,ID,0.03458268933539421,0.015743550834597775
1993,ID,0.09225023342670391,0.10150659133709983
1994,ID,-0.004787143101384839,0.12006927073311524
1995,ID,0.012197216973028668,0.1383307573415764
1996,ID,0.03479293957909024,0.13856209150326793
1997,ID,-0.05773331146465477,-0.017780817233715163
1998,ID,0.0832027850304613,0.06906029891771182
1999,ID,-0.04370882211152183,0.010013577732518764
2000,ID,0.015627625609141216,-0.008692799737575863
2001,ID,-0.005790866975512898,0.04595300261096602
2002,ID,-0.025794641371276406,-0.0592961594086453
2003,ID,0.10044414075845576,0.08250714165686435
2004,ID,0.0212666873641727,0.08851753805426865
2005,ID,-0.03207174342605257,0.05974371775669818
2006,ID,0.016645728643216007,0.10591048855483431
2007,ID,0.03768921841211004,0.04284383731760322
2008,ID,-0.06996129800535877,-0.05031159750721992
2009,ID,-0.009603072983354721,-0.02826633165829151
2010,ID,-0.007756948933419494,-0.05159097930182266
2011,ID,-0.021661237785016274,-0.10583506996129799
2012,ID,-0.009488929582154193,-0.047695262483994916
2013,ID,-0.0006722689075630006,-0.03910795087265673
2014,ID,0.08711738984191042,0.05276872964169388
2015,ID,-0.033261138613861374,0.04028633261195269
2016,ID,0.08609377500400073,0.14067226890756301
2017,ID,0.033740975394135786,0.17995290951900444
2018,ID,-0.03249714937286208,0.05012376237623761
2019,ID,0.10724808485562765,0.20275244039046258
2020,ID,0.0007982969664714901,0.10829527036982456
2021,ID,0.10263227864929547,0.1821550741163056
2022,ID,-0.12490957318543527,0.06923983500294639
1984,IL,,
1985,IL,0.012630879175668852,
1986,IL,0.048744460856720906,
1987,IL,-0.011737089201877882,
1988,IL,0.05114806017418849,0.1032075785275055
1989,IL,0.015516721904188069,0.10635155096011806
1990,IL,-0.008455718736092521,0.04600938967136159
1991,IL,-0.05460801915020941,0.0006334125098970134
1992,IL,-0.03497388827346104,-0.08134980415787885
1993,IL,0.016234831092161395,-0.08070019284972552
1994,IL,0.04486041633048243,-0.03126870137642135
1995,IL,0.060231660231660156,0.08640607691090363
1996,IL,0.012090313182811396,0.1393899639225975
1997,IL,0.021876799078871523,0.1457156688720349
1998,IL,0.03183098591549305,0.13142857142857145
1999,IL,0.05118755118755125,0.12177713037144944
2000,IL,-0.03882612647708095,0.06534254461715605
2001,IL,-0.019859497433126205,0.02183098591549304
2002,IL,-0.08628532046864235,-0.09514059514059514
2003,IL,0.03560114647759849,-0.10855733021685499
2004,IL,-0.004515659140568062,-0.07673601729262358
2005,IL,0.02092478782557805,-0.038318401102687805
2006,IL,-0.022789164397305384,0.028511087645195277
2007,IL,0.05177471399237321,0.04457392571012386
2008,IL,-0.02161483754009208,0.026631548141644812
2009,IL,-0.003135689851767376,0.0024365773254979572
2010,IL,-0.053474406634257954,-0.029040774420651227
2011,IL,-0.031873111782477315,-0.10626133035838792
2012,IL,0.0023404587299109547,-0.08437856328392246
2013,IL,0.03004358655043582,-0.05390334572490707
2014,IL,0.003929273084479323,0.0034743202416918084
2015,IL,0.10085804606352555,0.1410516461226401
2016,IL,0.007110624914535846,0.1464819427148194
2017,IL,0.05621181262729125,0.17560828169865506
2018,IL,0.04229335390152977,0.2205328917657685
2019,IL,0.0451406018746916,0.1587583754956925
2020,IL,-0.011210762331838597,0.1376782077393075
2021,IL,0.01993077932927556,0.09859879161845986
2022,IL,-0.08705827287619938,-0.03774050320670941
1984,IN,,
1985,IN,-0.03692787794729546,
1986,IN,-0.013861386138613874,
1987,IN,-0.041621029572836754,
1988,IN,0.12590476190476196,0.02479195561719827
1989,IN,-0.05633564540686853,0.0041404140414040835
1990,IN,-0.008425959125134441,0.009675063891931401
1991,IN,-0.029289459410594798,0.022666666666666613
1992,IN,0.027006891413670964,-0.06716291659617657
1993,IN,0.008161044613710589,-0.003406238795267136
1994,IN,-0.07501349163518622,-0.07033086241186037
1995,IN,0.17075068066900045,0.12125162972620607
1996,IN,0.0255813953488373,0.11969532100108804
1997,IN,0.08325234855847108,0.20309408166936493
1998,IN,0.007924641148325362,0.3109684947491249
1999,IN,0.006972259308707818,0.1275747508305647
2000,IN,-0.03270477312905129,0.06349206349206349
2001,IN,-0.0336582394151691,-0.05128588516746413
2002,IN,0.004097714736012614,-0.054887998813232475
2003,IN,0.012399937215507695,-0.0497937536829699
2004,IN,-0.026511627906976698,-0.04371002132196167
2005,IN,-0.025800286669851902,-0.035933806146572156
2006,IN,0.039888834395945816,-0.0015696123057604705
2007,IN,0.018864958339883664,0.004806201550387579
2008,IN,-0.05431260607930877,-0.0238891543239369
2009,IN,-0.04372654592918912,-0.04185058034984468
2010,IN,0.02729909571745437,-0.05345071529633705
2011,IN,-0.06576980568011959,-0.1320783829655917
2012,IN,0.01884444444444444,-0.0649371838799152
2013,IN,0.05862851160355964,0.03514758573622245
2014,IN,-0.04186583154771717,-0.03454575651885072
2015,IN,0.08257354206089795,0.1187555555555555
2016,IN,0.06960114412839657,0.17448961786773687
2017,IN,0.029416134303966723,0.1420801054887093
2018,IN,-0.0008659258190214514,0.1909513160158265
2019,IN,0.09721219124656932,0.20705545844589235
2020,IN,-0.008557135334386512,0.11885306789481498
2021,IN,0.005045810649316085,0.09236542069562703
2022,IN,-0.07477870260272168,0.011555683952043871
1984,IA,,
1985,IA,0.018879173290937912,
1986,IA,0.055783109030622224,
1987,IA,-0.04415296508405686,
1988,IA,0.056242752222651626,0.08604928457869643
1989,IA,0.035132662397072245,0.10337429295884526
1990,IA,-0.009192151316952502,0.03547016441899142
1991,IA,0.009634255129348901,0.09373792037108619
1992,IA,-0.01837780526594801,0.01646843549862753
1993,IA,-0.026822682268226816,-0.044369807318366594
1994,IA,0.12948575656677774,0.08938447814451389
1995,IA,0.048804454634785444,0.13164870118395466
1996,IA,-0.08900687070580882,0.05022502250225025
1997,IA,-0.00411381556393553,0.07473177950425458
1998,IA,0.08106712564543894,0.02866033409760882
1999,IA,0.08772488457252026,0.06683322923173018
2000,IA,-0.035860655737704916,0.1290709633184779
2001,IA,-0.022468498557765337,0.10826161790017208
2002,IA,-0.010560646063053292,0.014328928514567796
2003,IA,-0.012399937215507806,-0.07903981264637006
2004,IA,0.022886204704386515,-0.02292394109609841
2005,IA,0.04148539465506529,0.04100015530361856
2006,IA,0.005818290317768149,0.0582326165437137
2007,IA,-0.009196084247997671,0.06166560712015268
2008,IA,-0.01107784431137726,0.02641392169049106
2009,IA,0.015743263699667054,0.0010443085185738443
2010,IA,-0.04679582712369601,-0.05132008306140612
2011,IA,-0.0062539086929330745,-0.048502994011976
2012,IA,0.044052863436123246,0.004541326067211582
2013,IA,0.11211573236889683,0.09985096870342769
2014,IA,-0.05243902439024395,0.09333958724202618
2015,IA,0.05333905333905342,0.15890497168030215
2016,IA,-0.0374694542492533,0.06841470765521396
2017,IA,0.05557122708039497,0.014092140921409202
2018,IA,0.06133083912346349,0.13585013585013583
2019,IA,-0.05275084980485967,0.021449904968775524
2020,IA,0.030967570441254644,0.09407616361071924
2021,IA,0.006832538352455897,0.04355959380010699
2022,IA,-0.022791293213828445,-0.03915397205086235
1984,KS,,
1985,KS,-0.10514505529732332,
1986,KS,0.0329571914741178,
1987,KS,0.0343332755332062,
1988,KS,-0.03637887678122376,-0.07869850937650269
1989,KS,0.006437021572720969,0.03618126455310766
1990,KS,0.06222990492653424,0.06554534419975733
1991,KS,-0.05516680227827497,-0.026655490360435907
1992,KS,0.01016190148122642,0.02035490605427981
1993,KS,-0.04262574595055413,-0.029386343993085595
1994,KS,-0.06892252894033835,-0.14922701383238401
1995,KS,0.04648048967100227,-0.057698932139166326
1996,KS,0.04624383110948638,-0.024040920716112524
1997,KS,0.09573724668064298,0.11700801424755114
1998,KS,-0.006855867346938771,0.1914690130068859
1999,KS,-0.003371327660940726,0.13471029062328643
2000,KS,0.06282216494845372,0.15269042627533191
2001,KS,-0.013640497120339545,0.03762755102040827
2002,KS,0.0164413030116779,0.061968213196339716
2003,KS,0.016628873771730834,0.08327963917525771
2004,KS,-0.09427509293680303,-0.07684146711124584
2005,KS,-0.005417829584633105,-0.06914566687154267
2006,KS,0.053317926708484675,-0.03537414965986396
2007,KS,0.038081805359661436,-0.015018587360594804
2008,KS,-0.047705314009661826,0.03562633393531445
2009,KS,-0.062301838934686105,-0.023605150214592308
2010,KS,0.01606086221470826,-0.05814135715405111
2011,KS,-0.02811980033277872,-0.11820652173913049
2012,KS,0.06300291046053763,-0.015694356372859875
2013,KS,-0.05508133354807543,-0.00811496196111583
2014,KS,0.10192602693028796,0.07570715474209644
2015,KS,0.0272235112142305,0.13696284882725562
2016,KS,0.026351453094413557,0.09776131422129164
2017,KS,-0.01569835680751175,0.14351457303562287
2018,KS,0.1015054404531226,0.14307811291569994
2019,KS,0.12746955345060895,0.25463032675801833
2020,KS,-0.011281805088814156,0.20862676056338025
2021,KS,-0.005462490895848493,0.2211954091518855
2022,KS,-0.10850726229708285,-0.011637347767253003
1984,KY,,
1985,KY,-0.050457691448984154,
1986,KY,0.12626381377850926,
1987,KY,0.006263048016701411,
1988,KY,-0.0713692946058091,-0.0006697923643670389
1989,KY,0.12042001787310097,0.17916764636727023
1990,KY,0.014955134596211339,0.06263048016701456
1991,KY,-0.07465618860510803,-0.022821576763485507
1992,KY,-0.036305732484076425,0.014075067024128751
1993,KY,0.012998457810090347,-0.08315054835493518
1994,KY,0.06763810352327093,-0.03555992141453834
1995,KY,0.09492768384599715,0.14118895966029732
1996,KY,0.059348837209302285,0.254461335095836
1997,KY,0.010361784334387059,0.25119617224880386
1998,KY,0.06918129671475759,0.2530046852719494
1999,KY,-0.08827832872703623,0.04334883720930227
2000,KY,0.03905135520684744,0.02335792061819464
2001,KY,0.0365539728848463,0.049887015470189366
2002,KY,-0.05529801324503314,-0.07234596000650306
2003,KY,-0.01577287066246058,0.0014265335235377208
2004,KY,-0.05947293447293445,-0.09353011841427838
2005,KY,0.0015145778114351582,-0.1241721854304636
2006,KY,0.04555765595463135,-0.03066947073256221
2007,KY,-0.025673476767311465,-0.040420227920227925
2008,KY,0.0059380218964557585,0.026315789473684292
2009,KY,0.04113632171186121,0.0669187145557657
2010,KY,-0.04961020552799433,-0.030193455071415687
2011,KY,-0.05965697240865031,-0.06401929857116351
2012,KY,0.011498810467882592,-0.05884523150710197
2013,KY,0.07918463347706783,-0.024450744153082904
2014,KY,-0.0601162368325463,-0.03523489932885904
2015,KY,-0.008502415458937151,0.017248215701823888
2016,KY,0.06100175404404595,0.06703253626029015
2017,KY,0.07586333578251292,0.0637486378496186
2018,KY,0.0766604063513745,0.21855072463768122
2019,KY,0.005391690453536269,0.23562658351198595
2020,KY,0.009148264984227161,0.1752387950036738
2021,KY,-0.0625195373554236,0.024073757896533987
2022,KY,-0.06835611870623537,-0.11385981604820805
1984,LA,,
1985,LA,0.08104166666666668,
1986,LA,-0.029678165349778407,
1987,LA,-0.011519364448858038,
1988,LA,-0.07414104882459316,-0.040000000000000036
1989,LA,0.06857638888888884,-0.05106957024474845
1990,LA,-0.06539398862713242,-0.08599801390268125
1991,LA,0.08952629291612335,0.007434197307615076
1992,LA,-0.019345831671320313,0.06705729166666674
1993,LA,0.009355297945901953,0.007920389926888705
1994,LA,-0.04513399153737663,0.02976966536288561
1995,LA,0.06330449461911791,0.004986039090546512
1996,LA,0.054971224449295475,0.0811470408785846
1997,LA,0.07599699021820916,0.15252871247229494
1998,LA,-0.058741258741258795,0.1361046634311036
1999,LA,0.008172362555720625,0.0771978567176026
2000,LA,-0.09064112011790715,-0.07148231753197898
2001,LA,0.060777957860615794,-0.08461538461538465
2002,LA,0.008021390374331583,-0.019687964338781616
2003,LA,-0.034861690034103776,-0.06153279292557112
2004,LA,0.060659599528857466,0.09461102106969199
2005,LA,-0.0064778826577827076,0.025210084033613356
2006,LA,-0.04787630402384502,-0.03164077302008339
2007,LA,0.10408921933085491,0.1077738515901061
2008,LA,-0.07620060251639194,-0.035165648713677555
2009,LA,0.1528870132361404,0.11959761549925485
2010,LA,-0.14675540765391015,0.003326159264331885
2011,LA,0.0035101404056161467,-0.08807371965266697
2012,LA,-0.056937427127866314,-0.06905812392096677
2013,LA,0.1735009272614878,-0.05241264559068215
2014,LA,-0.09938542581211585,0.00019500780031211917
2015,LA,0.08383700526418414,0.08025650991061029
2016,LA,-0.0892246806979673,0.04327220276117871
2017,LA,0.014615840410823644,-0.0979806848112379
2018,LA,0.1243916682888846,0.12614544745564427
2019,LA,0.019563711911357418,0.05936319481921215
2020,LA,-0.020207165902530133,0.13964052933043658
2021,LA,0.06915077989601381,0.20089546427876193
2022,LA,-0.05446587777597667,0.009868421052631637
1984,ME,,
1985,ME,-0.03899827948766965,
1986,ME,0.12313507061865914,
1987,ME,-0.025504782146652527,
1988,ME,0.07888040712468203,0.1347734658765054
1989,ME,0.023921832884097105,0.20907101651084137
1990,ME,-0.07189865087199732,-0.0008855827134254257
1991,ME,-0.020918276901258692,0.003816793893129722
1992,ME,0.036393264530146574,-0.0357142857142857
1993,ME,-0.09591194968553463,-0.14856860809476802
1994,ME,0.08135265700483085,-0.007977308987768161
1995,ME,0.09095782701929944,0.10537751222161873
1996,ME,-0.0016380016380016515,0.06481481481481488
1997,ME,-0.07530762920426581,0.08908212560386475
1998,ME,0.07292405961674953,0.08059328091493922
1999,ME,0.06829832975028949,0.05814905814905824
2000,ME,-0.0730650154798762,-0.017555373256767814
2001,ME,-0.039245156980627915,0.020759403832505408
2002,ME,-0.005736137667303964,-0.054076401521415574
2003,ME,-0.013461538461538414,-0.1264705882352941
2004,ME,0.0863016126174021,0.02371409485637943
2005,ME,0.03295269168026094,0.10064314270815222
2006,ME,0.009791535060012624,0.11783216783216788
2007,ME,0.023146700031279277,0.1593124224703173
2008,ME,-0.04891470498318562,0.01500815660685162
2009,ME,0.009964641594342627,-0.00758054327226787
2010,ME,-0.00461489497135581,-0.021739130434782594
2011,ME,0.005435651478816972,-0.038673188627331045
2012,ME,-0.029416441405628824,-0.0189649630343941
2013,ME,0.10452162516382701,0.07288351368555057
2014,ME,-0.07223375852862657,0.0
2015,ME,-0.017745803357314127,-0.023056129750357757
2016,ME,-0.0068359375,-0.000327653997378774
2017,ME,0.03031792854801707,-0.0674873924651439
2018,ME,0.0785748369651662,0.08409272581934446
2019,ME,0.11782922872732637,0.23372395833333326
2020,ME,-0.05277044854881263,0.17666338905276957
2021,ME,0.06838440111420607,0.22013679020200416
2022,ME,-0.02020597053839135,0.10839109275918002
1984,MD,,
1985,MD,-0.019000797236247702,
1986,MD,-0.000812677773262882,
1987,MD,0.1051918123898603,
1988,MD,0.00797252545075433,0.09194791389848533
1989,MD,-0.0560963738135799,0.0506569145333875
1990,MD,0.028877143225473745,0.08187610139623147
1991,MD,-0.08244580879589025,-0.10180301729424757
1992,MD,-0.018025399426464528,-0.1249695789729861
1993,MD,0.04755944931163958,-0.028877143225473745
1994,MD,-0.0395592725341829,-0.0934719959904774
1995,MD,0.022805805114028965,0.010514816332104271
1996,MD,0.044324324324324316,0.07467667918231125
1997,MD,0.03894927536231885,0.06584362139917688
1998,MD,0.05691866982189553,0.1729094678645473
1999,MD,0.022625500824888123,0.1727027027027026
2000,MD,0.009794883613735816,0.1339285714285714
2001,MD,-0.04005477576172545,0.04770207996014442
2002,MD,0.040775083214455554,0.03169926938486922
2003,MD,-0.09149057681324957,-0.08342936160405623
2004,MD,0.06487301986421934,-0.03343603788656857
2005,MD,0.029870129870129825,0.03697099381835467
2006,MD,0.022469333944743708,0.018732153055396994
2007,MD,0.005045408678102881,0.1269801357807392
2008,MD,-0.0635876840696118,-0.008972845336481683
2009,MD,0.011555873242792503,-0.026596354465206917
2010,MD,-0.0133082086915558,-0.0606570243300818
2011,MD,0.04046311768918587,-0.027554663096831744
2012,MD,0.023287828381323816,0.06266380748153444
2013,MD,-0.04618834080717493,0.0020021198916500005
2014,MD,0.08286318758815225,0.09966579135831943
2015,MD,-0.03299685227396065,0.02202592635080869
2016,MD,-0.0066225165562914245,-0.007847533632286963
2017,MD,0.09378531073446328,0.1377527033380348
2018,MD,0.02954545454545454,0.08173233474438302
2019,MD,0.0927152317880795,0.22235941183073304
2020,MD,-0.018365472910927494,0.20790960451977392
2021,MD,-0.017773620205799867,0.084710743801653
2022,MD,0.030476190476190546,0.08569135059201294
1984,MA,,
1985,MA,0.012007614584858661,
1986,MA,0.05816813775141072,
1987,MA,0.02789552851087107,
1988,MA,-0.006651589729945506,0.09342509884316885
1989,MA,0.04084639078612562,0.12458399652727525
1990,MA,-0.042074112197632574,0.018050047859975438
1991,MA,-0.04929482874412361,-0.058400957828921074
1992,MA,-0.007205425261373244,-0.05892594080621405
1993,MA,-0.00512309662729471,-0.10048893463715902
1994,MA,0.06923186954655991,0.004029550033579632
1995,MA,-0.06956521739130439,-0.017377790336253196
1996,MA,-0.002444284687275311,-0.012665433328589715
1997,MA,0.04165465552032277,0.03375768845658711
1998,MA,-0.00581154005811535,-0.03879598662207362
1999,MA,0.018093249826026447,0.051761322789360076
2000,MA,0.02706766917293235,0.08287690977226858
2001,MA,0.0929056302409157,0.13615608136156077
2002,MA,-0.05760565095603454,0.07696590118302016
2003,MA,0.0011630912380460323,0.05905673274094325
2004,MA,-0.004001548986704573,0.027019832290696044
2005,MA,0.04652669777086582,-0.0165631469979296
2006,MA,-0.040123839009287954,0.0016800206771776516
2007,MA,0.030189652948006795,0.030721569639860613
2008,MA,-0.0047589229805885536,0.02993779160186616
2009,MA,-0.011702529256323091,-0.027368421052631597
2010,MA,0.012477718360071277,0.025932137788672538
2011,MA,0.007671026156941707,0.0035065748278020337
2012,MA,-0.013602895295145356,-0.005410846860450458
2013,MA,-0.029478744939271273,-0.02330022918258212
2014,MA,-0.004171555207926003,-0.03936116700201209
2015,MA,0.075402539599424,0.025209035317608874
2016,MA,0.05550821667681061,0.09703947368421062
2017,MA,0.03678929765886285,0.17194629122669802
2018,MA,0.11012235817575089,0.3064537243094645
2019,MA,0.0010020040080160886,0.21606816798539263
2020,MA,-0.009209209209209201,0.1415061699919271
2021,MA,-0.05698120832491416,0.038264738598442705
2022,MA,0.0022498392971930237,-0.06262525050100198
1984,MI,,
1985,MI,0.020797524922653743,
1986,MI,0.07981141606331033,
1987,MI,0.00717292998596597,
1988,MI,0.02585539557206995,0.1388793399793744
1989,MI,0.0003018412315123342,0.1160127967671325
1990,MI,-0.0722691611345806,-0.04116638078902235
1991,MI,0.03512766303463977,-0.014553336429787844
1992,MI,-0.020109976433621335,-0.05870811952912769
1993,MI,-0.012345679012345734,-0.07060953530476766
1994,MI,0.05714285714285716,0.05903398926654746
1995,MI,0.008599508599508532,0.031893165750196406
1996,MI,0.04917783191230196,0.10485810485810476
1997,MI,-0.033086634740966514,0.08165584415584415
1998,MI,0.06498574215818698,0.08968058968058967
1999,MI,0.07962232243517464,0.16641291108404377
2000,MI,-0.04542487925858241,0.0612392976345959
2001,MI,-0.03199781211541086,0.0624343388863875
2002,MI,-0.06342703771719171,-0.0656708004509583
2003,MI,0.03242835595776783,-0.10651350998564157
2004,MI,-0.08429510591672751,-0.1428962122248052
2005,MI,0.056317804722399556,-0.06469840372934033
2006,MI,0.029300709862558616,0.02790346907993957
2007,MI,-0.010564930300807074,-0.014901387874360794
2008,MI,-0.02713925552424734,0.04658583280153161
2009,MI,-0.07256097560975605,-0.08110557317625733
2010,MI,-0.007396449704141994,-0.11386647101980929
2011,MI,0.024341778440139183,-0.0826041821147857
2012,MI,0.0038797284190106307,-0.05335365853658536
2013,MI,0.11755233494363937,0.14069690992767914
2014,MI,-0.09351585014409225,0.04172876304023854
2015,MI,0.0429184549356223,0.0606207565470418
2016,MI,0.04404816338972717,0.1030595813204509
2017,MI,-0.029051094890510942,-0.04164265129682998
2018,MI,0.05051871898962568,0.11063423938960426
2019,MI,0.045226849864033136,0.11309251638469742
2020,MI,-0.006024921265233463,0.05970802919708018
2021,MI,-0.04201680672268904,0.045557059088858765
2022,MI,-0.007909117054932358,-0.01259481894947756
1984,MN,,
1985,MN,-0.05573505654281097,
1986,MN,0.0905047048759624,
1987,MN,0.02714151239410101,
1988,MN,-0.0010691919963341512,0.056542810985460434
1989,MN,-0.00596330275229362,0.1122326775021385
1990,MN,-0.005845254576219094,0.013962974584248444
1991,MN,-0.09608540925266906,-0.10768290820223003
1992,MN,0.024991441287230298,-0.08440366972477065
1993,MN,0.06095524382097528,-0.02276572834948465
1994,MN,-0.022509050842121847,-0.039145907473309594
1995,MN,0.10144927536231885,0.17083190688120498
1996,MN,0.05277777777777781,0.20257181028724114
1997,MN,0.016525482571865036,0.1522115535967259
1998,MN,0.11092896174863398,0.30950080515297906
1999,MN,-0.038489916379734423,0.14312865497076022
2000,MN,0.11484844609285072,0.21052631578947367
2001,MN,-0.050361362854192904,0.1308743169398907
2002,MN,0.02416042522348394,0.04254795868175121
2003,MN,-0.05272469922151446,0.02711344161657503
2004,MN,0.0362345909600299,-0.045313754732132616
2005,MN,-0.06092285508291273,-0.055931384392365335
2006,MN,0.0075495841330774915,-0.07124321774003306
2007,MN,0.007112014224028407,-0.01257626696550862
2008,MN,-0.08738965952080702,-0.13037731314587842
2009,MN,0.025286721016996028,-0.05054382597568774
2010,MN,-0.07978436657681942,-0.1328422656845314
2011,MN,0.07176332747510261,-0.0771752837326608
2012,MN,0.04851052200054662,0.060245958270001454
2013,MN,0.02841131239410921,0.06347708894878701
2014,MN,0.030794576099353765,0.1912712360867017
2015,MN,0.02286697811654781,0.13692265646351465
2016,MN,0.01262019230769229,0.09800599504756935
2017,MN,-0.020652818991097943,0.04562159422126477
2018,MN,0.006059871530723626,0.020531104007868173
2019,MN,0.11721479339838581,0.11466346153846163
2020,MN,-0.0428078499029545,0.053649851632047385
2021,MN,-0.022868086065112037,0.051266513149921256
2022,MN,0.04207977864883561,0.08890495121069741
1984,MS,,
1985,MS,0.028651829112305016,
1986,MS,-0.010196468540164094,
1987,MS,0.08442211055276383,
1988,MS,-0.053753475440222465,0.04476848298797642
1989,MS,0.0504407443682664,0.06689878139766225
1990,MS,-0.03403263403263401,0.04120603015075375
1991,MS,-0.06853281853281856,-0.10565338276181646
1992,MS,0.030051813471502653,-0.026444662095984284
1993,MS,0.05256539235412472,-0.02447552447552448
1994,MS,0.12019115890083643,0.13127413127413123
1995,MS,0.02069112627986347,0.23963730569948183
1996,MS,-0.020689655172413834,0.1785714285714286
1997,MS,0.04588134869825011,0.17108721624850665
1998,MS,0.008161599673536024,0.05396757679180886
1999,MS,0.09269378668285766,0.128317659352142
2000,MS,0.020744582330061156,0.176056338028169
2001,MS,-0.1399020141535111,-0.032850438685982475
2002,MS,0.011181434599156104,-0.029953450718477992
2003,MS,0.038180680158564684,-0.07834784219299873
2004,MS,0.03597266881028949,-0.06459807657412453
2005,MS,-0.0806983511154219,-0.00021097046413498521
2006,MS,0.026798902722093176,0.015230544544126756
2007,MS,0.04644471845458287,0.02331189710610926
2008,MS,-0.05695208169677923,-0.06847720659553835
2009,MS,-0.03373594335693464,-0.020890483224308976
2010,MS,0.07327586206896552,0.023427866831072786
2011,MS,0.04437751004016066,0.021406127258444707
2012,MS,-0.12516823687752354,-0.05247813411078717
2013,MS,-0.12813186813186817,-0.14504310344827587
2014,MS,0.08318628686664997,-0.13714859437751004
2015,MS,0.1277635559692809,-0.0682561045952701
2016,MS,0.017540239372678457,0.08373626373626375
2017,MS,0.03488136280673282,0.2863624905470128
2018,MS,-0.03096217911032728,0.15080288573423317
2019,MS,0.03154701718907993,0.05262071811803559
2020,MS,-0.002548519898059154,0.031839383492192175
2021,MS,-0.011595911949685567,-0.014501273760533007
2022,MS,-0.03340624378604096,-0.01698685540950451
1984,MO,,
1985,MO,0.02128063841915262,
1986,MO,-0.016744186046511622,
1987,MO,0.04635761589403975,
1988,MO,-0.04683544303797471,0.0015200456013679808
1989,MO,0.08271675203946116,0.06176744186046501
1990,MO,-0.01629577711582264,0.062251655629139035
1991,MO,-0.014071962949768424,0.0009041591320071429
1992,MO,-0.044625112917795806,0.003225194460254155
1993,MO,0.023071104387291985,-0.05204135272472399
1994,MO,0.02994454713493533,-0.007481296758104716
1995,MO,0.12688442211055273,0.13441734417344176
1996,MO,-0.04140786749482406,0.1382375189107412
1997,MO,0.0445256687157336,0.16210720887245844
1998,MO,0.08493717194210282,0.22415649676956217
1999,MO,0.008503152030494121,0.09555661729574783
2000,MO,0.053496147695885954,0.20402060142880885
2001,MO,-0.10362908789844072,0.033243200254493344
2002,MO,0.022013546798029582,-0.02668230464741239
2003,MO,0.002259376412110159,-0.032708242477104243
2004,MO,-0.06071535918244664,-0.13757416862149852
2005,MO,-0.008480000000000043,-0.04602832512315269
2006,MO,0.007745683395191216,-0.05934628709142942
2007,MO,0.006244995996797398,-0.055605650736399115
2008,MO,-0.03469127943984718,-0.02944000000000002
2009,MO,0.06346851302340917,0.040987574632886936
2010,MO,-0.07316695086033176,-0.0425940752602082
2011,MO,-0.031108881083793283,-0.07813494589433478
2012,MO,0.0666321422406353,0.018628420705572024
2013,MO,-0.08075740411069754,-0.11951635405363514
2014,MO,0.20598591549295775,0.14567653453754814
2015,MO,0.046131386861313795,0.23701018470567936
2016,MO,-0.0788445436784817,0.06829584075093065
2017,MO,0.00984699287986679,0.1735915492957747
2018,MO,0.07035703570357033,0.04160583941605833
2019,MO,-0.03265592151366503,-0.036840636338264066
2020,MO,0.015502752825268029,0.061808816845932535
2021,MO,-0.02168640319589099,0.02865286528652855
2022,MO,0.04302172961936712,0.0023826208829713647
1984,MT,,
1985,MT,0.0018185492018589766,
1986,MT,-0.011698265429608723,
1987,MT,-0.025918367346938753,
1988,MT,0.047140163419233216,0.00990099009900991
1989,MT,0.021008403361344463,0.029245663574021696
1990,MT,-0.05918087399568883,-0.02020408163265308
1991,MT,0.02478650281191408,0.030798240100565755
1992,MT,0.04207317073170724,0.025810324129651896
1993,MT,-0.0263311878291399,-0.02175191064079951
1994,MT,0.02163461538461542,0.06227869193917934
1995,MT,-0.0186274509803922,0.017276422764227695
1996,MT,0.00679320679320683,-0.01716403354788376
1997,MT,-0.002976781107362547,0.0064102564102563875
1998,MT,0.06648089171974525,0.0505882352941176
1999,MT,-0.037140724150802495,0.03076923076923066
2000,MT,0.020934289591006072,0.045247072831910984
2001,MT,-0.041579646857793806,0.004777070063694211
2002,MT,0.0711172741679873,0.009145203434117288
2003,MT,-0.04087294248196782,0.0052335723977514625
2004,MT,-0.028731199382954098,-0.04366812227074235
2005,MT,0.06789755807027986,0.0655705229793977
2006,MT,0.07045919315857962,0.06491584982430187
2007,MT,0.03560263980548806,0.1498264558426532
2008,MT,-0.05215495555928229,0.12209648600357359
2009,MT,-0.05360934182590238,-0.00557724484104849
2010,MT,0.007104131613385745,-0.06443209447724907
2011,MT,-0.053647670317430896,-0.14506121079993295
2012,MT,0.09807767752059626,-0.009554140127388533
2013,MT,-0.05323329760628792,-0.00916059076462894
2014,MT,0.16622641509433955,0.14739186931501758
2015,MT,0.006471444750040467,0.22028246371125926
2016,MT,0.10078765471789097,0.2232940335834226
2017,MT,-0.011536214953271062,0.2771698113207548
2018,MT,-0.01506869552371104,0.07862805371299153
2019,MT,0.02834858257087136,0.10207362160424371
2020,MT,-0.06709451575262548,-0.06600467289719625
2021,MT,0.09584115071919941,0.035455754173437715
2022,MT,0.04123270081324004,0.09464526773661319
1984,NE,,
1985,NE,-0.014575645756457534,
1986,NE,-0.01741246957498599,
1987,NE,0.03372713414634143,
1988,NE,0.042764976958525436,0.04372693726937271
1989,NE,0.0019444935478167835,0.061224489795918435
1990,NE,-0.0040578687367678334,0.07564786585365857
1991,NE,0.03737821080602299,0.0794470046082949
1992,NE,-0.008196721311475419,0.02669259324730433
1993,NE,0.00688705234159781,0.031757233592095924
1994,NE,0.0034199726402188713,0.0395039858281665
1995,NE,0.011758691206543936,0.01383196721311486
1996,NE,0.0064005389927572764,0.028753443526170708
1997,NE,-0.0015062761506275946,0.020177838577291274
1998,NE,0.035534696614146766,0.052828902522154
1999,NE,0.039333117513758564,0.08152265453932972
2000,NE,0.04485282666251367,0.12284518828451874
2001,NE,0.021463705470263772,0.14867582970164261
2002,NE,-0.03078943528381728,0.07510521204273224
2003,NE,0.006624510689551277,0.04127083008877119
2004,NE,-0.0285671552497756,-0.031897451184975445
2005,NE,0.06358737490377209,0.008025682182985605
2006,NE,-0.023740590619571567,0.015356820234869062
2007,NE,-0.004151838671411667,0.004486987735566883
2008,NE,-0.004764740917212573,0.02909930715935327
2009,NE,-0.01840215439856374,-0.050231615518239736
2010,NE,0.044200579180003086,0.015865954922894332
2011,NE,0.027441249452634597,0.04809410363311506
2012,NE,-0.07927262395226597,-0.030371035308198735
2013,NE,0.09072673970066347,0.07742722146014325
2014,NE,-0.026877917668694296,0.004086994599328486
2015,NE,0.06410815525512437,0.03992044324477906
2016,NE,-0.02677595628415297,0.09921308440055543
2017,NE,-0.013756316676024727,-0.006082897156599265
2018,NE,0.11172786791915734,0.1354848088384939
2019,NE,0.06554858532838304,0.1370218579234972
2020,NE,-0.021506668268653106,0.1431779898933183
2021,NE,0.03413555992141459,0.19869057785368627
2022,NE,-0.06957967228686768,0.0032006145179874768
1984,NV,,
1985,NV,-0.1267993874425727,
1986,NV,0.1082076464398456,
1987,NV,-0.008387403070105992,
1988,NV,0.003989786147462482,-0.03660030627871358
1989,NV,0.004450802734064618,0.1082076464398456
1990,NV,0.04082924513372377,0.04082924513372377
1991,NV,-0.007450205260757237,0.04181295882540703
1992,NV,-0.055300245098039214,-0.01971069782228585
1993,NV,0.09534619750283779,0.06899825921823077
1994,NV,-0.01983715766099181,0.006689980234149351
1995,NV,-0.017368977495846538,-0.00337009803921573
1996,NV,0.04057792806640026,0.09777849845954267
1997,NV,-0.012998522895125597,-0.010806809770540382
1998,NV,0.00942831487578566,0.018728288778130153
1999,NV,0.02179392142327652,0.05932984936981245
2000,NV,0.06688914683691238,0.08611521418020684
2001,NV,-0.029647762817897494,0.06779407363064949
2002,NV,-0.022004204625087564,0.03454410674573749
2003,NV,-0.015477214101461745,-0.0031921067904817635
2004,NV,0.019213973799126594,-0.04773561811505511
2005,NV,-0.00756926592402174,-0.02606867554309744
2006,NV,0.05396459922290986,0.0495844081398682
2007,NV,0.008055707263790346,0.07467248908296953
2008,NV,-0.023025870242448843,0.030134247357897825
2009,NV,-0.056703174823235836,-0.02086631169952513
2010,NV,-0.01807760141093473,-0.08779355543418899
2011,NV,-0.10881604550217039,-0.19355275633211433
2012,NV,-0.012932482364796827,-0.1852211285179537
2013,NV,0.08218478815722308,-0.06525573192239864
2014,NV,-0.05141509433962266,-0.09699146834306238
2015,NV,0.04359356870545339,0.05744037621766873
2016,NV,0.056385006353240064,0.13169984686064318
2017,NV,0.029018192752969574,0.0761006289308177
2018,NV,0.04485680888369381,0.18531410575169893
2019,NV,0.12935253810655856,0.28271918678526053
2020,NV,-0.14623576027736507,0.036686212599609025
2021,NV,0.006236403190717832,0.013734658094681551
2022,NV,0.04251945805707691,0.011466927702419305
1984,NH,,
1985,NH,-0.014623000761614602,
1986,NH,0.13819755758231556,
1987,NH,0.023903300285209816,
1988,NH,0.03263032232391572,0.18583396801218588
1989,NH,0.0382787411689145,0.2494976039573349
1990,NH,0.036867499690708794,0.13825886187695224
1991,NH,-0.14795370480849546,-0.05279214749966843
1992,NH,0.06735751295336789,-0.020937700706486817
1993,NH,-0.0606140120703228,-0.1141902758876655
1994,NH,-0.09148044692737434,-0.22383963727478817
1995,NH,0.08578016910069186,-0.010922839938383944
1996,NH,-0.019821605550049526,-0.09170821306743637
1997,NH,0.018489094323270283,-0.015223463687150884
1998,NH,0.08183236420365914,0.17263643351268265
1999,NH,0.0036706869428422273,0.08395865779413847
2000,NH,0.06883490073145238,0.18200202224469164
2001,NH,-0.014297934742759422,0.14395121259395838
2002,NH,0.06446813786263328,0.1255899318300997
2003,NH,-0.0159562077801072,0.1035788923719958
2004,NH,-0.002603858444786389,0.029817915190028188
2005,NH,-0.02527589889640447,0.0183486238532109
2006,NH,0.05685415144874595,0.011064523643139923
2007,NH,0.06324156203202391,0.09243697478991586
2008,NH,-0.05536294691224264,0.034650528064554376
2009,NH,-0.026952632182589698,0.032870708546384186
2010,NH,0.02487034417727485,0.0016127174288675938
2011,NH,-0.04105807935595174,-0.09664138678223189
2012,NH,0.009954425521707888,-0.03417823144856058
2013,NH,0.006650041562759723,-0.0008250825082508628
2014,NH,0.0473044709213164,0.02104657849338709
2015,NH,0.03176391079071861,0.0985847925161909
2016,NH,-0.0010917030567685337,0.0865692910580691
2017,NH,-0.02535519125683061,0.052023121387283267
2018,NH,0.054272258353891045,0.059022302320342446
2019,NH,0.05275473303552425,0.08056768558951966
2020,NH,0.012325722368155212,0.09508196721311468
2021,NH,-0.043912175648702645,0.07423189055842117
2022,NH,-0.11304801670146136,-0.09625611572005954
1984,NJ,,
1985,NJ,0.07873791927231388,
1986,NJ,0.007114624505928813,
1987,NJ,0.044348508634223016,
1988,NJ,0.021921583364649777,0.15946560545764643
1989,NJ,0.03285118901691586,0.11014492753623184
1990,NJ,-0.055779729408972245,0.04081632653061229
1991,NJ,-0.002388134741075909,-0.005762244770136538
1992,NJ,-0.05027088320524131,-0.07599901936749198
1993,NJ,0.013398779517113324,-0.09340137669119397
1994,NJ,0.021599685822751624,-0.019105077928607384
1995,NJ,0.01486417221937475,-0.002141867204233372
1996,NJ,0.0529040404040404,0.1062616078535421
1997,NJ,-0.009593476436023485,0.08116245581882442
1998,NJ,0.02361060661096981,0.08329062019477185
1999,NJ,-0.022119706647740767,0.04381313131313136
2000,NJ,-0.020321761219305623,-0.028780429308070565
2001,NJ,0.004444993209038239,-0.015013924203898799
2002,NJ,0.04105716041794705,0.0017743080198722172
2003,NJ,0.006140040146416448,0.030724567557759874
2004,NJ,-0.03778899190235885,0.012347203358439307
2005,NJ,0.11416026344676178,0.1229256299938537
2006,NJ,0.04367816091954024,0.12575274530641156
2007,NJ,-0.1332074680092301,-0.030160779251261594
2008,NJ,0.04114230396902219,0.04939626783754125
2009,NJ,-0.004067875406787547,-0.06195949644225507
2010,NJ,-0.04107830551989733,-0.13813719320327245
2011,NJ,-0.039795545819642175,-0.04525653436592447
2012,NJ,0.049556400506970855,-0.03754067875406786
2013,NJ,-0.05554884675763794,-0.0872913992297818
2014,NJ,0.0090781230021737,-0.03955214798588291
2015,NJ,0.0485301571211354,0.048795944233206656
2016,NJ,-0.007250755287009025,-0.0079700519260959
2017,NJ,0.02251978088861839,0.07403145377828912
2018,NJ,0.020714285714285685,0.08641662442980236
2019,NJ,0.1653837182178679,0.20749244712990933
2020,NJ,-0.03492794235388308,0.17382836275106506
2021,NJ,-0.009748003733277999,0.1367857142857143
2022,NJ,-0.032987747408105506,0.07697690692792158
1984,NM,,
1985,NM,-0.042479908151549894,
1986,NM,-0.044164668265387674,
1987,NM,0.011917206773991218,
1988,NM,-0.10371900826446279,-0.1699196326061998
1989,NM,0.12217611802674044,-0.02717825739408475
1990,NM,0.05649137222678724,0.07526656909889184
1991,NM,0.02274936807310901,0.08677685950413228
1992,NM,-0.049809885931558884,0.15214384508990308
1993,NM,0.009803921568627416,0.03677074774034517
1994,NM,-0.01604913810184272,-0.034415710674703504
1995,NM,-0.05638340716874746,-0.10912547528517114
1996,NM,-0.05953905249679903,-0.11824729891956787
1997,NM,0.17404129793510315,0.025163463443629963
1998,NM,0.03440278314650169,0.07772855416834479
1999,NM,0.011771300448430555,0.15556978233034569
2000,NM,0.041366574330563344,0.27955525300658035
2001,NM,-0.07696400070934561,0.005991495941244596
2002,NM,0.057252641690682005,0.028213751868460424
2003,NM,-0.030165364346720014,-0.01440443213296394
2004,NM,0.0994940978077572,0.04061003724064549
2005,NM,-0.04328561690524879,0.07857829010566753
2006,NM,-0.0012468827930174342,0.018898782482282384
2007,NM,0.08043517032281078,0.1350946224470677
2008,NM,-0.08435127104655005,-0.05470347648261764
2009,NM,0.03839913466738776,0.026006412540078294
2010,NM,0.02256944444444442,0.050472623506331304
2011,NM,-0.09796264855687609,-0.12297788048861014
2012,NM,0.014869188782232312,-0.0279430322696953
2013,NM,-0.08605341246290799,-0.1444444444444445
2014,NM,0.14590097402597402,-0.04125636672325972
2015,NM,-0.03276075792456168,0.028044419348767224
2016,NM,0.06426217502746256,0.0780786350148368
2017,NM,-0.07500430070531572,0.09111201298701288
2018,NM,0.03793937139668957,-0.011687621746059862
2019,NM,0.08403511915427342,0.10765287440497984
2020,NM,-0.05157024793388432,-0.012902115947015291
2021,NM,0.004705472289996404,0.0721591965780175
2022,NM,-0.021335646140502984,0.010929940870811672
1984,NY,,
1985,NY,0.03781362007168454,
1986,NY,0.04161630115696768,
1987,NY,0.019728116710875376,
1988,NY,0.05690131685904731,0.1650537634408602
1989,NY,0.043377941855099245,0.17130029355897092
1990,NY,-0.0434910806427834,0.07559681697612741
1991,NY,-0.028822441430332968,0.024386278653877325
1992,NY,-0.047452785272179,-0.07675742193508694
1993,NY,-0.003998667110962972,-0.11867905056759542
1994,NY,-0.015055202408832402,-0.09247842170160292
1995,NY,0.011379076086956541,-0.054911918743056676
1996,NY,0.044668345927791675,0.03648783738753747
1997,NY,-0.01028773509082137,0.02994312479089989
1998,NY,0.03053435114503822,0.07761548913043481
1999,NY,0.04759653270291575,0.11620486985726286
2000,NY,-0.015044380923724954,0.052403150618871575
2001,NY,0.010844661677104073,0.07487412700990737
2002,NY,-0.015714717437292247,0.02663514578408188
2003,NY,-0.001228124040528078,-0.02121257710245228
2004,NY,0.017983399938518385,0.011608370245914212
2005,NY,0.02687603804922234,0.027651858567543153
2006,NY,-0.006763711218938373,0.03699723672090882
2007,NY,-0.010362694300518172,0.02751306486320315
2008,NY,-0.005534779356768937,0.003774724445115396
2009,NY,-0.0007521058965102023,-0.023231877665049305
2010,NY,-0.02212855637513167,-0.0383419689119171
2011,NY,-0.013392857142857095,-0.04128646222887056
2012,NY,-0.07629895459510061,-0.10950661853188925
2013,NY,0.03547297297297303,-0.07722414571729641
2014,NY,0.07161500815660693,0.011237684729064057
2015,NY,0.06880803775308264,0.0954907161803713
2016,NY,0.04999287850733514,0.24527027027027026
2017,NY,-0.015599565925122127,0.1838499184339315
2018,NY,0.07151715584952467,0.18374181762825392
2019,NY,0.05246913580246915,0.16564591938470308
2020,NY,-0.05425219941348969,0.04991861096039063
2021,NY,0.015891472868217127,0.08350558081852011
2022,NY,-0.03459239476026965,-0.02379115226337447
1984,NC,,
1985,NC,0.008443676837459169,
1986,NC,0.002664129400570925,
1987,NC,0.007022205352059219,
1988,NC,0.034489257444402455,0.05334868547303784
1989,NC,0.03607214428857719,0.08220742150333016
1990,NC,-0.049059257956743485,0.026380717403681864
1991,NC,-0.015902366863905337,0.0030154542027893694
1992,NC,0.008643367155204862,-0.022044088176352727
1993,NC,0.012667660208643738,-0.044135748197643765
1994,NC,0.02244297277409868,0.027736686390532617
1995,NC,0.03742353364519602,0.08342728297632473
1996,NC,0.08463406174124177,0.16505216095380026
1997,NC,-0.014390789894467515,0.13392200147167044
1998,NC,-0.01346528228423105,0.09409859661748832
1999,NC,0.018418023351422397,0.07405480402358644
2000,NC,-0.005813014694009411,-0.015510073552926107
2001,NC,-0.025986681825564406,-0.027092796885139547
2002,NC,-0.05502751375687842,-0.06808090774543663
2003,NC,0.00017646020822303932,-0.08477313095430328
2004,NC,0.052928722653493354,-0.03069676790644793
2005,NC,0.015750670241286846,0.01083875270968826
2006,NC,-0.08033652259980206,-0.016234339156520172
2007,NC,0.06600896860986549,0.04851799576570226
2008,NC,-0.04829210836277975,-0.052278820375335155
2009,NC,-0.01980198019801982,-0.08545034642032334
2010,NC,0.031746031746031855,0.026008968609865457
2011,NC,0.00017482517482525495,-0.03735487127713277
2012,NC,-0.09805977975878344,-0.08769448373408772
2013,NC,0.10174418604651159,0.025432900432900363
2014,NC,-0.004573438874230451,-0.010664335664335667
2015,NC,0.08658773634917827,0.07481209578744985
2016,NC,0.04911367702065372,0.2501937984496123
2017,NC,-0.09440396837699583,0.027616534740545262
2018,NC,0.05597398151318034,0.09012192966955301
2019,NC,0.12919435889123032,0.13286713286713292
2020,NC,-0.022107378696526014,0.05596031623004194
2021,NC,-0.004403992953611269,0.16090380006846972
2022,NC,-0.040548510763786516,0.05479007942940517
1984,ND,,
1985,ND,-0.01273280121626763,
1986,ND,-0.0021174205967275928,
1987,ND,0.015432098765432167,
1988,ND,0.029065349544072916,0.0294564804256936
1989,ND,0.003138268414251355,0.046005774783445696
1990,ND,-0.045086492454913474,0.0009645061728396076
1991,ND,-0.011177490846020377,-0.025265957446808485
1992,ND,0.015591502631066012,-0.038028429019752674
1993,ND,0.01765496066014194,-0.02410747147589254
1994,ND,-0.01584009051480295,0.0057814607824242525
1995,ND,0.004981797279172362,0.022217891249269206
1996,ND,0.05395614871305998,0.060832853578967505
1997,ND,-0.015014471780028904,0.02677729587026212
1998,ND,-0.05564738292011018,-0.014753784249856294
1999,ND,0.056009334889148166,0.035271687321258405
2000,ND,0.06519337016574589,0.04630969609261948
2001,ND,-0.02748962655601661,0.03305785123966931
2002,ND,-0.0010666666666666602,0.09276546091015159
2003,ND,0.09343299519487447,0.1314917127071824
2004,ND,-0.05322265625,0.005705394190871349
2005,ND,0.04555612858861946,0.08124444444444445
2006,ND,-0.054587306806971436,0.02331375689624493
2007,ND,0.12121739130434772,0.04931640625
2008,ND,0.014270203195284603,0.12411896166408809
2009,ND,0.01299892949992354,0.08911542255836902
2010,ND,0.004830917874396157,0.15756521739130425
2011,ND,0.07166466346153855,0.10640608034744847
2012,ND,-0.029300434599747627,0.05887750420553606
2013,ND,0.048093587521663705,0.09556159420289845
2014,ND,0.012264020945294218,0.10366586538461542
2015,ND,-0.053906888102368655,-0.025655404458152287
2016,ND,0.038992805755395654,0.04289428076256496
2017,ND,-0.017449106771915246,-0.022323274080198408
2018,ND,0.0834390415785764,0.04641982031037295
2019,ND,0.03759594119942755,0.14762589928057546
2020,ND,-0.0939067201604814,0.0008309098462817577
2021,ND,0.027812370278123666,0.04693446088794917
2022,ND,0.05977382875605808,0.024066605958111165
1984,OH,,
1985,OH,0.05274837828610446,
1986,OH,-0.01832333387384466,
1987,OH,-0.007433102081268572,
1988,OH,0.03794308537194202,0.06469784909525433
1989,OH,0.0020843354176687257,0.013458731960434678
1990,OH,-0.013759999999999994,0.0181698050875454
1991,OH,-0.042180402336145395,-0.017473789316025945
1992,OH,0.028116531165311542,-0.026775693442360082
1993,OH,-0.02784184514003296,-0.05584
1994,OH,-0.003558718861209953,-0.046073977936404886
1995,OH,0.0714285714285714,0.06707317073170738
1996,OH,-0.050000000000000044,-0.014003294892915963
1997,OH,0.038262322472848886,0.05304185731231992
1998,OH,0.06276150627615062,0.12312925170068034
1999,OH,-0.006056935190793422,0.04190476190476189
2000,OH,0.05164533820840944,0.1533834586466165
2001,OH,-0.04881935390409964,0.05664628258770521
2002,OH,0.008985683825769142,0.003179890975166577
2003,OH,-0.0012075471698113072,0.008074344911639164
2004,OH,-0.034910080096720586,-0.07489497320005789
2005,OH,-0.0021922956467271826,-0.02954614681693568
2006,OH,0.00910232266164468,-0.02943396226415096
2007,OH,0.042923794712286245,0.013450204019948675
2008,OH,-0.07784073963614668,-0.031631694331349824
2009,OH,-0.01859637774902978,-0.0475517890772128
2010,OH,-0.013346515076618881,-0.06874027993779164
2011,OH,-0.05627922511690042,-0.15732180137190577
2012,OH,-0.0249513360467174,-0.1089909443725744
2013,OH,0.12994555353901993,0.025869171197890894
2014,OH,-0.035496305814327056,0.0028390113560454733
2015,OH,0.07443796835970029,0.141744823924969
2016,OH,0.0038747675139492177,0.17549909255898366
2017,OH,0.10483248417477231,0.1493735946032766
2018,OH,-0.004471771939631108,0.1863447127393838
2019,OH,0.033829309376754546,0.14150650960942346
2020,OH,-0.0758995247793618,0.05079512119808549
2021,OH,-0.006758742286218089,-0.05533817775293459
2022,OH,-0.0011834319526626835,-0.05221785513756316
1984,OK,,
1985,OK,-0.030240806421504618,
1986,OK,-0.02810394610202116,
1987,OK,0.0015844721727074074,
1988,OK,0.05220486454419615,-0.006720179204778742
1989,OK,-0.04209735012215754,-0.018864292589027887
1990,OK,-0.017461251716696102,-0.008120419885125796
1991,OK,0.007587859424920129,-0.00217520268934146
1992,OK,-0.031510107015457756,-0.08156361586168015
1993,OK,0.013505217925107393,-0.028251912889935227
1994,OK,0.005855037351100378,-0.005191693290734878
1995,OK,-0.04777197912484943,-0.0598493856520016
1996,OK,0.016020236087689765,-0.013709842439124209
1997,OK,0.1186721991701245,0.08863315162527763
1998,OK,0.06120178041543034,0.14853472501003617
1999,OK,-0.05050681579867178,0.1452360876897134
2000,OK,-0.04086140254003312,0.0811203319502074
2001,OK,0.07388217232776828,0.03783382789317513
2002,OK,0.011258041458184431,-0.011010136315973473
2003,OK,-0.035341933203746234,0.00478556966685062
2004,OK,0.07638761677963002,0.1276146612934177
2005,OK,-0.07641252552756983,-0.03020014295925666
2006,OK,0.0025796941219826675,-0.038522707192083394
2007,OK,0.08491086197390185,0.08133357757831106
2008,OK,0.02913772657970526,0.03386657590197406
2009,OK,-0.0009876543209876854,0.11829740187949134
2010,OK,-0.0731586752347998,0.03381731299393498
2011,OK,0.09031111111111101,0.038963239031001295
2012,OK,-0.019892385455731243,-0.010534979423868274
2013,OK,-0.05789386125436702,-0.06689734717416373
2014,OK,0.008122903054917918,0.014933333333333243
2015,OK,-0.0017516202487301014,-0.07076471547366703
2016,OK,0.07246885418494475,0.016802528697388075
2017,OK,0.0009816753926701338,0.08034610630407912
2018,OK,0.028440666884602894,0.10211946050096343
2019,OK,0.07517482517482521,0.18705035971223016
2020,OK,-0.12564671101256464,-0.032231675392670134
2021,OK,0.0955198647506339,0.05916966328865647
2022,OK,-0.020987654320987703,0.008264462809917328
1984,OR,,
1985,OR,-0.010514665190924144,
1986,OR,0.11316181953765847,
1987,OR,-0.022274325908558046,
1988,OR,0.06868790681740311,0.15089466888028036
1989,OR,-0.015226799166533134,0.145413870246085
1990,OR,-0.02115885416666663,0.007201473789985036
1991,OR,-0.005154639175257714,0.02483727303871186
1992,OR,0.031422363362861416,-0.010899182561307952
1993,OR,0.012801814940852418,0.01725260416666674
1994,OR,-0.07103999999999999,-0.034585966079148656
1995,OR,0.12969342059938005,0.09627277285642655
1996,OR,-0.04939777405092238,0.010371090584994302
1997,OR,0.027425821972734576,0.024960000000000093
1998,OR,0.03465501092725565,0.14157767826386491
1999,OR,0.01870850935425472,0.029425217258728376
2000,OR,0.011404028436019065,0.09526864474739383
2001,OR,-0.05022697320251868,0.012488292226038089
2002,OR,0.0003083564600678823,-0.021122510561255248
2003,OR,-0.024198520345252827,-0.06235189573459721
2004,OR,-0.03948823250671296,-0.1095328745057842
2005,OR,0.04686729156388747,-0.018501387604070274
2006,OR,0.036286522148916145,0.016800246609124603
2007,OR,0.04001819008640295,0.08371505291423165
2008,OR,-0.006704562017198712,0.12070383160664355
2009,OR,-0.046955245781364674,0.020263901979264753
2010,OR,0.016628175519630473,0.0009095043201454711
2011,OR,-0.012418597607148252,-0.04955545838799014
2012,OR,-0.014108265603435033,-0.05663976522377112
2013,OR,-0.06501788769637584,-0.07451886066204771
2014,OR,0.18482781567126927,0.07860063607451151
2015,OR,0.03397921932041559,0.12927465112712766
2016,OR,-0.036529060293318816,0.10359309379374704
2017,OR,0.038618745595489834,0.2259191482282481
2018,OR,0.0849504681775004,0.12257792754844155
2019,OR,0.060162601626016166,0.1510048886474742
2020,OR,0.02206229353468614,0.2210007047216349
2021,OR,0.018815652776174474,0.1977201791287828
2022,OR,-0.016768638114661227,0.08542839274546599
1984,PA,,
1985,PA,0.08750485060147462,
1986,PA,0.023728813559322104,
1987,PA,0.032938306029975495,
1988,PA,0.014341150666441704,0.16647264260768346
1989,PA,0.02777777777777768,0.10240856378233709
1990,PA,-0.0359281437125748,0.03816660857441612
1991,PA,0.01024005371831449,0.015353467184072933
1992,PA,-0.040212695247590524,-0.03925482368596145
1993,PA,0.012119113573407114,-0.053892215568862256
1994,PA,0.012487170715018925,-0.006379049857310748
1995,PA,0.05169792194627476,0.0343968095712861
1996,PA,-0.015100401606425673,0.06146121883656508
1997,PA,0.05235687489805896,0.10366062264796438
1998,PA,0.02603843769373837,0.11843216759587771
1999,PA,-0.05196374622356492,0.008192771084337247
2000,PA,0.07982791586998084,0.10536617191322795
2001,PA,0.00870591707245083,0.05951642901425913
2002,PA,-0.03510825043885313,-0.003625377643504568
2003,PA,-0.010309278350515427,0.040152963671128195
2004,PA,0.002144607843137303,-0.03467611037332152
2005,PA,0.020177315805564033,-0.023698069046225845
2006,PA,0.01753071621216651,0.029563371740448652
2007,PA,-0.025769400677367105,0.013480392156862697
2008,PA,0.023579201934703642,0.03515744420666467
2009,PA,-0.05906674542232726,-0.04525022475277196
2010,PA,-0.010514752040175823,-0.07156530702400232
2011,PA,0.0019032513877874635,-0.04519347037484889
2012,PA,0.020262782966598003,-0.04828706438275254
2013,PA,0.04996121024049649,0.06198995605775259
2014,PA,-0.01374316536131226,0.058524980174464725
2015,PA,0.09529517530716203,0.1571948709830615
2016,PA,0.0009575923392612928,0.1352986811481769
2017,PA,-0.012436791034577066,0.06782917097679908
2018,PA,0.03210628286742323,0.11747078213964635
2019,PA,0.07790292303566648,0.09972640218878248
2020,PA,-0.007339221296181142,0.0906109061090612
2021,PA,-0.01867167919799495,0.08372543592582349
2022,PA,-0.07789554335333926,-0.03177795655671767
1984,RI,,
1985,RI,0.10191780821917806,
1986,RI,0.06033482512846011,
1987,RI,0.03110833203063934,
1988,RI,0.017131594906003578,0.22538812785388118
1989,RI,-0.03294082575644652,0.07541853141057508
1990,RI,0.012022194821208476,0.0264186337345631
1991,RI,-0.06929637526652455,-0.07352941176470584
1992,RI,-0.037473408607429204,-0.1232672529438068
1993,RI,0.07446446786807215,-0.025893958076448786
1994,RI,-0.06756329113924053,-0.10249771550411213
1995,RI,0.08196164941455963,0.043364424807723845
1996,RI,0.018977415307402712,0.1045562733764025
1997,RI,-0.07880560258580882,-0.053006329113924
1998,RI,0.1533834586466165,0.17138978449007292
1999,RI,0.028683181225554133,0.11370765370138014
2000,RI,-0.04506407548232638,0.04371248268431582
2001,RI,0.05957823329892342,0.20050125313283207
2002,RI,-0.08364648573416844,-0.04621179197450387
2003,RI,0.03250303766707163,-0.04267004647232786
2004,RI,0.04589585172109434,0.04851791771125202
2005,RI,0.0032348804500703654,-0.007237299930410557
2006,RI,0.0553764194588533,0.14337788578371802
2007,RI,-0.016471838469713118,0.08914386584289491
2008,RI,-0.052539168017287974,-0.013361462728551321
2009,RI,-0.026372059871703546,-0.042478620496284925
2010,RI,-0.013616398243045391,-0.10507438894792775
2011,RI,-0.07881846519222202,-0.16180443003781741
2012,RI,0.12165646148888176,-0.007697790449037734
2013,RI,-0.007326533544031011,0.01171303074670571
2014,RI,0.026338639652677243,0.052694077482559054
2015,RI,-0.049210377890580914,0.08652916532388022
2016,RI,0.09491324336348805,0.060623473638844905
2017,RI,0.04456183123391577,0.1160636758321274
2018,RI,-0.06677904564315351,0.014805414551607443
2019,RI,0.11018479922189806,0.1849325226160463
2020,RI,0.1311639549436796,0.22416361912501692
2021,RI,-0.10544368223058198,0.04836618257261405
2022,RI,-0.0024737167594310883,0.12060580797554543
1984,SC,,
1985,SC,-0.045869776482021396,
1986,SC,0.07863108576084743,
1987,SC,0.10292728989612843,
1988,SC,-0.016952054794520555,0.11584062196307099
1989,SC,-0.107124194391221,0.04420452230596861
1990,SC,0.15138509559110425,0.11463644948064222
1991,SC,-0.07777024737377158,-0.0679794520547945
1992,SC,-0.02076060995774387,-0.07159031527608428
1993,SC,-0.07804878048780484,-0.04135778384705424
1994,SC,0.12108262108262102,-0.06658759742460185
1995,SC,-0.04846614630604462,-0.036928164615101955
1996,SC,0.16177031667302555,0.14258911819887432
1997,SC,-0.032348111658456524,0.19922669922669933
1998,SC,-0.04225352112676062,0.024505354873842755
1999,SC,0.0738837703756201,0.15623807706982062
2000,SC,-0.003959742616729933,-0.008702791461412174
2001,SC,-0.01772403511677989,0.006278635669438426
2002,SC,-0.010286677908937558,0.039865343727852665
2003,SC,-0.003237348781734539,-0.034812737172083774
2004,SC,-0.01897435897435895,-0.049362266026171886
2005,SC,0.010454783063251538,-0.022091062394603678
2006,SC,-0.04293843766166583,-0.05435338217754304
2007,SC,0.0881081081081081,0.03230769230769237
2008,SC,-0.08031130981950652,-0.03223558111169189
2009,SC,-0.021065898451566478,-0.06242455595792373
2010,SC,0.0007356998344676402,-0.01963963963963966
2011,SC,-0.06763462598786985,-0.1599602583209141
2012,SC,0.08673368815296678,-0.007382066978754098
2013,SC,-0.030654815889715192,-0.017105021151370248
2014,SC,0.017028443113772385,-0.0011027384671935536
2015,SC,0.03256669733210682,0.10624876798738425
2016,SC,0.1617961511047754,0.1826591692363504
2017,SC,-0.013650306748466234,0.20340568862275443
2018,SC,0.03249883377390761,0.22171113155473776
2019,SC,0.06400602409638556,0.2589094796863862
2020,SC,-0.03722576079263973,0.04325153374233137
2021,SC,-0.00852690385180832,0.04867050225470382
2022,SC,-0.08407473309608537,-0.0697289156626506
1984,SD,,
1985,SD,-0.0959934919666463,
1986,SD,0.07896512935883004,
1987,SD,0.028148457047539654,
1988,SD,0.016426688298519565,0.019320724018710544
1989,SD,0.03591380686352763,0.16805399325084358
1990,SD,-0.027927580893682635,0.05233527939949956
1991,SD,-0.03249455121854572,-0.009734333806530104
1992,SD,0.03932009010853976,0.012569832402234526
1993,SD,0.030738916256157545,0.00751155624036981
1994,SD,0.04913018543299552,0.08737864077669899
1995,SD,-0.028243440233236106,0.09215646119189014
1996,SD,-0.027376711044440283,0.022068965517241468
1997,SD,-0.01542317331791021,-0.0237048365513286
1998,SD,0.0892892108870178,0.013666180758017399
1999,SD,0.07064533525076389,0.1168198012375774
2000,SD,-0.015950302216252488,0.12994023520339315
2001,SD,0.06364101689131552,0.22067750146857246
2002,SD,-0.057106191851138965,0.05662412367427638
2003,SD,0.02228649200408306,0.008898589657488243
2004,SD,0.014644699617240908,0.04026616618324508
2005,SD,0.02017385599475152,-0.002245749117741447
2006,SD,0.023151125401929207,0.0826811840762165
2007,SD,-0.0037712130735386706,0.055084040605758
2008,SD,0.07223974763406948,0.11497457766114483
2009,SD,-0.10826713739335103,-0.02540192926045015
2010,SD,-0.02375453645661496,-0.07008170961659332
2011,SD,0.009969584319026614,-0.057255520504731816
2012,SD,0.026601974234565784,-0.09738158281847598
2013,SD,0.06795958279009118,0.08099637083470812
2014,SD,-0.020753853197008953,0.08431902669820879
2015,SD,0.038803179055633574,0.11527522168311855
2016,SD,0.03405340534053414,0.12337027379400256
2017,SD,-0.026403597852894256,0.024111094155348622
2018,SD,0.024139472507823,0.07106124357176258
2019,SD,0.06489160483049616,0.09795979597959792
2020,SD,0.08102199754064765,0.14783113303351225
2021,SD,0.00707785642062686,0.18730442556995985
2022,SD,-0.1568775100401606,-0.022552015131674708
1984,TN,,
1985,TN,0.02470007057163026,
1986,TN,0.010101010101010166,
1987,TN,0.12227272727272731,
1988,TN,-0.05042527339003644,0.10303458009880018
1989,TN,0.03860098101940723,0.11799816345270897
1990,TN,-0.047227926078028726,0.05454545454545445
1991,TN,0.044396551724138034,-0.0186310247063588
1992,TN,-0.030127940569541933,0.002345915973555046
1993,TN,0.0072340425531916,-0.02792607802874747
1994,TN,0.1166032953105196,0.1392241379310344
1995,TN,-0.010215664018161208,0.07965332232769295
1996,TN,0.033830275229357776,0.1508510638297873
1997,TN,-0.02588278794601595,0.11301225179552166
1998,TN,0.09774150692731065,0.09421112372304208
1999,TN,0.04961964038727529,0.1603593272171253
2000,TN,-0.09751276560698408,0.012941393973007864
2001,TN,0.026282168278882967,0.06718542417916118
2002,TN,0.02205228525698022,-0.006396957123098179
2003,TN,-0.0073081607795371095,-0.06028660846648004
2004,TN,-0.010166520595968453,0.03066252965869687
2005,TN,0.0058438108730298755,0.010136937577805538
2006,TN,0.003697183098591461,-0.008004176091873982
2007,TN,-0.01298017891597969,-0.013672217353198901
2008,TN,-0.07037497778567625,-0.07366743403577125
2009,TN,0.02466067673484984,-0.05633802816901412
2010,TN,-0.060447761194029836,-0.11664620242062795
2011,TN,0.06254964257347106,-0.04904922694153191
2012,TN,-0.002242571481965938,0.0206461479640605
2013,TN,-0.003558718861209953,-0.007462686567164201
2014,TN,-0.006015037593984918,0.05003971405877672
2015,TN,0.08339636913767023,0.07064100168192855
2016,TN,0.07540582998778156,0.15396141599550472
2017,TN,0.05843207271546835,0.22575187969924815
2018,TN,-0.006287379236313395,0.22541603630862328
2019,TN,-0.00462962962962965,0.12585093384534818
2020,TN,-0.03922480620155033,0.0058432072715468575
2021,TN,0.08165241245764077,0.02790982978070855
2022,TN,-0.024615843652096125,0.008950617283950635
1984,TX,,
1985,TX,-0.0027430138865077724,
1986,TX,0.001203369434416457,
1987,TX,-0.010302197802197766,
1988,TX,-0.026370575988896583,-0.037887879307389016
1989,TX,-0.006593014967925859,-0.04160220044696583
1990,TX,0.040000000000000036,-0.004464285714285698
1991,TX,-0.052086926526388355,-0.04649548924358082
1992,TX,-0.016921397379912717,-0.03724162508909479
1993,TX,0.0027762354247640175,-0.028161434977578503
1994,TX,0.04780361757105944,-0.020869265263884107
1995,TX,0.01761493746697207,0.05112809315866085
1996,TX,0.0057123074259997075,0.07532852119193034
1997,TX,0.038209982788296015,0.11332595053525285
1998,TX,0.006465517241379226,0.06940285361986964
1999,TX,0.059298303409652364,0.1132075471698113
2000,TX,-0.035297776395583846,0.0678141135972461
2001,TX,0.034977433913604195,0.06448938992042441
2002,TX,-0.029434667497274525,0.026519519024872373
2003,TX,-0.04188061617458283,-0.07152853366505985
2004,TX,0.02830346675598716,-0.010315925209542276
2005,TX,-0.027524429967426656,-0.07008254166017758
2006,TX,0.016077708926478085,-0.026476251604621304
2007,TX,0.036756222185594156,0.05342488695360914
2008,TX,-0.026232114467408585,-0.002442996742671011
2009,TX,0.025306122448979673,0.051750125607100905
2010,TX,-0.017834394904458595,0.016647436954013495
2011,TX,0.006485084306095956,-0.013036565977742498
2012,TX,0.038659793814433074,0.05273469387755103
2013,TX,-0.021867245657568257,0.004299363057324923
2014,TX,0.03329633740288562,0.05658236057068744
2015,TX,0.048948902869418554,0.10115979381443307
2016,TX,0.02062609713282626,0.08204094292803976
2017,TX,0.015622760498781751,0.12351355636594263
2018,TX,-0.024837708156929206,0.060303820776430817
2019,TX,0.1117221418234442,0.12375658279695734
2020,TX,0.0037750585784952495,0.10520280923032832
2021,TX,-0.05745039553884057,0.025684448207733634
2022,TX,0.026967528893780957,0.08017366136034743
1984,UT,,
1985,UT,0.05855161787365182,
1986,UT,0.024583535500566134,
1987,UT,-0.023677979479084454,
1988,UT,-0.04349232012934523,0.012840267077555145
1989,UT,0.11832319134550362,0.0700307294193756
1990,UT,-0.06423821039903266,-0.022730860299921107
1991,UT,-0.1032143434017122,-0.10234438156831038
1992,UT,0.19236311239193093,0.11899932386747802
1993,UT,0.01963746223564944,0.02025392986698904
1994,UT,-0.023407407407407432,0.06477144241641097
1995,UT,-0.0021237864077670032,0.18479827089337175
1996,UT,-0.010793554271815164,-0.017069486404833856
1997,UT,0.13062855386506844,0.08992592592592596
1998,UT,0.021612070137284167,0.14016990291262132
1999,UT,0.018493879723257,0.1637275767710551
2000,UT,-0.0018288700195950858,0.17427385892116187
2001,UT,-0.026305457400863763,0.011281772461601225
2002,UT,-0.001612903225806428,-0.011708355508249113
2003,UT,0.008616047388260606,-0.021293272370999317
2004,UT,0.007207688200747464,-0.012432927627273882
2005,UT,0.04704479194275102,0.061962365591397894
2006,UT,-0.031388431844070364,0.030290791599353772
2007,UT,-0.044688357506860066,-0.02415910304324609
2008,UT,0.12693202024346872,0.09183673469387754
2009,UT,-0.060929724481126324,-0.02075686621946593
2010,UT,-0.043686183275171264,-0.03318959885012418
2011,UT,-0.050817678064603355,-0.039392695937628286
2012,UT,0.03146803360387307,-0.12076708338390585
2013,UT,0.0338210933186085,-0.03205376761018486
2014,UT,0.023768193350246936,0.03622111096094072
2015,UT,0.046041476457545416,0.1419621244482414
2016,UT,0.009600997506234332,0.11775262286029808
2017,UT,0.016302334197850987,0.09881159033248754
2018,UT,0.08251306355571764,0.16186252771618626
2019,UT,0.08071396497530303,0.20037406483790532
2020,UT,-0.01651604861327516,0.16932197110040748
2021,UT,-0.0017955217574989746,0.14849921011058442
2022,UT,0.013649349275209,0.07543780871127082
1984,VT,,
1985,VT,0.11363636363636354,
1986,VT,-0.0692307692307692,
1987,VT,-0.0006746500252994281,
1988,VT,0.09991561181434605,0.13933566433566424
1989,VT,0.03421819855761843,0.058084772370486704
1990,VT,-0.052373887240356076,0.07724742789677852
1991,VT,-0.09534992954438704,-0.024810126582278436
1992,VT,0.09570785739010046,-0.028540739604112297
1993,VT,-0.07455378297267412,-0.1307121661721068
1994,VT,0.1278375149342892,0.03460153436668234
1995,VT,-0.07702784503631965,0.05555555555555558
1996,VT,-0.06804394162977534,-0.10219554572737322
1997,VT,0.06069669247009157,0.029015190305512917
1998,VT,0.10797810582186096,0.010895883777239712
1999,VT,0.03473053892215572,0.13330054107230693
2000,VT,-0.0795717592592593,0.11928219563687548
2001,VT,0.0077019805092737315,0.06336042461436397
2002,VT,0.041023241304008806,-0.0008982035928143395
2003,VT,-0.014534012586155276,-0.04846643518518523
2004,VT,0.0673559373574577,0.10342659541024846
2005,VT,0.04116809116809117,0.14007175167680552
2006,VT,-0.0036940757969626814,0.09109979023074621
2007,VT,-0.11109585278769574,-0.01581268055344387
2008,VT,0.032133477522014564,-0.04829059829059834
2009,VT,0.035922766052986166,-0.0530852373785744
2010,VT,0.054471897124692914,0.0021971985718209908
2011,VT,-0.10057550013702388,0.014058396415881358
2012,VT,0.05134064594759291,0.03292920221523721
2013,VT,0.16461382408346625,0.16124837451235363
2014,VT,-0.08635062834390939,0.006166072896683916
2015,VT,-0.01920196105134142,0.09719683120048761
2016,VT,0.01360733129686209,0.05781770757861171
2017,VT,0.028630136986301347,-0.0656961552818216
2018,VT,0.07857237981089349,0.10295519542421361
2019,VT,0.04494382022471921,0.17509025270758127
2020,VT,-0.1042183622828784,0.03849315068493153
2021,VT,0.08217913204062799,0.09255559994673068
2022,VT,-0.12006338371526082,-0.10865538955426601
1984,VA,,
1985,VA,0.03661259115939863,
1986,VA,0.028284278535534835,
1987,VA,-0.02359676068137395,
1988,VA,0.04962104962104963,0.09242446792677472
1989,VA,0.0010899182561308063,0.05498923187365401
1990,VA,-0.019597169297768113,0.005864283719631436
1991,VA,-0.005830094392004437,0.02416702416702421
1992,VA,0.03085730242948892,0.005858310626702945
1993,VA,-0.06921305702289038,-0.06477953184540008
1994,VA,0.011204889406286389,-0.03539700166574122
1995,VA,-0.06015253993380343,-0.08810388159731919
1996,VA,0.05466237942122176,-0.06704591629418932
1997,VA,0.07259001161440182,0.07508731082654241
1998,VA,-0.0043313481321061165,0.05856957835659804
1999,VA,0.032490483958673266,0.16291532690246524
2000,VA,-0.0022383146807110066,0.10017421602787446
2001,VA,0.041831617841119106,0.06862479696805623
2002,VA,-0.02431918936035471,0.04717237629146265
2003,VA,0.08126703881604569,0.09664252797893358
2004,VA,-0.08920638732140718,0.0010556875164950963
2005,VA,-0.01344582124967042,-0.05205826472450914
2006,VA,0.06921432389096749,0.03881604569648189
2007,VA,0.009747563109222757,-0.02989554568375552
2008,VA,0.010767326732673332,0.07658845241233858
2009,VA,-0.020080813028039657,0.06934794227685726
2010,VA,-0.015619142821441945,-0.015496125968507912
2011,VA,0.005965981213506,-0.019183168316831645
2012,VA,0.012618296529968376,-0.017387045426717318
2013,VA,0.007476635514018781,0.010246157690865898
2014,VA,-0.010265924551638883,0.01574003554201564
2015,VA,-0.06985753561609598,-0.06082018927444799
2016,VA,0.0712078462985355,-0.00647975077881624
2017,VA,0.047284585475981356,0.032776747062461364
2018,VA,0.06802395209580836,0.1144713821544614
2019,VA,0.03846153846153855,0.24425634824667464
2020,VA,0.0006478781988985549,0.16229775492286458
2021,VA,-0.0660407898996439,0.0365269461077844
2022,VA,-0.015944540727902967,-0.04496523884278991
1984,WA,,
1985,WA,-0.07211614328546634,
1986,WA,0.10187074829931975,
1987,WA,-0.01697792869269954,
1988,WA,0.14115245721463343,0.1469149439798012
1989,WA,-0.05283434232250961,0.1707482993197278
1990,WA,-0.041981406159209755,0.017903997530483107
1991,WA,0.02077331311599706,0.05699481865284972
1992,WA,-0.0267379679144385,-0.0985140341221794
1993,WA,0.02640415140415131,-0.0230970366066241
1994,WA,-0.07970260223048331,-0.06156178923426836
1995,WA,0.036193246081758,-0.04738562091503273
1996,WA,0.004677997816934454,-0.016636141636141688
1997,WA,0.18950799317088318,0.1396282527881041
1998,WA,0.0498434237995824,0.3000484730974309
1999,WA,-0.06052696992294304,0.17869951660689232
2000,WA,-0.0960444503241169,0.06053080862952043
2001,WA,-0.02283038196985221,-0.12878392484342382
2002,WA,0.050322000898607167,-0.1283867760377827
2003,WA,0.02994438899187224,-0.044450324116946716
2004,WA,0.025197286446074996,0.08371140055612458
2005,WA,-0.014044564483457145,0.0934551445259848
2006,WA,0.04999315162306539,0.09311279053186938
2007,WA,0.034829115575267355,0.09829710646545764
2008,WA,-0.05949829824782549,0.007562457798784505
2009,WA,0.07076799356654595,0.09423366662101085
2010,WA,-0.08261359369132559,-0.043960344377771965
2011,WA,-0.018283531177514023,-0.09302911887054077
2012,WA,0.07324530924252959,0.03498190591073591
2013,WA,0.015540015540015606,-0.01840030041306795
2014,WA,-0.0888803876562102,-0.025105744303452027
2015,WA,0.13925822253323994,0.13134120917303682
2016,WA,0.036363636363636376,0.09246309246309248
2017,WA,0.0,0.07574598316755932
2018,WA,0.0923423423423424,0.2897130860741777
2019,WA,0.019099294628323493,0.1536855036855036
2020,WA,-0.02342668512405499,0.08712660028449504
2021,WA,0.03053102169883326,0.12031768610715976
2022,WA,-0.05375092582795471,-0.029517091698317954
1984,WV,,
1985,WV,-0.0822591985001172,
1986,WV,0.013278855975485282,
1987,WV,0.011088709677419262,
1988,WV,0.08449651046859419,0.01968596203421602
1989,WV,0.07308664674787413,0.19228804902962215
1990,WV,-0.02612979224673373,0.1459173387096775
1991,WV,0.008797009016934254,0.1433200398803589
1992,WV,-0.14584695879659904,-0.09951735233279702
1993,WV,0.07937723328228685,-0.09423859498822018
1994,WV,0.028375502482856474,-0.04354519463382445
1995,WV,0.0315014945964589,-0.022018748637453678
1996,WV,-0.01136870263040568,0.131955079122001
1997,WV,0.06606538895152192,0.1179947978245448
1998,WV,-0.04166666666666663,0.04184870085077019
1999,WV,0.07481792098874429,0.0855996433348194
2000,WV,-0.029568788501026733,0.06561443066516337
2001,WV,-0.013330512060939492,-0.013747884940778388
2002,WV,-0.022732146686682442,0.0057382476274552285
2003,WV,0.09304366908053541,0.022792607802874842
2004,WV,-0.006223649869504078,0.047397376216673726
2005,WV,0.061414141414141366,0.12674244048895567
2006,WV,0.024362390559573566,0.18104015799868334
2007,WV,0.06819026384243765,0.15418590644448904
2008,WV,-0.12923986780309615,0.011313131313131386
2009,WV,0.06991610067918508,0.019413779977160317
2010,WV,0.04219566840926059,0.03716090672612404
2011,WV,-0.05177355786456472,-0.07931814228561485
2012,WV,0.021726808993009605,0.0803036356372353
2013,WV,-0.022928994082840215,-0.013442867811799819
2014,WV,-0.09462528387585167,-0.1429595127194554
2015,WV,0.08361204013377921,-0.02059323634989607
2016,WV,0.02662037037037046,-0.015902366863905337
2017,WV,0.040398346486283376,0.04788039364118091
2018,WV,0.055806393353801775,0.22198996655518388
2019,WV,0.04635648306534379,0.17997685185185186
2020,WV,-0.04234101683831948,0.10071401728673424
2021,WV,-0.13793103448275867,-0.08795376557702728
2022,WV,0.038811881188118846,-0.10263427984946971
1984,WI,,
1985,WI,0.08372978116079932,
1986,WI,0.1185250219490781,
1987,WI,-0.034850863422292044,
1988,WI,0.08148991541964867,0.2652711703139867
1989,WI,-0.05670025567754544,0.10131694468832309
1990,WI,0.005739795918367374,-0.009733124018838302
1991,WI,-0.0218769816106531,0.0035783994795055563
1992,WI,0.04343598055105358,-0.031734095352684566
1993,WI,-0.06943150046598323,-0.044802295918367374
1994,WI,0.09030211984643621,0.03551046290424864
1995,WI,0.13058787507654634,0.19692058346839536
1996,WI,-0.048476641841570745,0.09148803976390174
1997,WI,-0.030880888003415374,0.13670505758637952
1998,WI,0.02966226138032302,0.07348438456827933
1999,WI,0.08257273245864227,0.02789438050101567
2000,WI,-0.045580292451587456,0.03102319624306249
2001,WI,-0.01642512077294689,0.04640234948604993
2002,WI,-0.00014033118158851554,0.016115231032515664
2003,WI,-0.012631578947368438,-0.07324463180081675
2004,WI,-0.035820895522388096,-0.06376811594202902
2005,WI,-0.051157305027274114,-0.09682851529609882
2006,WI,0.125077688004972,0.016280701754386007
2007,WI,-0.032730285872117126,-0.0044065387348969365
2008,WI,-0.036836093660765235,-0.005454813504349065
2009,WI,0.004743551734361029,0.05313859540087007
2010,WI,-0.03053998229566246,-0.09252865626294715
2011,WI,0.002739309085375119,-0.05925185608223871
2012,WI,0.00030353619669143406,-0.0229765787133116
2013,WI,-0.037171901077226566,-0.06373561522573035
2014,WI,0.10699653324929081,0.06909146248668385
2015,WI,-0.04498220640569395,0.018212171801487376
2016,WI,0.06975704277835737,0.08890911849491734
2017,WI,0.04291486693604574,0.17948313898518742
2018,WI,-0.03286573146292582,0.03046263345195732
2019,WI,0.05981489155960773,0.14353853033238928
2020,WI,-0.009645464025026085,0.05865960707816642
2021,WI,-0.007370360621216099,0.007615230460921829
2022,WI,-0.027711482365420315,0.012985218952894062
1984,WY,,
1985,WY,-0.10326537377755673,
1986,WY,0.049537892791127636,
1987,WY,0.1327932370553011,
1988,WY,-0.07649253731343286,-0.015415216310293411
1989,WY,0.07037037037037042,0.17523105360443614
1990,WY,-0.04828562441019191,0.06569214512152177
1991,WY,-0.04858701041150226,-0.10494402985074625
1992,WY,0.01424352961611941,-0.01700336700336702
1993,WY,-0.048980989895530014,-0.12661214218307648
1994,WY,0.10156672069151806,0.010907288051561714
1995,WY,-0.07062285434036297,-0.012506513809275699
1996,WY,-0.04344766930518906,-0.06867614317520121
1997,WY,0.057006252298639204,0.03511615343057817
1998,WY,0.04053583855254006,-0.022233120810855045
1999,WY,0.035278381541548276,0.08918205804749335
2000,WY,0.028423772609819098,0.1710187568959176
2001,WY,-0.019786432160804,0.08594293667362551
2002,WY,-0.01121435437359819,0.031934459120548375
2003,WY,0.04828256642903428,0.04489664082687339
2004,WY,0.04080370942812972,0.057474874371859386
2005,WY,-0.0427680427680428,0.03268183274591485
2006,WY,0.022339435308718514,0.06772521062864545
2007,WY,0.010318664643399034,0.02905718701700155
2008,WY,0.05542204866326217,0.04351054351054362
2009,WY,-0.01223850860964848,0.07679180887372006
2010,WY,-0.018585218268261094,0.03368740515933233
2011,WY,0.01277157956547259,0.03619705617302493
2012,WY,0.03507754747064795,0.01622313931976671
2013,WY,0.15866125192550062,0.1920472554386976
2014,WY,-0.18588349045201835,-0.011156782149148614
2015,WY,0.09486342042755336,0.06899550659515863
2016,WY,-0.059118644067796655,-0.02828735471222521
2017,WY,0.011673151750972721,-0.15155910079767942
2018,WY,0.02977207977207974,0.07318883610451299
2019,WY,0.02628302669802185,0.005966101694915293
2020,WY,-0.005526351260277673,0.0632656002305807
2021,WY,0.038492816481431325,0.09145299145299135
2022,WY,-0.0460715217958757,0.011066537557061773
