year,state,gdp_1,gdp_4
1997,AL,,
1998,AL,0.03682223658694239,
1999,AL,0.03825148195346029,
2000,AL,0.01299151273210275,
2001,AL,-0.0014641783143928278,0.08887071751777631
2002,AL,0.023639894258357108,0.07502662154512185
2003,AL,0.03253254646512449,0.06910511986299328
2004,AL,0.06669119299033932,0.1257794378385173
2005,AL,0.038611221833917186,0.17096165410989617
2006,AL,0.013573878370465309,0.15944694207053978
2007,AL,0.010511999815929984,0.13471972590429115
2008,AL,-0.005237457647673249,0.05820380520204704
2009,AL,-0.033713428148047786,-0.015485192386176627
2010,AL,0.027101514428238715,-0.002345392421816417
2011,AL,0.009615201423879949,-0.003230780272787448
2012,AL,0.011435010090737219,0.013475319877751302
2013,AL,0.016140380163544465,0.06576374631099813
2014,AL,-0.004314299809289435,0.033165375648642526
2015,AL,0.01397728927063624,0.03762921308140932
2016,AL,0.018724548373464822,0.04510753625251929
2017,AL,0.01762966568136859,0.04663927689455449
2018,AL,0.019358263836152023,0.07152326879215787
2019,AL,0.018730231766125316,0.07654595375072448
2020,AL,-0.012728467364853446,0.04330770806359774
2021,AL,0.044178395849449936,0.07052634737588037
2022,AL,0.01688152187693781,0.06792528196339997
2023,AL,0.025214656204451735,0.07472284286886643
1997,AK,,
1998,AK,-0.019656205108227298,
1999,AK,-0.011936309877134899,
2000,AK,-0.03405968866176845,
2001,AK,0.041279688561235206,-0.025726181490589473
2002,AK,0.0472404934223678,0.040756313999955385
2003,AK,-0.015981500881762645,0.03649539628636278
2004,AK,0.03989571965563221,0.1158527223568171
2005,AK,0.03560392816248115,0.10977048262625466
2006,AK,0.07069637983371901,0.1346269034261074
2007,AK,0.05427352764258764,0.21563477628228434
2008,AK,-0.003991884564513493,0.16433030706551532
2009,AK,0.10065375971926804,0.23746588360341203
2010,AK,-0.02365523303106898,0.1284182542453447
2011,AK,0.007334302542309601,0.0781778972084739
2012,AK,0.05628405695201266,0.14342655017565797
2013,AK,-0.04308831721185413,-0.005901524788041956
2014,AK,-0.02424232439279772,-0.0064992917319017796
2015,AK,0.007087741284310667,-0.006742466995402041
2016,AK,-0.00404611678970801,-0.06347285040131445
2017,AK,0.0016272662488145961,-0.019709817015574504
2018,AK,-0.020005266017938172,-0.015453077013993566
2019,AK,-0.0029401900929122426,-0.025256561434098712
2020,AK,-0.037853581345926424,-0.058344041493418985
2021,AK,0.013451293683930388,-0.04722796442263344
2022,AK,-0.01385094214629834,-0.04124459790089863
2023,AK,0.05348692539615363,0.013014736657028347
1997,AZ,,
1998,AZ,0.09538980520139617,
1999,AZ,0.08507580809561488,
2000,AZ,0.04869667312042014,
2001,AZ,0.027394291710070906,0.2806068314013952
2002,AZ,0.031927066911058954,0.20641331982393218
2003,AZ,0.0649970137301259,0.18408923445791037
2004,AZ,0.04432396388315585,0.1791519841871978
2005,AZ,0.07100720781916303,0.22920701854078396
2006,AZ,0.04446062136767992,0.244136690994728
2007,AZ,0.034366941452862676,0.2083544340713106
2008,AZ,-0.014134168439810968,0.14071436657987113
2009,AZ,-0.08226039680704411,-0.022528753776344557
2010,AZ,0.01744730949301454,-0.0478094920661053
2011,AZ,0.028906032718930774,-0.052836552824485405
2012,AZ,0.02295365228556867,-0.01720469806095659
2013,AZ,0.006000458466533853,0.0773126940252129
2014,AZ,0.009574051252777549,0.06897618267331551
2015,AZ,0.022741524294613624,0.06257160103618564
2016,AZ,0.0337854216113147,0.07382287370997398
2017,AZ,0.04416999677751421,0.11456572126270537
2018,AZ,0.03992596795547265,0.14807411610453625
2019,AZ,0.03824325927696526,0.16547552229093787
2020,AZ,0.008224205099629955,0.13665815696389183
2021,AZ,0.07777558683244923,0.17324038799275887
2022,AZ,0.032417685332743806,0.16476957306083784
2023,AZ,0.02676528015917734,0.15189282118484937
1997,AR,,
1998,AR,0.03125706151504404,
1999,AR,0.0539634482060567,
2000,AR,0.007945595518637827,
2001,AR,0.0001978854525921392,0.09576016600080517
2002,AR,0.031696233697307896,0.09622680754082347
2003,AR,0.04455713772593617,0.08644330914160347
2004,AR,0.05472471539029411,0.13686553631145704
2005,AR,0.03563488540436799,0.1771446696123784
2006,AR,0.0216920954975095,0.1657301489702363
2007,AR,-0.007517599381671514,0.10761452383727699
2008,AR,-0.0034965494923556717,0.04647371843163395
2009,AR,-0.03339757806174526,-0.02328123068604926
2010,AR,0.028841942911562946,-0.01644610863919005
2011,AR,0.01983081550677923,0.010656276117786412
2012,AR,0.011926228156797114,0.026298095539831756
2013,AR,0.02766854004846664,0.09113555021209452
2014,AR,0.013072124483072711,0.07441091177149928
2015,AR,0.0010139247867133605,0.05458696410503827
2016,AR,0.012362125357414655,0.0550412378383105
2017,AR,0.006889914975344524,0.03370915899828786
2018,AR,0.020088373992796393,0.04086833474179108
2019,AR,0.006685067483730434,0.046765268549564976
2020,AR,0.0066438183876240675,0.040852636121945896
2021,AR,0.05862509487651213,0.09433286030483679
2022,AR,0.013179286089424869,0.08692091235977828
2023,AR,0.024965873226773017,0.10665875361589738
1997,CA,,
1998,CA,0.06757154878650584,
1999,CA,0.07592958927989857,
2000,CA,0.07785375294823704,
2001,CA,0.0001384840818403621,0.2382285670037685
2002,CA,0.02070069967085031,0.18386516213343662
2003,CA,0.04050382388892304,0.14488553939031878
2004,CA,0.03242668817123051,0.09663336286091173
2005,CA,0.04364159774482679,0.14433372295150249
2006,CA,0.03833937029813317,0.16410888880897945
2007,CA,0.022875018970160532,0.1443858968950147
2008,CA,0.010784713125358225,0.12039700615128535
2009,CA,-0.0372445448266544,0.03356203122115464
2010,CA,0.020454740781570058,0.01575968784524151
2011,CA,0.018123058363134437,0.011040782863374288
2012,CA,0.028524084594957477,0.028784648382147227
2013,CA,0.03764148087823149,0.10880662406616559
2014,CA,0.037746898916578564,0.12759595270391766
2015,CA,0.04829949095303254,0.16101708286682492
2016,CA,0.030531353453552956,0.16328292522252807
2017,CA,0.04453179821548203,0.17100754750825664
2018,CA,0.040291178016327533,0.17387854623818222
2019,CA,0.039222365802968895,0.163714044044738
2020,CA,-0.012705987706663646,0.11488884239834718
2021,CA,0.0755648887240501,0.14801224411024316
2022,CA,0.00676231625645185,0.11101150369753054
2023,CA,0.0207390727613741,0.09125139087551903
1997,CO,,
1998,CO,0.08975399798147854,
1999,CO,0.07067940717590915,
2000,CO,0.08006892845121816,
2001,CO,0.016381048281535637,0.280843154974304
2002,CO,0.004334636581645679,0.1804454463594174
2003,CO,0.009501362114944456,0.11299542889819447
2004,CO,0.016469973262053905,0.04745762427886824
2005,CO,0.047681182776134534,0.07971478272623833
2006,CO,0.023656747950039803,0.10048711150795286
2007,CO,0.039311564751661976,0.13298408974324571
2008,CO,0.011012299190123365,0.12690082309183892
2009,CO,-0.021803151347056682,0.05216248226574072
2010,CO,0.013518508911913196,0.041741924033188216
2011,CO,0.01638667132450644,0.018763422304722388
2012,CO,0.018930934154283152,0.02674276702934275
2013,CO,0.0419735293660215,0.0936845545820908
2014,CO,0.04615467283349273,0.1289021338250791
2015,CO,0.04796178808429952,0.16397266130401134
2016,CO,0.021659711593123854,0.16708987193245317
2017,CO,0.037087500429393794,0.1616171466422276
2018,CO,0.042818419053074264,0.15791267569015766
2019,CO,0.050359456140326886,0.16056190418850447
2020,CO,-0.006971136299648517,0.12803848080993774
2021,CO,0.06835941960806124,0.16205289925361743
2022,CO,0.022490825299199102,0.1394010752879551
2023,CO,0.028660387624172667,0.11586252202838399
1997,CT,,
1998,CT,0.03053816858381886,
1999,CT,0.031118230430378535,
2000,CT,0.06860184592890439,
2001,CT,0.010535150948672412,0.14746617389733796
2002,CT,-0.008592774503983991,0.10389531459800705
2003,CT,0.01029331992643856,0.08160056657223791
2004,CT,0.06742886399956727,0.08041331621871928
2005,CT,0.021857220651509746,0.09251830322745258
2006,CT,0.04366668641851357,0.15010757240598127
2007,CT,0.033423062165233386,0.17643823417713245
2008,CT,-0.0024855881134163704,0.09938388670607345
2009,CT,-0.04414218922565427,0.02837720760779172
2010,CT,0.004679683110208055,-0.010038644998155544
2011,CT,-0.019558171841720484,-0.06079169679990415
2012,CT,0.0080063221691129,-0.050913053307280354
2013,CT,-0.01797421504806196,-0.024930441214352506
2014,CT,0.006545878699630414,-0.023119246521579817
2015,CT,0.03171072938514796,0.027963440306045584
2016,CT,-0.002505301822666506,0.01724370083205029
2017,CT,0.021174423798696385,0.05779630838396188
2018,CT,0.0025840246156003666,0.05363272805133268
2019,CT,-0.001323462358166494,0.019896619107092173
2020,CT,-0.05686833243745715,-0.0356873065315616
2021,CT,0.03952324794586759,-0.018360194117683415
2022,CT,0.0290950195780717,0.007596979854528341
2023,CT,0.020998753744549514,0.03011858387845634
1997,DE,,
1998,DE,0.10181988413599385,
1999,DE,0.07752580239701157,
2000,DE,0.04144500560245268,
2001,DE,0.036851935988692075,0.28200986989681476
2002,DE,-0.030769207361604822,0.12773735549772525
2003,DE,0.009643263608178687,0.05669156280497223
2004,DE,0.053154074829593556,0.06857205058306826
2005,DE,-0.019993947044016802,0.009987097716539273
2006,DE,0.03058998632142851,0.07392645500569062
2007,DE,-0.00408409075627314,0.05932509080053716
2008,DE,-0.03465458430937396,-0.02899808815170768
2009,DE,0.05192082260803721,0.04225593993480081
2010,DE,-0.01292598813058099,-0.0017526216237551129
2011,DE,0.041170329131273276,0.04360774022344738
2012,DE,-0.007610033261372551,0.072844842659336
2013,DE,-0.027005884153600057,-0.007651814957318037
2014,DE,0.0772669276750444,0.08302302322823074
2015,DE,0.030414390150578008,0.07183471980985456
2016,DE,-0.05602588595901914,0.019542986066233503
2017,DE,-0.033163102191505756,0.013091201454189516
2018,DE,0.018701585494194317,-0.04198524371397638
2019,DE,0.05279692448388573,-0.021175365300638238
2020,DE,-0.02744197518948366,0.008463833064132897
2021,DE,0.026001270842436197,0.07017551426484703
2022,DE,0.009886252345953084,0.06091475152562098
2023,DE,-0.012102814057249667,-0.0044854110196869135
1997,DC,,
1998,DC,0.018176418382346293,
1999,DC,0.045270525638391845,
2000,DC,0.007247808827233859,
2001,DC,0.03687841119913582,0.1115164695984987
2002,DC,0.029416137393135866,0.12378657580858055
2003,DC,0.019741513128858523,0.09633993797830098
2004,DC,0.05524247940465132,0.14857978769850022
2005,DC,0.021933002462758422,0.13202433220045062
2006,DC,-0.000328789970252763,0.09931454622394464
2007,DC,0.03159718617562235,0.11209534769940221
2008,DC,0.034964679982473434,0.09072504955550209
2009,DC,-0.004884966230315313,0.062101812845034354
2010,DC,0.04104940940456214,0.10606412778150864
2011,DC,0.01863228155743002,0.09216333771493912
2012,DC,0.0075956241376948785,0.06328169570369058
2013,DC,0.004264052395484663,0.07305743389308761
2014,DC,0.022475559008113155,0.053912513331317635
2015,DC,0.017545961307935842,0.05278856848374547
2016,DC,0.024069360902546855,0.07000118962934554
2017,DC,0.01573918186507406,0.08222745836247758
2018,DC,0.027982379589393203,0.08805608907040208
2019,DC,0.005871496369610263,0.07557265034056182
2020,DC,-0.007957951254218054,0.041934595795724894
2021,DC,0.03567013616932946,0.06237955960887209
2022,DC,0.009485107197201081,0.04326335247521329
2023,DC,0.010162494376155795,0.04771386228877339
1997,FL,,
1998,FL,0.04974216400773135,
1999,FL,0.0475049930421525,
2000,FL,0.04469654536913237,
2001,FL,0.029979218470958413,0.1831978285682876
2002,FL,0.044238901373842454,0.1769949259682826
2003,FL,0.04768008910653321,0.17719166696780242
2004,FL,0.06665428552498742,0.201934228672918
2005,FL,0.059017793461165535,0.23582079318480131
2006,FL,0.029591769143800573,0.2184864163993756
2007,FL,0.014285071718441511,0.17964691235047026
2008,FL,-0.033093122833717015,0.0693330797600038
2009,FL,-0.05751088092639456,-0.04833063376075464
2010,FL,0.01365385471122127,-0.0630623219713562
2011,FL,-0.0030061397508135412,-0.0790349395086114
2012,FL,0.009967090705587767,-0.03802069800976016
2013,FL,0.026020756502245668,0.04723833006972433
2014,FL,0.028931467131569688,0.06302212178933098
2015,FL,0.04447696871357931,0.1136499107070641
2016,FL,0.03495050897054641,0.14119811675850147
2017,FL,0.03664716799369816,0.15301741057404517
2018,FL,0.03504587645926782,0.15986919870126215
2019,FL,0.027452658130383778,0.14096406812773465
2020,FL,-0.010093387110373553,0.0913061700240565
2021,FL,0.09023093429054807,0.14771523241126494
2022,FL,0.046061988454110914,0.1599304972859783
2023,FL,0.04980884419969245,0.18516924850199823
1997,GA,,
1998,GA,0.07552168536199977,
1999,GA,0.07084692084502775,
2000,GA,0.032755104765502585,
2001,GA,0.012013257890874929,0.20373285905190963
2002,GA,0.010877114462226167,0.1313821150265324
2003,GA,0.02748439904832245,0.08556830105531943
2004,GA,0.050494380681551654,0.10421473091006161
2005,GA,0.04247825560970364,0.13745530260808514
2006,GA,0.01390613018971254,0.14086360016633526
2007,GA,0.009668839478762958,0.12108215779277609
2008,GA,-0.021084079736111816,0.0446939958642405
2009,GA,-0.037030442225682414,-0.034983694102570406
2010,GA,0.016317081622906793,-0.03268899701328076
2011,GA,0.020414420886697426,-0.02239421646449169
2012,GA,0.016233686619339105,0.014873605482750962
2013,GA,0.02223372805567303,0.07733211383725758
2014,GA,0.03523043199422604,0.09738093531602354
2015,GA,0.04366392347692871,0.12238407166520426
2016,GA,0.04001010907993496,0.1486440532052098
2017,GA,0.0388539949650919,0.16731959699155952
2018,GA,0.029803101158045964,0.16119977144486897
2019,GA,0.03304468854935494,0.1493846143876647
2020,GA,-0.02975326373196574,0.07228445290103602
2021,GA,0.06128650830834936,0.09543884746855968
2022,GA,0.02595488989981809,0.09134536581096109
2023,GA,0.008062030964554046,0.06495279259217734
1997,HI,,
1998,HI,-0.02761620713887447,
1999,HI,0.011298457404306683,
2000,HI,0.019016273541780926,
2001,HI,-0.004927097720497042,-0.0028670311216392186
2002,HI,0.03157839011090813,0.05783419089642905
2003,HI,0.052417440726675535,0.10084529818610655
2004,HI,0.056508547978855184,0.1413482765035221
2005,HI,0.05206686667051286,0.20672033404801593
2006,HI,0.026747315329049615,0.2010690367443293
2007,HI,0.02057871974512948,0.16473316804751947
2008,HI,0.005182241957450762,0.1081491951768303
2009,HI,-0.03529471483869617,0.016130646446007146
2010,HI,0.027141671782348498,0.01652092521453974
2011,HI,0.013713348973206418,0.009682850978816937
2012,HI,0.01969310987350692,0.024258689942236344
2013,HI,0.02339314306046192,0.08656947995439723
2014,HI,0.009561072280464655,0.06797171162035553
2015,HI,0.031396631691325005,0.08660148080576158
2016,HI,0.021617599358913164,0.08865224794774695
2017,HI,0.020613887643806894,0.08569576668003553
2018,HI,0.016011638173575315,0.09263279334947838
2019,HI,0.0012258488637542087,0.06067070843906808
2020,HI,-0.1051522677420842,-0.0709451572538472
2021,HI,0.05690234632660118,-0.03791212812970335
2022,HI,0.012956259695797057,-0.04080534555655113
2023,HI,0.019672250426586047,-0.023133319017418663
1997,ID,,
1998,ID,0.05314777554790129,
1999,ID,0.09643511508269453,
2000,ID,0.11091775152549554,
2001,ID,-0.022043259092643486,0.2545090593384738
2002,ID,0.02351556820562095,0.2192111900154845
2003,ID,0.034150941503395815,0.14995258971698844
2004,ID,0.06973842995890789,0.10732633101038291
2005,ID,0.07607944560014945,0.2184292561515051
2006,ID,0.023708999711790746,0.21865952388118104
2007,ID,0.017674098513959846,0.19924295631186628
2008,ID,0.03342549436113629,0.15853390911019982
2009,ID,-0.04073533693811027,0.03276820732186225
2010,ID,0.022036324113316574,0.031080729552541486
2011,ID,0.001239094056180834,0.01442921369764183
2012,ID,-0.01111093391171214,-0.029288552276050317
2013,ID,0.04455120606767271,0.057015704328441386
2014,ID,0.031111721820971994,0.06640170918334753
2015,ID,0.015057295885746669,0.08111922684358253
2016,ID,0.03912052573738212,0.13603559580888058
2017,ID,0.03538488838414322,0.12606646924955767
2018,ID,0.0646739361432287,0.16271941711374893
2019,ID,0.046479103591531956,0.1987122089378306
2020,ID,0.019164103946158972,0.17569081165489586
2021,ID,0.06247751109050359,0.20645477966027315
2022,ID,0.0419442932327494,0.180698268301823
2023,ID,0.03523636153427501,0.16801355626848213
1997,IL,,
1998,IL,0.03280486619482015,
1999,IL,0.03785722873097752,
2000,IL,0.0350279834024696,
2001,IL,0.0018816453925811771,0.11153822430778759
2002,IL,0.005801532616806604,0.08247635750396287
2003,IL,0.016104463602658825,0.05978840649307737
2004,IL,0.032108931178618905,0.05679952333784599
2005,IL,0.020808137285010186,0.07676346588770566
2006,IL,0.025061902309157835,0.09738270512296321
2007,IL,0.012826494286781953,0.09384253089480055
2008,IL,-0.013613158281828408,0.04538566307552694
2009,IL,-0.024108962339774775,-0.0006128848000521714
2010,IL,0.019704660254540318,-0.005835943690770007
2011,IL,0.022285400654548093,0.00344867196242693
2012,IL,0.02395375133898714,0.04166538773194883
2013,IL,0.005958974523704974,0.07375988179174686
2014,IL,0.020183793727006405,0.0742644144479272
2015,IL,0.017171866914950762,0.06889087852047382
2016,IL,0.001187025009785847,0.04512501402197189
2017,IL,0.007771131988963953,0.047007726085041446
2018,IL,0.022442121218961608,0.049325432312729456
2019,IL,0.0075956187379422335,0.039446471750488765
2020,IL,-0.055682675105042656,-0.01959645195628723
2021,IL,0.052503665407281463,0.0239213003231884
2022,IL,0.013394092119241252,0.014860181332802203
2023,IL,0.013189405012365096,0.020494297685857088
1997,IN,,
1998,IN,0.06412787019554567,
1999,IN,0.03191096983725572,
2000,IN,0.037662493681757114,
2001,IN,-0.018301705004903357,0.11858812170637911
2002,IN,0.02496892849684018,0.07742509208408843
2003,IN,0.04389451523387833,0.08993719136382183
2004,IN,0.03676770682474917,0.08899732750660938
2005,IN,0.008310189131847112,0.11851788564810528
2006,IN,0.020176298194908737,0.11328783177723234
2007,IN,0.03243319345141438,0.10106461392303978
2008,IN,-0.0008597239771562792,0.06110365420555208
2009,IN,-0.07008809051805565,-0.021399430575893885
2010,IN,0.0698584671218756,0.02625801734578448
2011,IN,0.0024974137269830887,-0.0034987108789175103
2012,IN,0.00728821445277128,0.0046277067462652255
2013,IN,0.02881100865083641,0.1114730693921393
2014,IN,0.03187324171071815,0.07201032139625685
2015,IN,-0.007627655471721506,0.06118318255555888
2016,IN,0.021201318151071513,0.07584070703558954
2017,IN,0.02610670670808557,0.073012784229882
2018,IN,0.03140133099958109,0.07252205900744513
2019,IN,0.0061871733843072985,0.0874526531248645
2020,IN,-0.031963282032208995,0.030838952678114318
2021,IN,0.06922984191698589,0.07416096513971482
2022,IN,0.031137010449133085,0.07388568643971505
2023,IN,0.01379513405244115,0.08200552763886804
1997,IA,,
1998,IA,0.00664129914956435,
1999,IA,0.021915046558319773,
2000,IA,0.04560029882749017,
2001,IA,-0.009633987352636875,0.06524858087455554
2002,IA,0.023093049130409327,0.0826581619585065
2003,IA,0.049160073018547745,0.11152264572286974
2004,IA,0.08427815873066691,0.15263904289556285
2005,IA,0.03061520214244684,0.1994831254513867
2006,IA,0.013524332993982924,0.18826468002490926
2007,IA,0.04581498929061145,0.1844760828910168
2008,IA,-0.014548192345648858,0.07651720880807589
2009,IA,-0.023256190755728046,0.02024646741323788
2010,IA,0.03098115827002146,0.03781907395097761
2011,IA,0.018355981783875652,0.010570007878991428
2012,IA,0.03867541974230582,0.06515023764699879
2013,IA,0.0008506719664973517,0.09143904574025807
2014,IA,0.05401793778069797,0.11582672775013281
2015,IA,0.03149743857658405,0.1302260036351639
2016,IA,0.003982489305830672,0.09247518044601177
2017,IA,0.002115890384989161,0.09385622534987315
2018,IA,0.011329859719438895,0.04955468335349322
2019,IA,-0.004896824277088374,0.01252330780496913
2020,IA,-0.006275010832717309,0.002178547731241931
2021,IA,0.06056588579364708,0.060632197728790915
2022,IA,-0.0031465585869558943,0.04545005392477797
2023,IA,0.013121296683334505,0.06437979507047631
1997,KS,,
1998,KS,0.035230240208690144,
1999,KS,0.02540006410614981,
2000,KS,0.029046710261987574,
2001,KS,0.005328131981497952,0.0981792010324205
2002,KS,0.013194491525778451,0.07480353063288403
2003,KS,0.02012548481831966,0.06927482370218496
2004,KS,0.010580086762379981,0.05008629184060376
2005,KS,0.038423567950817805,0.08465516794016437
2006,KS,0.05052620531807683,0.12461989004588991
2007,KS,0.05473064395992844,0.1627697557712693
2008,KS,0.025617989422411336,0.1800723116323646
2009,KS,-0.03641394764540118,0.09502639900855181
2010,KS,0.01386585860009526,0.056813123366521
2011,KS,0.027571399477723135,0.029600255177014922
2012,KS,0.015153872378190103,0.01909550809764715
2013,KS,0.004169856693659435,0.06201723014041338
2014,KS,0.022608722194463526,0.07117531717848258
2015,KS,0.029151236680788672,0.0728221931210633
2016,KS,0.038089539515745674,0.09706077742706909
2017,KS,0.00989955886559879,0.10332050677193338
2018,KS,0.021189773962914105,0.10178956473326539
2019,KS,0.0032674330332298496,0.07407886125448138
2020,KS,-0.010630360601039057,0.023669900518513476
2021,KS,0.025507176897226147,0.03949033400371427
2022,KS,0.011309895058892794,0.02943339954969737
2023,KS,0.0432221590369497,0.07043017475023716
1997,KY,,
1998,KY,0.03235338677951649,
1999,KY,0.030792841991889697,
2000,KY,-0.028118041600633137,
2001,KY,0.0013370494286193413,0.035603683369882955
2002,KY,0.02553305181618226,0.028761875031481088
2003,KY,0.030504976870111777,0.028474577089186326
2004,KY,0.02852326258682014,0.08841410047113296
2005,KY,0.03805820082283673,0.12832855183973857
2006,KY,0.023704811449863028,0.1263170556707065
2007,KY,-0.002911997149183776,0.08979311000170687
2008,KY,0.0039070994133161285,0.06371054483571204
2009,KY,-0.04505299548188657,-0.021454483322794093
2010,KY,0.048327801258528424,0.0020822979983106116
2011,KY,0.00893955996285345,0.0139932181495237
2012,KY,0.019482477289110234,0.02972507973851024
2013,KY,0.024148170286280246,0.1043451116371199
2014,KY,0.0004972089192569751,0.05395869550547716
2015,KY,0.01367559673529617,0.0589060554233829
2016,KY,0.0076200415966747315,0.04658489712334846
2017,KY,0.012719942370223558,0.03490630306357967
2018,KY,0.01167249611915655,0.046465930675349876
2019,KY,0.02816158679149905,0.06142051290534578
2020,KY,-0.025743400977709996,0.026275675697188916
2021,KY,0.04011996773455473,0.05404246330392404
2022,KY,0.013995752338101575,0.0564630200723415
2023,KY,0.03523724295979047,0.06373344252400459
1997,LA,,
1998,LA,0.03443955006880395,
1999,LA,0.01967313187164854,
2000,LA,-0.03241218070662033,
2001,LA,0.01926159527605331,0.040260590503813365
2002,LA,0.020525832558718315,0.02626857715495956
2003,LA,0.040584837945024654,0.047315544233923035
2004,LA,0.04940065123269033,0.13586962573363848
2005,LA,0.06367764494878547,0.18536706775652645
2006,LA,-0.009701840312324461,0.1502568463264482
2007,LA,-0.05229147724950711,0.04759187032597412
2008,LA,0.012147740294872644,0.010403169710443416
2009,LA,0.020278273663891566,-0.03082253670346602
2010,LA,0.04795203019157501,0.025601714334038572
2011,LA,-0.04825482143822335,0.029970147265520275
2012,LA,0.004895208383163485,0.022589909120667384
2013,LA,-0.024480564053316445,-0.02227033829911096
2014,LA,0.027742456835035956,-0.041125685444529436
2015,LA,-0.014231232428513652,-0.006847239569234831
2016,LA,-0.016820398348638355,-0.02830909408918847
2017,LA,0.018155057307405187,0.014159199229709873
2018,LA,0.022472519156221393,0.008958912192045032
2019,LA,0.004652143399221043,0.028286518178793907
2020,LA,-0.07117925679013459,-0.02856624929634044
2021,LA,0.02267712530039301,-0.024251690880275234
2022,LA,-0.011760387394963767,-0.0569202468148029
2023,LA,0.029981540441308407,-0.03314321944495302
1997,ME,,
1998,ME,0.03914732865623316,
1999,ME,0.05155540783364665,
2000,ME,0.04619095501211956,
2001,ME,0.020916377918558826,0.1671063140852671
2002,ME,0.02478997969156338,0.15098102350509457
2003,ME,0.02663766886556629,0.12370728739260728
2004,ME,0.03608145929145046,0.11284874005117218
2005,ME,0.011112280011130737,0.10216179424483318
2006,ME,0.006650478186666531,0.08265275734796451
2007,ME,0.0007768479311838217,0.05538092626190161
2008,ME,-0.0031233030053671174,0.015445882568533298
2009,ME,-0.017934634581611486,-0.013725526391305753
2010,ME,0.02019165654276356,-0.0004584403027373396
2011,ME,-0.008819433441463742,-0.010042876703657666
2012,ME,-0.004172997676246015,-0.011085285177900972
2013,ME,-0.002835335923097815,0.004119322532234904
2014,ME,0.009758717861385158,-0.006149253233486474
2015,ME,0.016331654075026236,0.019069589784232566
2016,ME,0.024339943529877894,0.04824802261509897
2017,ME,0.015531029013283959,0.0675552708768612
2018,ME,0.028661631793982956,0.08754014948867095
2019,ME,0.023838731728242468,0.09557320476198328
2020,ME,0.01611726690700399,0.08677871789622671
2021,ME,0.05116092114279591,0.12490833420634084
2022,ME,0.02178075600501783,0.11738364942914492
2023,ME,0.018881838331250345,0.11197386030697265
1997,MD,,
1998,MD,0.04660860005421119,
1999,MD,0.041222474281446875,
2000,MD,0.040120750799301996,
2001,MD,0.04364035511167419,0.18293929185333324
2002,MD,0.033255934099403195,0.1678473145772852
2003,MD,0.02510431290876758,0.1497689961199382
2004,MD,0.04640455560236045,0.15671523186677216
2005,MD,0.045391595891941305,0.15865621361903925
2006,MD,0.012988089772743017,0.13592857858617924
2007,MD,0.005727944609153823,0.11445742660332581
2008,MD,0.01929657723046696,0.08558648213446474
2009,MD,-0.005558226832195201,0.032677659226549194
2010,MD,0.04858099866244725,0.06896239170107377
2011,MD,0.021362764585056704,0.08558024014094379
2012,MD,0.0039035873076074257,0.06918626210724099
2013,MD,0.008494813334815943,0.08429556050240605
2014,MD,0.015661492151564982,0.0502548189581562
2015,MD,0.022687021441422317,0.0516165360611891
2016,MD,0.0348650638858401,0.08404953178128904
2017,MD,0.01980758304165131,0.09620983497937097
2018,MD,0.006920939820797223,0.086776101888002
2019,MD,-0.00033467426653044363,0.06231169763157829
2020,MD,-0.034333367632153666,-0.008722010843705275
2021,MD,0.04471442914784696,0.015488054598969958
2022,MD,0.015711300148088636,0.02435320533222818
2023,MD,0.021136715447123144,0.04635485559451036
1997,MA,,
1998,MA,0.04067900390179724,
1999,MA,0.05464458886381229,
2000,MA,0.0812849612774662,
2001,MA,0.014587574059147013,0.20407246008637348
2002,MA,0.0006976130710225625,0.1578137276292053
2003,MA,0.02218629038984532,0.12218024129128047
2004,MA,0.027239788258943687,0.06609102570938408
2005,MA,0.022529824509789353,0.07443644817054329
2006,MA,0.023618020330127276,0.09904580133020424
2007,MA,0.031498894070894234,0.10905863174216912
2008,MA,0.016243018998859604,0.09718597843515098
2009,MA,-0.013896821374719925,0.05809977855333659
2010,MA,0.0476384272557282,0.08292934069854252
2011,MA,0.022350879500132814,0.07332520690377131
2012,MA,0.02247260899543302,0.07990471185189363
2013,MA,0.007667297831533748,0.10352008440371296
2014,MA,0.019012845801510414,0.07336759739995702
2015,MA,0.036569807732338644,0.08829606974759896
2016,MA,0.014121536465780293,0.07940738233217037
2017,MA,0.016230024452577485,0.08857972557238147
2018,MA,0.03609062240275662,0.10682338309109363
2019,MA,0.031759154691357594,0.10168668777739898
2020,MA,-0.018545412067134448,0.0661990849261247
2021,MA,0.06421310889462783,0.1165415462715329
2022,MA,0.021027129900331287,0.10030839557289672
2023,MA,0.017854823393496977,0.0854802717880978
1997,MI,,
1998,MI,0.01845393588718447,
1999,MI,0.06112884537752428,
2000,MI,0.021888061645284562,
2001,MI,-0.030691254054275974,0.07047115216131505
2002,MI,0.027546566689057972,0.0800281862378538
2003,MI,0.024253502234061752,0.042496071127022805
2004,MI,0.016762826948802045,0.0372674778639952
2005,MI,0.017963122576830637,0.0893330377243402
2006,MI,-0.02031748719056825,0.03859091381408364
2007,MI,-0.0017126133508184038,0.012261326798095107
2008,MI,-0.05731287703047461,-0.061486422830581255
2009,MI,-0.08557721391030604,-0.1569456879284029
2010,MI,0.05999177030058589,-0.08783649699977425
2011,MI,0.02882035209615852,-0.05993766036057435
2012,MI,0.02051480971679709,0.01767332584012493
2013,MI,0.02045596117958337,0.13567906190074353
2014,MI,0.01428783245649834,0.08671169563409387
2015,MI,0.023113646160060508,0.08068387544987332
2016,MI,0.019446466268000062,0.07955254298162795
2017,MI,0.009880848009484966,0.06836500451901606
2018,MI,0.02324582286926491,0.07780059386709914
2019,MI,0.001939080146195371,0.055494215772859956
2020,MI,-0.029664270326344666,0.004646917633275072
2021,MI,0.05774575374285762,0.05226375292886676
2022,MI,0.01580094073377225,0.04460774355074926
2023,MI,0.014583489998670318,0.05779062932320311
1997,MN,,
1998,MN,0.05430053091112619,
1999,MN,0.03903981087311337,
2000,MN,0.06615623103527968,
2001,MN,0.0006573111531007481,0.16869943848753088
2002,MN,0.020735150864056306,0.13149198229880033
2003,MN,0.04392139571749576,0.1368079230881032
2004,MN,0.046143671814040665,0.1154691781446131
2005,MN,0.027258531716515044,0.1451225283063402
2006,MN,0.0016950489327323126,0.12376218851168197
2007,MN,0.00640249681827032,0.08337378368493376
2008,MN,0.016706989954241802,0.052889510573306486
2009,MN,-0.04014091610990844,-0.016191611115014104
2010,MN,0.037782542967550015,0.01925149045878105
2011,MN,0.023114531735498378,0.03617689212643982
2012,MN,0.01852904049416715,0.038033834868460126
2013,MN,0.02716241727635138,0.11081862008008758
2014,MN,0.026834700681829693,0.09910030091670707
2015,MN,0.020176662072582507,0.09594423839349431
2016,MN,0.014900297056472,0.09203968554812736
2017,MN,0.011746314070933739,0.07564987590004701
2018,MN,0.028410425180965593,0.07730050950331613
2019,MN,0.010660644731889768,0.067251651584195
2020,MN,-0.028646117985172803,0.021458992434761237
2021,MN,0.046369278848409134,0.05641433472249657
2022,MN,0.011683509311822604,0.03923194015784559
2023,MN,0.011888586866924289,0.040494596118622495
1997,MS,,
1998,MS,0.0291431849321655,
1999,MS,0.02899732959836232,
2000,MS,0.0038387695424140222,
2001,MS,-0.004698958033994227,0.05805555964124842
2002,MS,0.011185311525896857,0.039593184264309134
2003,MS,0.04442188417061921,0.05517656950972105
2004,MS,0.02640081569751951,0.07889247208829575
2005,MS,0.022909257715585163,0.10881939357646586
2006,MS,0.021101957917597947,0.11969353278025396
2007,MS,0.017321512392814986,0.09064003296811207
2008,MS,0.015969155327214102,0.07955548759735431
2009,MS,-0.03722791819726956,0.01608806096528359
2010,MS,0.01283029612756259,0.007857015354189034
2011,MS,-0.002068187398207133,-0.011352295293365011
2012,MS,0.020240189086224047,-0.007196118208235069
2013,MS,0.0035546474115595306,0.03485858010630216
2014,MS,0.0024478894863650957,0.024250364064705154
2015,MS,0.00093412967659523,0.027331861535846658
2016,MS,0.00465532071256658,0.01163866300341021
2017,MS,0.003369999363121101,0.011452527544489
2018,MS,-0.0009666181241804184,0.008007348608777942
2019,MS,0.0032956719685444114,0.010385579017510693
2020,MS,-0.0058242467063331915,-0.00015376077007756006
2021,MS,0.03916861778748815,0.03551913559312814
2022,MS,-0.0003993047194140731,0.03610716788231061
2023,MS,0.00698098778042433,0.0399130072129108
1997,MO,,
1998,MO,0.022607120100146094,
1999,MO,0.028312349037450835,
2000,MO,0.02487412716200077,
2001,MO,-0.008696615542054698,0.06834367220968307
2002,MO,0.01773016551508544,0.06324859369106939
2003,MO,0.026312681204402777,0.061180988441237094
2004,MO,0.026317927863499957,0.06267593676213146
2005,MO,0.022260380713951422,0.09586179642070802
2006,MO,0.004263660025856542,0.08136146087305662
2007,MO,0.006150580876561618,0.060117917200578797
2008,MO,0.0331609790205909,0.06718633230178805
2009,MO,-0.02791375639599336,0.014807159276053916
2010,MO,0.022169668622231686,0.03290115833322593
2011,MO,-0.010143033598841056,0.01617434468827783
2012,MO,0.012048772595928403,-0.004590747068132339
2013,MO,0.018587299162300175,0.04302599607413571
2014,MO,0.005271405711500643,0.025782941378387436
2015,MO,0.014465884411256624,0.05128501809995223
2016,MO,0.001342164651201072,0.04016332433208114
2017,MO,0.009242168150071617,0.030620241919810054
2018,MO,0.009344185087212686,0.03479572014552512
2019,MO,0.021320099407223125,0.04178729320064045
2020,MO,-0.0174662990119695,0.022219138437336028
2021,MO,0.04707396244943318,0.060537378989172996
2022,MO,0.019715101441153404,0.07143430058462852
2023,MO,0.02224903735839634,0.0724088197237105
1997,MT,,
1998,MT,0.04350003980786066,
1999,MT,0.005636426639030301,
2000,MT,0.027828181605518143,
2001,MT,0.005410027157782604,0.08441920331201391
2002,MT,0.02980152709118511,0.07018352561188457
2003,MT,0.047104010836566124,0.11431272009964144
2004,MT,0.04823898211322142,0.13644094643181193
2005,MT,0.05139662082982621,0.18842078214478009
2006,MT,0.03104327009704244,0.18985378953059362
2007,MT,0.04999875171638979,0.19314316515127872
2008,MT,-0.00019972561504777442,0.13800849258049408
2009,MT,-0.026418989138939364,0.0537825941465675
2010,MT,0.03740742188263346,0.060287105230308446
2011,MT,0.025015422723911884,0.03505897849858641
2012,MT,0.01830598958931562,0.05421731158425924
2013,MT,0.017721993002339342,0.10201424579368013
2014,MT,0.0233183419151628,0.08704773745108274
2015,MT,0.03463318799047799,0.09724755468365953
2016,MT,-0.012058887567621857,0.06452871815579386
2017,MT,0.027143692678047726,0.07438373745142934
2018,MT,0.02031132338226338,0.07122666337425043
2019,MT,0.017468405621271943,0.05345478754584887
2020,MT,-0.0031658084735557424,0.06293759641954999
2021,MT,0.05567030040111964,0.09245829937797212
2022,MT,0.0194780178274665,0.09156607016479623
2023,MT,0.022399478358161806,0.09685625083219218
1997,NE,,
1998,NE,0.024007051116539335,
1999,NE,0.02206072607260734,
2000,NE,0.03677421271462156,
2001,NE,0.024915221719186587,0.11212032319419896
2002,NE,0.014162232991888679,0.10142838283828381
2003,NE,0.05845994160597945,0.14065416275408116
2004,NE,0.026009305780613223,0.12881066225479088
2005,NE,0.04357691849248835,0.14936409130635075
2006,NE,0.029260967045983355,0.16647569552648123
2007,NE,0.02525513034972282,0.1298823358890826
2008,NE,0.0007957450689362044,0.10211615802647911
2009,NE,0.00126476941240794,0.05743051736537064
2010,NE,0.03954937871550546,0.06800050964419446
2011,NE,0.055737496728907265,0.0997537599956706
2012,NE,-0.00043650931067973353,0.09839966112591503
2013,NE,0.01546136573118062,0.1139735003960538
2014,NE,0.0383337732600002,0.11267086649323454
2015,NE,0.03449057040999759,0.0902781448263168
2016,NE,0.013894089641660834,0.10590930681406885
2017,NE,0.015801739609292653,0.1062799980607314
2018,NE,0.018856532102363266,0.08552821008561029
2019,NE,0.015440078889053632,0.0655378432775442
2020,NE,-0.004637524729020126,0.04606230178783566
2021,NE,0.05205350120497498,0.08339399723583618
2022,NE,0.0268353212875021,0.09187818714484397
2023,NE,0.05183030695639923,0.13100772031772379
1997,NV,,
1998,NV,0.057308774438449284,
1999,NV,0.07113876905294259,
2000,NV,0.04286635601456967,
2001,NV,0.012691381079381392,0.1960610440445023
2002,NV,0.03365348640589394,0.16930143589084978
2003,NV,0.0476393346319397,0.14364843629361168
2004,NV,0.1069660236971568,0.21394266363093184
2005,NV,0.08113407905404912,0.29598691979602165
2006,NV,0.03727745188673559,0.3005306202940419
2007,NV,0.009190142669863066,0.25280011818396986
2008,NV,-0.031627236434941475,0.09594828266593969
2009,NV,-0.08145111872289623,-0.06886473335372967
2010,NV,0.016463501118640256,-0.08754884102729454
2011,NV,0.012109593574833433,-0.08490924294842639
2012,NV,-0.009388171914879506,-0.06389382083673767
2013,NV,0.010932531204081997,0.030255665720865244
2014,NV,0.005218288846781105,0.018857869693200247
2015,NV,0.03958814509757502,0.046519635419408845
2016,NV,0.03277925589136199,0.09106689391486289
2017,NV,0.046098454304090764,0.1290203411569617
2018,NV,0.0333298406670135,0.1605940940210704
2019,NV,0.042296391393424226,0.1636175746859274
2020,NV,-0.05676353306825399,0.062730998657756
2021,NV,0.09233753473439021,0.10970526185499785
2022,NV,0.03381116481293245,0.11022216160603904
2023,NV,0.02664904804989887,0.09355509118951733
1997,NH,,
1998,NH,0.07697749801084153,
1999,NH,0.035640393416371596,
2000,NH,0.06728503630974236,
2001,NH,0.016082643947812558,0.2095534485934787
2002,NH,0.02843190309691912,0.1550318900181058
2003,NH,0.04167362487435833,0.16176064912998944
2004,NH,0.034917134759238744,0.1265275548421616
2005,NH,0.01648445594719128,0.12697304251175479
2006,NH,0.02686177057080541,0.12525246478096608
2007,NH,0.007266414185608472,0.08808458636950744
2008,NH,-0.010395657703614614,0.04044391120022328
2009,NH,-0.009789930838422611,0.01355021342484708
2010,NH,0.0347779955914016,0.02136381773761098
2011,NH,0.007054107996666392,0.021148540173886454
2012,NH,0.008409446675287535,0.0405530678862176
2013,NH,0.019175841085919965,0.07099148068188565
2014,NH,0.017652185199606985,0.05326632890292582
2015,NH,0.032316798592330276,0.07968828693935892
2016,NH,0.01786198314912002,0.08980897050327474
2017,NH,0.005493205641590393,0.07517807145108724
2018,NH,0.013425786774017068,0.07071276299452611
2019,NH,0.02141376816438645,0.05940420553383596
2020,NH,-0.010104580203543323,0.030296236751589545
2021,NH,0.08064234973630136,0.1072991244105661
2022,NH,0.0028968707343743905,0.09579491792219463
2023,NH,0.01224840683079953,0.08596211883205296
1997,NJ,,
1998,NJ,0.01579776952196843,
1999,NJ,0.0359697708749922,
2000,NJ,0.054566926711479224,
2001,NJ,0.011371269980343435,0.1223778757228331
2002,NJ,0.015934454601020498,0.12252890215080181
2003,NJ,0.02330014242334455,0.10880067907294655
2004,NJ,0.012000583598944514,0.06404525487620094
2005,NJ,0.01899346107793365,0.07206442301937788
2006,NJ,0.016204033327610556,0.07234889586176552
2007,NJ,0.010109309793934207,0.058525801132053745
2008,NJ,0.0220727080412777,0.06906097647405507
2009,NJ,-0.046825494715918126,8.0533306194841e-06
2010,NJ,0.015378443091414562,-0.0008043788757786663
2011,NJ,-0.011329313849266387,-0.022011369702926276
2012,NJ,0.022335209368885778,-0.021760190592263418
2013,NJ,0.018231065698856463,0.04500713995221495
2014,NJ,-0.00044837362974570194,0.02871849743783117
2015,NJ,0.018781439658634547,0.060048938948106034
2016,NJ,0.009691530093225875,0.046938837018977164
2017,NJ,0.005173326892084162,0.03351295134235355
2018,NJ,0.02847971323536025,0.06342391506236922
2019,NJ,0.016837421868331814,0.06139471141864439
2020,NJ,-0.034252039382885346,0.015200927621630722
2021,NJ,0.05543519224180149,0.06596420492107358
2022,NJ,0.02817119501668719,0.06564444229139887
2023,NJ,0.015074266546245774,0.06379665755268893
1997,NM,,
1998,NM,-0.0040459928345774054,
1999,NM,0.05468109707744295,
2000,NM,0.018381148401730663,
2001,NM,0.0036104259642695258,0.07358382897113236
2002,NM,0.03218651878722789,0.1126404905040157
2003,NM,0.04540260319406908,0.10285210232284636
2004,NM,0.08866933784284736,0.17897043740324303
2005,NM,0.00635444484612413,0.1821939164123163
2006,NM,0.026172738218154024,0.17530615468127664
2007,NM,0.009460840499353473,0.134898205843071
2008,NM,-0.004244213427778587,0.03803920653986537
2009,NM,0.020404907603279954,0.05253204381668186
2010,NM,-0.0011912468677472976,0.024465159873298337
2011,NM,-0.0018595474035779658,0.012976509162422323
2012,NM,0.0023202061129312668,0.019654454579055347
2013,NM,-0.0072541052241896775,-0.00798421652948611
2014,NM,0.027935496759300404,0.020944434034016357
2015,NM,0.009531305501661924,0.03259552766743634
2016,NM,-0.004923858790916724,0.025132654050576075
2017,NM,0.001790560329308466,0.034472387463375664
2018,NM,0.030757396462400388,0.03731223230991643
2019,NM,0.04547602443873133,0.07424610096477258
2020,NM,-0.029212653141681866,0.04802484859232514
2021,NM,0.021129728781820623,0.06825655159687627
2022,NM,0.017501855435698488,0.05451877140210448
2023,NM,0.04094457878892577,0.049948131437525856
1997,NY,,
1998,NY,0.02430091541441204,
1999,NY,0.053784887779059876,
2000,NY,0.038294252151047425,
2001,NY,0.01948898159496304,0.14256920123351846
2002,NY,-0.009812088637629612,0.10451742640361128
2003,NY,0.0064971713704138345,0.05495312971089539
2004,NY,0.02658174095604182,0.04305269751997565
2005,NY,0.02521196272572368,0.048907955412961446
2006,NY,0.029298744926765652,0.0903381364904936
2007,NY,0.010623122296470777,0.09480777810691565
2008,NY,-0.018985980857274987,0.04621165148443018
2009,NY,0.03870873160721788,0.05998487826542642
2010,NY,0.03778124407849015,0.06872026327880953
2011,NY,0.0060929406045162615,0.06392965749935242
2012,NY,0.03883321711132348,0.1266357537337106
2013,NY,0.0037011118439655988,0.08866472790304569
2014,NY,0.022344851373468533,0.07247147295658629
2015,NY,0.01983833405226698,0.08712373992152433
2016,NY,0.01579514881259536,0.0630147390184499
2017,NY,0.021522439973951313,0.08188921693574058
2018,NY,0.024856033112245823,0.08454665727135624
2019,NY,0.026762102606145977,0.09190973609483288
2020,NY,-0.034615280461648634,0.03772200091061806
2021,NY,0.04477551716767425,0.06134383127727605
2022,NY,0.022646001483816347,0.05905511621879311
2023,NY,0.006912010186872264,0.03858071238105065
1997,NC,,
1998,NC,0.03346523565808135,
1999,NC,0.0569706223032751,
2000,NC,0.03248391327265554,
2001,NC,0.008639593372094412,0.13756990642148126
2002,NC,0.01613694619908057,0.11849607603204637
2003,NC,0.027678410631419625,0.08749878706116143
2004,NC,0.03953927814475411,0.09493009000162189
2005,NC,0.05165778447541647,0.14162854618555576
2006,NC,0.06411472068180935,0.19553151382866396
2007,NC,0.015418433408638244,0.18126908603313296
2008,NC,0.030900517407905337,0.17145252477891204
2009,NC,-0.038722820571525096,0.07077663045640858
2010,NC,0.017778110916037537,0.024149929493211708
2011,NC,0.004501583302629841,0.013139206328747433
2012,NC,0.008108627772432264,-0.009260003474810041
2013,NC,0.019114102594306903,0.05034960162411939
2014,NC,0.02477763889352369,0.057573132316965925
2015,NC,0.030300575304286648,0.08473518087452647
2016,NC,0.021094413847214444,0.09870801933515194
2017,NC,0.019581267125171387,0.09921166992256203
2018,NC,0.017855558995709897,0.09178680943084716
2019,NC,0.02138422997709033,0.08233835482458995
2020,NC,-0.006475563770898751,0.05311476510254831
2021,NC,0.05758148451896816,0.09236478989689467
2022,NC,0.01965810062712192,0.09429928147880506
2023,NC,0.027294107525356548,0.10063105610865275
1997,ND,,
1998,ND,0.056223094649552996,
1999,ND,0.004100737131486287,
2000,ND,0.03824741582743396,
2001,ND,0.0135893270161902,0.1160813031773098
2002,ND,0.04983458219172676,0.1093307413448581
2003,ND,0.06522989910537347,0.176866254528534
2004,ND,0.010926087401638807,0.14589719169914606
2005,ND,0.03466940446008904,0.16972893587789883
2006,ND,0.04328191974079454,0.16242793912477782
2007,ND,0.05233020827267598,0.14835120222263787
2008,ND,0.07689753758185014,0.2232907997569511
2009,ND,0.02685952772449074,0.21405717371494148
2010,ND,0.07578541781920589,0.2518811829939762
2011,ND,0.11894855985156627,0.331132220480187
2012,ND,0.2315544429150771,0.522300630309674
2013,ND,0.025580008551047584,0.52040376633594
2014,ND,0.1006035739035196,0.5554791794797582
2015,ND,-0.02489492133636806,0.3555186557168062
2016,ND,-0.06710168755164458,0.026800783095929148
2017,ND,0.03240192855577462,0.03363082340937873
2018,ND,0.035135202068982574,-0.0278537371455152
2019,ND,0.01069614672126118,0.007629334946204658
2020,ND,-0.058218905926891606,0.017223683249324218
2021,ND,-0.005351971575842329,-0.019975163717800393
2022,ND,-0.010871644916156775,-0.0635326164972555
2023,ND,0.05868934846994556,-0.019064189252024355
1997,OH,,
1998,OH,0.03469534582220524,
1999,OH,0.023412083207996703,
2000,OH,0.01933186068805859,
2001,OH,-0.01181780087795714,0.06663458457481863
2002,OH,0.02258795344066078,0.054153458129902576
2003,OH,0.018907121097547108,0.049513175427172706
2004,OH,0.02743864946694452,0.05785999746028647
2005,OH,0.021944807739182615,0.09400324421955042
2006,OH,-0.0038129990765432,0.06575850731733368
2007,OH,0.004746346614087349,0.05094659211578656
2008,OH,-0.008565039810182085,0.014119133299610231
2009,OH,-0.05066705261471183,-0.05793669234939791
2010,OH,0.02329275853457391,-0.03230361377295243
2011,OH,0.02914974256686076,-0.008800091560856371
2012,OH,0.010839267255537965,0.010599615085744363
2013,OH,0.02815916162027232,0.0945130007782462
2014,OH,0.036341482585239726,0.10846990411593271
2015,OH,0.01328280531619419,0.09138004664874577
2016,OH,0.007710238904184985,0.08800170627487347
2017,OH,0.021985168238248365,0.08146836437128524
2018,OH,0.0061707714422616355,0.04998388731424397
2019,OH,0.027295142423485075,0.06450375097824823
2020,OH,-0.028981489145755823,0.02574411489326711
2021,OH,0.048305471715494264,0.05216122664111178
2022,OH,0.005063928287465824,0.05100379145763867
2023,OH,0.012376731107542005,0.03574108241903495
1997,OK,,
1998,OK,0.027385786030611925,
1999,OK,0.017752838513818592,
2000,OK,0.03592252266424101,
2001,OK,0.03734829190675604,0.1236414379526678
2002,OK,0.01777705999489232,0.11313247151914974
2003,OK,0.01733445269373468,0.11267487629137451
2004,OK,0.03425951110967684,0.11088865083989297
2005,OK,0.04274307500523755,0.11666588435403913
2006,OK,0.06417065818562406,0.16756715771569186
2007,OK,0.023515888036923727,0.17466142339709156
2008,OK,0.039954316991933414,0.18112930569526298
2009,OK,-0.01340354417131373,0.11753126422679938
2010,OK,0.007838997097989964,0.05837497012394288
2011,OK,0.036517372778430035,0.0718192616935156
2012,OK,0.04977868207663527,0.08194465235697335
2013,OK,0.023665240442749536,0.12259589638447288
2014,OK,0.0595592628181103,0.18020525484798178
2015,OK,0.03868805152260979,0.18267684531790396
2016,OK,-0.019087932150144038,0.10509196818900568
2017,OK,0.012862617606598903,0.09343005835758289
2018,OK,0.018136103617664157,0.05068273032098736
2019,OK,0.01750543920461367,0.029255503048104092
2020,OK,-0.043669448983039816,0.0034625066085900436
2021,OK,0.014502098801740582,0.005086772210870949
2022,OK,-0.009999069853967035,-0.022687796031739982
2023,OK,0.05259234900800158,0.01101311978566355
1997,OR,,
1998,OR,0.04473304357716956,
1999,OR,0.02558249907418131,
2000,OR,0.08472156080552207,
2001,OR,-0.004188313523214693,0.15736787551485643
2002,OR,0.020391524467683775,0.13040204684527734
2003,OR,0.04756404273675874,0.1546302117870808
2004,OR,0.05568832460424522,0.12372582777257812
2005,OR,0.03488767900612144,0.16782121513082537
2006,OR,0.05030390957623343,0.2020554449213472
2007,OR,0.019759917482214506,0.17015085599885538
2008,OR,0.022787749074142383,0.13368305037655004
2009,OR,-0.042690375487036025,0.04869902047241115
2010,OR,0.02139907183659262,0.019838350005417116
2011,OR,0.028888192977466698,0.028967327581293834
2012,OR,0.00749088241842033,0.013578038828711447
2013,OR,0.012048417847863258,0.07153425004351477
2014,OR,0.03269083807421236,0.08338027046855623
2015,OR,0.049914150684189806,0.1055198070116381
2016,OR,0.04469024008934652,0.1463386644633322
2017,OR,0.05012448240973,0.18946710004815137
2018,OR,0.03890225220531662,0.19662148980481908
2019,OR,0.023909524331831244,0.1669831667978392
2020,OR,-0.009337232009436924,0.10663116190256239
2021,OR,0.05229511121283936,0.1089185911689785
2022,OR,0.018428672759710718,0.08706520426293052
2023,OR,0.02121013676816319,0.08419931599492303
1997,PA,,
1998,PA,0.025343110889958664,
1999,PA,0.032209605079957626,
2000,PA,0.025512909579697096,
2001,PA,0.020179393975356064,0.10727321099503606
2002,PA,0.010091963076283905,0.09080341934026959
2003,PA,0.026224346083699945,0.08447840458878497
2004,PA,0.02696617204636853,0.0860152275254662
2005,PA,0.018428927806508844,0.08415179749946988
2006,PA,0.0004786919033208381,0.0738336823149115
2007,PA,0.036783548537887345,0.08488275486611352
2008,PA,0.0238751390966756,0.08161740062843426
2009,PA,-0.029980682503435885,0.03020421367031023
2010,PA,0.033476248774230166,0.06418217082656463
2011,PA,0.014490725785528458,0.041300225463993145
2012,PA,0.018535532263669996,0.03586974513803898
2013,PA,0.02204331741186949,0.09142543002110814
2014,PA,0.02058605925915402,0.0778124605394852
2015,PA,0.02150226884521822,0.08526164492852062
2016,PA,0.01457749973404443,0.08104431449898186
2017,PA,0.01271522705800976,0.07117772776006648
2018,PA,0.012643739112681907,0.06284169732886835
2019,PA,0.011355683287700646,0.052284487085727305
2020,PA,-0.046676405237599417,-0.011245932218840626
2021,PA,0.03819704411825797,0.013632977073329888
2022,PA,0.01011546405343644,0.011102232176404048
2023,PA,0.022226598556405408,0.021970423135944994
1997,RI,,
1998,RI,0.044816701853587215,
1999,RI,0.03194928307474654,
2000,RI,0.0487367396094911,
2001,RI,0.012045543393276015,0.14436614043610296
2002,RI,0.0317693118627429,0.13007560382800842
2003,RI,0.03215019021415899,0.13029561488921915
2004,RI,0.04207953057727587,0.12312068347667449
2005,RI,0.013150714732462543,0.12434715080112357
2006,RI,0.027375420275955076,0.11955900733752833
2007,RI,-0.020644143249767488,0.06229372547611978
2008,RI,-0.0222903940032545,-0.003324842958276286
2009,RI,-0.00901466246855509,-0.025129773341755257
2010,RI,0.028800602039224188,-0.02377742711936448
2011,RI,-0.00042818453326098904,-0.003626145952819182
2012,RI,0.008224664712832785,0.027471438107866675
2013,RI,0.009733144028579721,0.04690950139038019
2014,RI,0.009914582062233057,0.027691050586434285
2015,RI,0.01363130547700031,0.04214605205384592
2016,RI,0.004146407046665468,0.03793058274942718
2017,RI,0.0024151458297798634,0.03040822480766936
2018,RI,-0.0005359731571030757,0.019745602202674517
2019,RI,0.019177699731529163,0.025325452705098117
2020,RI,-0.028586891522150992,-0.008098243220194479
2021,RI,0.04508797149695987,0.034127027339735605
2022,RI,0.023258683751992804,0.05874692075771071
2023,RI,0.015785267619539134,0.05522277864451963
1997,SC,,
1998,SC,0.0397309286507046,
1999,SC,0.045862009943436144,
2000,SC,0.026862168599801617,
2001,SC,0.005911161463847847,0.1232259590943674
2002,SC,0.02760980145188041,0.11013145132506175
2003,SC,0.04146103876700935,0.10546003533243886
2004,SC,0.0166327348012405,0.0944476223775359
2005,SC,0.03441960067596317,0.12546526559365145
2006,SC,0.0224731608168387,0.11983948175195569
2007,SC,0.03202211903657748,0.10969020627666848
2008,SC,-0.004599594801294349,0.08651437550728303
2009,SC,-0.04371910018384706,0.004440503635396276
2010,SC,0.025509924147645746,0.007423709656159128
2011,SC,0.023539919015643784,-0.0008563157943725086
2012,SC,0.011308812189151363,0.015111915971721235
2013,SC,0.02426331624243039,0.0872766543912935
2014,SC,0.029631176638405865,0.09164613099463281
2015,SC,0.034620403255273935,0.10346390920241588
2016,SC,0.03445812720085706,0.12872269596496722
2017,SC,0.0198508972416942,0.12386027690605883
2018,SC,0.029900292347744273,0.12415402136764775
2019,SC,0.025243963977030548,0.11396616707095841
2020,SC,-0.015995442745064037,0.05963475582303723
2021,SC,0.04767271555669095,0.08854188895053561
2022,SC,0.024583629428148956,0.0829225000248206
2023,SC,0.036101077276427196,0.09439041662842307
1997,SD,,
1998,SD,0.06106681614680509,
1999,SD,0.044007910441017595,
2000,SD,0.0694646501300007,
2001,SD,0.008466952426311014,0.1947433637456577
2002,SD,0.10430318950269934,0.24342679192690153
2003,SD,0.010227526833631595,0.20319392242570333
2004,SD,0.040803056839844976,0.17094839205725143
2005,SD,0.04556498992466085,0.2140235639829735
2006,SD,0.016043487767793962,0.11699463327370307
2007,SD,0.042155469250480415,0.15229691853499672
2008,SD,0.0391944523149772,0.15051599559768825
2009,SD,0.022581651397345137,0.1252256512740717
2010,SD,0.012538469533936558,0.12134399023062126
2011,SD,0.06292247164181775,0.14368898002698938
2012,SD,0.02149052178970101,0.12420485922571256
2013,SD,-0.0009002361578415163,0.0983893636540294
2014,SD,0.021205469645197317,0.10779121950784076
2015,SD,0.024574494016023074,0.0678244730770119
2016,SD,0.007933418271045767,0.05365243074039294
2017,SD,0.006842968693613116,0.0618184286804595
2018,SD,0.006252046397275279,0.04627031339077248
2019,SD,0.008130879629094645,0.029478498175411927
2020,SD,0.0063407059955957745,0.027851740880105558
2021,SD,0.04646427073508175,0.06829978049059293
2022,SD,-0.003284343240165133,0.058175355906488146
2023,SD,0.024563631632862792,0.07542384372833522
1997,TN,,
1998,TN,0.06229522361845374,
1999,TN,0.03110057378008446,
2000,TN,0.010354688427598235,
2001,TN,-0.0028634004992228457,0.10350619487128854
2002,TN,0.03288304088427463,0.07295298788114701
2003,TN,0.034992326210323776,0.07700270670034115
2004,TN,0.05222478917326323,0.12163476745029089
2005,TN,0.026637264254475435,0.15481875775533993
2006,TN,0.022845782063022124,0.1435965628848499
2007,TN,-0.0028694326951631544,0.10176187846005846
2008,TN,0.012574121548145856,0.0602445197223227
2009,TN,-0.03757818809628222,-0.006073043264076539
2010,TN,0.018719231711663564,-0.010082924034441332
2011,TN,0.03014107220341189,0.022688774634539666
2012,TN,0.033980091466619955,0.04430856984747433
2013,TN,0.021150316499344735,0.1080339342199057
2014,TN,0.017376272939133353,0.10657323352250003
2015,TN,0.03575865846444182,0.11260762120123147
2016,TN,0.02409757793079459,0.10197360612944428
2017,TN,0.03455909256693945,0.11644367687049284
2018,TN,0.01954377598176804,0.11882224135141595
2019,TN,0.021317256667817475,0.10322269854835642
2020,TN,-0.009546640626034275,0.06697901788092331
2021,TN,0.08190035225253922,0.11580380819740177
2022,TN,0.03914783590139792,0.13725878171571804
2023,TN,0.03229400149914596,0.14948162370980111
1997,TX,,
1998,TX,0.06977840394518009,
1999,TX,0.040418685919912045,
2000,TX,0.03411626589244676,
2001,TX,0.030924283736750935,0.18658296425462373
2002,TX,0.0216237456112931,0.1331705033021775
2003,TX,0.00915791565651669,0.09912288069372277
2004,TX,0.05613058357774969,0.12252106237680005
2005,TX,0.02899956452056629,0.12042533343393602
2006,TX,0.07148265137070764,0.17510611131338627
2007,TX,0.051978566169145424,0.22496828583249462
2008,TX,-0.001270300700162874,0.15839104253272462
2009,TX,-0.0012673327939161094,0.12431823633995442
2010,TX,0.029169306890490354,0.07991839022132274
2011,TX,0.035611258786549804,0.06311637846053553
2012,TX,0.049759705859449,0.11743621675562643
2013,TX,0.051066760737131345,0.17599043592046493
2014,TX,0.03163738216497958,0.17881060641962243
2015,TX,0.04776178237987705,0.19264124601903032
2016,TX,-0.00016143175154492706,0.1359254019732552
2017,TX,0.020472765377617552,0.10286137809302986
2018,TX,0.04751975184023638,0.1198402627382118
2019,TX,0.03227489407219397,0.10328798781930737
2020,TX,-0.017043087164282156,0.08465965298320866
2021,TX,0.057154171662381126,0.12364828919345072
2022,TX,0.026973481448949288,0.10160881782890807
2023,TX,0.056613812576094436,0.12758248762779867
1997,UT,,
1998,UT,0.05828692623734555,
1999,UT,0.04264576559449029,
2000,UT,0.03614972880088385,
2001,UT,0.016176627115465525,0.16180150318427056
2002,UT,0.025775031597806697,0.12610951160134354
2003,UT,0.01946063381507579,0.10106841107988074
2004,UT,0.061907369320761685,0.128439864772399
2005,UT,0.0638822338345062,0.1814158011976741
2006,UT,0.0769161919848147,0.2403166060639066
2007,UT,0.04908600793166662,0.27636002182597963
2008,UT,-0.0010231704382218654,0.20072063234545068
2009,UT,-0.02023224095841092,0.10578720630379768
2010,UT,0.0212319007686399,0.04861007657241623
2011,UT,0.03411119111763128,0.03364205327661196
2012,UT,0.01678511595352461,0.05206830017903252
2013,UT,0.03132073459083706,0.10742555280829191
2014,UT,0.034816989124086595,0.12215724496426228
2015,UT,0.03568318248784119,0.12386307845707667
2016,UT,0.04565805515612986,0.1557766360290851
2017,UT,0.05873934492598809,0.1865040209781772
2018,UT,0.05829434839459546,0.21342277228316542
2019,UT,0.05816777041942611,0.239766070584148
2020,UT,0.01066431688433811,0.19827636065618148
2021,UT,0.07815769353804325,0.22025395902949296
2022,UT,0.018683635019754563,0.1745812878213786
2023,UT,0.02469584844760342,0.13742697797130954
1997,VT,,
1998,VT,0.041844077820720305,
1999,VT,0.058168100060629335,
2000,VT,0.05444853300058994,
2001,VT,0.03369746343269764,0.20164512778282062
2002,VT,0.03274692583853156,0.191152628387937
2003,VT,0.038657306166769656,0.16918982925680215
2004,VT,0.05231213767918663,0.16682095908165162
2005,VT,0.010141707946407674,0.1402316037037903
2006,VT,0.004702354933886932,0.10926825222073089
2007,VT,-0.004224887749864958,0.06347080197908395
2008,VT,0.029764546056539,0.04068411684351414
2009,VT,-0.019984354593849174,0.009647169708228542
2010,VT,0.04481206262662463,0.04995428419932768
2011,VT,0.02502379364596341,0.08079435838971083
2012,VT,0.007405980368625276,0.05732781766472428
2013,VT,-0.01264965624911829,0.06524114091667021
2014,VT,0.011211445771656114,0.030983535444439436
2015,VT,0.006129171023339319,0.011979054813729517
2016,VT,0.00841996198845929,0.01299763935783016
2017,VT,0.008557006997248706,0.03475516437738535
2018,VT,0.007321443913934855,0.030774592827739644
2019,VT,0.011569462467786229,0.0363481457670809
2020,VT,-0.027117286404317098,-0.0001733064708304699
2021,VT,0.0480915959649737,0.03901906152958645
2022,VT,0.022108160468742533,0.05427107512535101
2023,VT,0.013409651713118365,0.05618894469940616
1997,VA,,
1998,VA,0.059185431163095714,
1999,VA,0.051515719253005354,
2000,VA,0.04635993308488007,
2001,VA,0.03628342291160358,0.20766761481359275
2002,VA,0.009827279297658809,0.15139017766126783
2003,VA,0.03659212837969417,0.13504912290350113
2004,VA,0.042574177634750354,0.13094248782762574
2005,VA,0.048240356007098084,0.14399162415735023
2006,VA,0.020750549379707106,0.156366145759661
2007,VA,0.013973666360046044,0.1311342121643757
2008,VA,0.009759841632593469,0.09553250736702124
2009,VA,-0.004240807021637205,0.0406836172313525
2010,VA,0.03395965834288428,0.05415067174781196
2011,VA,0.008139805965659441,0.04808565442275459
2012,VA,0.007235627479036388,0.0454656327760663
2013,VA,0.011800023766078693,0.06230719188793654
2014,VA,0.0003627686058043089,0.027789193719645944
2015,VA,0.020504435707702662,0.040394819207317134
2016,VA,0.012354302169623965,0.04568200572456105
2017,VA,0.01991555464309891,0.05406930005710597
2018,VA,0.024458661188057063,0.07945883016109434
2019,VA,0.025205606635497535,0.08443158705713416
2020,VA,-0.013384400027944499,0.05686034879294066
2021,VA,0.05443641710265257,0.0926316737556272
2022,VA,0.025007283864640906,0.09321680474830307
2023,VA,0.023983979598044325,0.09191413609546406
1997,WA,,
1998,WA,0.06498528357621525,
1999,WA,0.07639526778001238,
2000,WA,0.009717353905037696,
2001,WA,-0.02454139476875794,0.12907827517687753
2002,WA,0.012950645660393167,0.0739120863726872
2003,WA,0.01760404699588891,0.015256493522590509
2004,WA,0.02381875272398304,0.02943525024427851
2005,WA,0.06840676072360274,0.1275266579123051
2006,WA,0.03836172415842465,0.15581201271767475
2007,WA,0.05932338201507492,0.20319754417278202
2008,WA,0.017430031157579018,0.19568948273256215
2009,WA,-0.025627958788630667,0.09045210567184991
2010,WA,0.03238701786527609,0.08417767268134724
2011,WA,0.020086682745464213,0.044020385473257484
2012,WA,0.036132599665140486,0.06321174230827142
2013,WA,0.030543537649461827,0.12450475162097563
2014,WA,0.038032667367810635,0.1306541506174046
2015,WA,0.0450011124836005,0.1582690620461802
2016,WA,0.03987599309776857,0.16245371640555573
2017,WA,0.06343135073505479,0.1995511889034165
2018,WA,0.06566447142038201,0.23148251866287128
2019,WA,0.04831860262730081,0.23539201796291875
2020,WA,0.0024970692631929303,0.19098516132637267
2021,WA,0.06845991114513694,0.19661687495518532
2022,WA,0.01636568795082205,0.1412600925940266
2023,WA,0.0483225598758219,0.14126440068300083
1997,WV,,
1998,WV,0.022547983420746487,
1999,WV,0.03185059059678541,
2000,WV,-0.005135677019140639,
2001,WV,0.0037118517279364216,0.05359432515083351
2002,WV,0.013614822688121642,0.04438993806469593
2003,WV,0.009944823371188072,0.0222179656061936
2004,WV,0.014910884884528297,0.042815704667906074
2005,WV,0.02741019649624077,0.06743731898527972
2006,WV,0.014894945852629515,0.06878541612051059
2007,WV,0.006880986937590761,0.06554307691362493
2008,WV,0.022958135673111446,0.0739917914694237
2009,WV,-0.00113151501829023,0.04415603162819193
2010,WV,0.013222545900841487,0.04243541364296077
2011,WV,0.018815490130012602,0.054791341437222085
2012,WV,-0.0006928576894903449,0.030404358094207495
2013,WV,0.011275290771219026,0.04320286655428052
2014,WV,0.0021947558452446447,0.03184877436170175
2015,WV,0.002025332169318217,0.01484382687030572
2016,WV,-0.010073874179587161,0.00531695943220134
2017,WV,0.02256870525469523,0.016543834264154844
2018,WV,0.02971968435223582,0.04446285519212312
2019,WV,-0.008008371389999436,0.03400420676152094
2020,WV,-0.03690357432156144,0.005979870309182012
2021,WV,0.021197275563230145,0.004630688923062287
2022,WV,0.013307644944088093,-0.01138147313210136
2023,WV,0.04717381787770081,0.04361307832356154
1997,WI,,
1998,WI,0.040849678332215866,
1999,WI,0.0428240087449927,
2000,WI,0.027046680935106204,
2001,WI,0.0175796147595062,0.13437752967214323
2002,WI,0.01986662544506279,0.11150899813044313
2003,WI,0.030154643870977216,0.09800517299794231
2004,WI,0.03637536322305013,0.10797837246351172
2005,WI,0.0241575905805258,0.11514071616474619
2006,WI,0.01801317919903056,0.11311412433145485
2007,WI,0.009432812368316501,0.09072354106819391
2008,WI,-0.012594219458543443,0.03918596257830065
2009,WI,-0.031185022468184442,-0.01696874167968665
2010,WI,0.03741172261624914,0.0017632108476994812
2011,WI,0.020897060311229287,0.013140354218244
2012,WI,0.018196305982347116,0.044733367411506464
2013,WI,0.008504466107216002,0.08753300822203158
2014,WI,0.026116023684258582,0.0756915713347579
2015,WI,0.020237485044879877,0.0749965947477389
2016,WI,0.011354572460513301,0.06777319372484181
2017,WI,0.008188934649200785,0.06743911882089404
2018,WI,0.021577772061482703,0.0627181056007613
2019,WI,0.014798420107021037,0.057052569025473954
2020,WI,-0.032142478272309094,0.011590106626851115
2021,WI,0.03574481682197894,0.03923894984199405
2022,WI,0.0035011642148254918,0.020849831099368554
2023,WI,0.0023000490037639043,0.008276930139952565
1997,WY,,
1998,WY,0.022549540970495885,
1999,WY,0.0428184981072135,
2000,WY,0.02889418095783025,
2001,WY,0.06477369223948104,0.16821050635468326
2002,WY,0.01987430349952901,0.1651541844892297
2003,WY,0.03132385048423414,0.15231107056149185
2004,WY,0.032660551689894124,0.1565292212427951
2005,WY,0.054678184931173046,0.14556374633444014
2006,WY,0.12914663109807756,0.26830280990820476
2007,WY,0.07772891454511743,0.3253708910107158
2008,WY,0.05407950426277308,0.35286110181578345
2009,WY,-0.025013688366329445,0.2506384171567102
2010,WY,-0.03605454240928474,0.06766223987603537
2011,WY,-0.005263722729572429,-0.01455519329296695
2012,WY,-0.021700599540711796,-0.08540099708942095
2013,WY,0.008499409216226717,-0.05396358584813643
2014,WY,0.022872422133527026,0.0038685806857148286
2015,WY,0.01976979779673793,0.029131924643845952
2016,WY,-0.055171862948939054,-0.006078508599186017
2017,WY,-0.0061605928117610675,-0.02052659944231372
2018,WY,0.009486899360185763,-0.03334419352868112
2019,WY,0.015298652875936014,-0.03758246201692805
2020,WY,-0.061644475105165575,-0.04417557161160779
2021,WY,0.0206791906316246,-0.018362426668580567
2022,WY,0.009875573728320042,-0.01798447489546362
2023,WY,0.0543730660531665,0.01980901598103646
