year,state,hs_higher_pct,bachelor_higher_pct
2006,AL,0.8009999999999999,0.21100000000000002
2006,AK,0.897,0.26899999999999996
2006,AZ,0.838,0.255
2006,AR,0.805,0.182
2006,CA,0.8009999999999999,0.29
2006,CO,0.88,0.34299999999999997
2006,CT,0.88,0.337
2006,DE,0.855,0.27
2006,DC,0.843,0.45899999999999996
2006,FL,0.845,0.253
2006,GA,0.8220000000000001,0.266
2006,HI,0.89,0.297
2006,ID,0.873,0.233
2006,IL,0.85,0.289
2006,IN,0.852,0.217
2006,IA,0.889,0.24
2006,KS,0.885,0.28600000000000003
2006,KY,0.7959999999999999,0.2
2006,LA,0.794,0.203
2006,ME,0.887,0.258
2006,MD,0.871,0.35100000000000003
2006,MA,0.879,0.37
2006,MI,0.872,0.245
2006,MN,0.907,0.304
2006,MS,0.779,0.188
2006,MO,0.848,0.243
2006,MT,0.9009999999999999,0.27399999999999997
2006,NE,0.895,0.26899999999999996
2006,NV,0.8390000000000001,0.20800000000000002
2006,NH,0.899,0.319
2006,NJ,0.861,0.33399999999999996
2006,NM,0.815,0.253
2006,NY,0.841,0.312
2006,NC,0.82,0.248
2006,ND,0.8809999999999999,0.256
2006,OH,0.862,0.23
2006,OK,0.843,0.221
2006,OR,0.8759999999999999,0.275
2006,PA,0.862,0.254
2006,RI,0.8240000000000001,0.29600000000000004
2006,SC,0.813,0.22699999999999998
2006,SD,0.883,0.248
2006,TN,0.809,0.217
2006,TX,0.7859999999999999,0.247
2006,UT,0.902,0.28600000000000003
2006,VT,0.898,0.324
2006,VA,0.8540000000000001,0.327
2006,WA,0.89,0.305
2006,WV,0.81,0.165
2006,WI,0.884,0.251
2006,WY,0.902,0.22699999999999998
2007,AL,0.804,0.214
2007,AK,0.905,0.26
2007,AZ,0.835,0.253
2007,AR,0.8109999999999999,0.193
2007,CA,0.802,0.295
2007,CO,0.889,0.35
2007,CT,0.88,0.34700000000000003
2007,DE,0.8740000000000001,0.261
2007,DC,0.857,0.475
2007,FL,0.8490000000000001,0.258
2007,GA,0.8290000000000001,0.271
2007,HI,0.894,0.292
2007,ID,0.884,0.245
2007,IL,0.857,0.295
2007,IN,0.858,0.221
2007,IA,0.8959999999999999,0.243
2007,KS,0.8909999999999999,0.28800000000000003
2007,KY,0.8009999999999999,0.2
2007,LA,0.799,0.204
2007,ME,0.894,0.267
2007,MD,0.8740000000000001,0.35200000000000004
2007,MA,0.884,0.379
2007,MI,0.8740000000000001,0.247
2007,MN,0.91,0.31
2007,MS,0.785,0.18899999999999997
2007,MO,0.856,0.245
2007,MT,0.9,0.27
2007,NE,0.8959999999999999,0.275
2007,NV,0.8370000000000001,0.218
2007,NH,0.905,0.325
2007,NJ,0.87,0.33899999999999997
2007,NM,0.823,0.248
2007,NY,0.841,0.317
2007,NC,0.83,0.256
2007,ND,0.89,0.257
2007,OH,0.871,0.24100000000000002
2007,OK,0.848,0.228
2007,OR,0.88,0.28300000000000003
2007,PA,0.868,0.258
2007,RI,0.83,0.298
2007,SC,0.821,0.235
2007,SD,0.882,0.25
2007,TN,0.8140000000000001,0.218
2007,TX,0.7909999999999999,0.252
2007,UT,0.902,0.287
2007,VT,0.903,0.336
2007,VA,0.8590000000000001,0.336
2007,WA,0.893,0.303
2007,WV,0.812,0.17300000000000001
2007,WI,0.89,0.254
2007,WY,0.912,0.23399999999999999
2008,AL,0.8190000000000001,0.22
2008,AK,0.9159999999999999,0.273
2008,AZ,0.838,0.251
2008,AR,0.82,0.188
2008,CA,0.802,0.29600000000000004
2008,CO,0.889,0.35600000000000004
2008,CT,0.8859999999999999,0.35600000000000004
2008,DE,0.872,0.275
2008,DC,0.858,0.48200000000000004
2008,FL,0.852,0.258
2008,GA,0.8390000000000001,0.275
2008,HI,0.903,0.29100000000000004
2008,ID,0.879,0.24
2008,IL,0.8590000000000001,0.299
2008,IN,0.862,0.22899999999999998
2008,IA,0.903,0.243
2008,KS,0.895,0.29600000000000004
2008,KY,0.813,0.19699999999999998
2008,LA,0.812,0.203
2008,ME,0.897,0.254
2008,MD,0.88,0.35200000000000004
2008,MA,0.887,0.381
2008,MI,0.8809999999999999,0.247
2008,MN,0.9159999999999999,0.315
2008,MS,0.799,0.19399999999999998
2008,MO,0.865,0.25
2008,MT,0.909,0.271
2008,NE,0.9009999999999999,0.271
2008,NV,0.835,0.21899999999999997
2008,NH,0.909,0.33299999999999996
2008,NJ,0.8740000000000001,0.344
2008,NM,0.8240000000000001,0.247
2008,NY,0.841,0.319
2008,NC,0.836,0.261
2008,ND,0.8959999999999999,0.26899999999999996
2008,OH,0.8759999999999999,0.24100000000000002
2008,OK,0.855,0.222
2008,OR,0.8859999999999999,0.281
2008,PA,0.875,0.263
2008,RI,0.8370000000000001,0.3
2008,SC,0.8320000000000001,0.237
2008,SD,0.903,0.251
2008,TN,0.83,0.22899999999999998
2008,TX,0.7959999999999999,0.253
2008,UT,0.904,0.29100000000000004
2008,VT,0.9059999999999999,0.321
2008,VA,0.8590000000000001,0.337
2008,WA,0.8959999999999999,0.307
2008,WV,0.8220000000000001,0.171
2008,WI,0.8959999999999999,0.257
2008,WY,0.917,0.23600000000000002
2009,AL,0.821,0.22
2009,AK,0.914,0.266
2009,AZ,0.8420000000000001,0.256
2009,AR,0.8240000000000001,0.18899999999999997
2009,CA,0.8059999999999999,0.299
2009,CO,0.893,0.359
2009,CT,0.8859999999999999,0.35600000000000004
2009,DE,0.8740000000000001,0.287
2009,DC,0.871,0.485
2009,FL,0.853,0.253
2009,GA,0.8390000000000001,0.275
2009,HI,0.904,0.29600000000000004
2009,ID,0.884,0.239
2009,IL,0.8640000000000001,0.306
2009,IN,0.866,0.225
2009,IA,0.905,0.251
2009,KS,0.897,0.295
2009,KY,0.8170000000000001,0.21
2009,LA,0.8220000000000001,0.214
2009,ME,0.902,0.26899999999999996
2009,MD,0.882,0.35700000000000004
2009,MA,0.89,0.382
2009,MI,0.879,0.24600000000000002
2009,MN,0.915,0.315
2009,MS,0.804,0.196
2009,MO,0.868,0.252
2009,MT,0.9079999999999999,0.27399999999999997
2009,NE,0.898,0.27399999999999997
2009,NV,0.8390000000000001,0.218
2009,NH,0.9129999999999999,0.32
2009,NJ,0.8740000000000001,0.345
2009,NM,0.828,0.253
2009,NY,0.847,0.324
2009,NC,0.843,0.265
2009,ND,0.9009999999999999,0.258
2009,OH,0.8759999999999999,0.24100000000000002
2009,OK,0.856,0.22699999999999998
2009,OR,0.8909999999999999,0.292
2009,PA,0.879,0.264
2009,RI,0.847,0.305
2009,SC,0.836,0.243
2009,SD,0.899,0.251
2009,TN,0.831,0.23
2009,TX,0.799,0.255
2009,UT,0.904,0.285
2009,VT,0.91,0.331
2009,VA,0.866,0.34
2009,WA,0.897,0.31
2009,WV,0.828,0.17300000000000001
2009,WI,0.898,0.257
2009,WY,0.9179999999999999,0.23800000000000002
2010,AL,0.821,0.21899999999999997
2010,AK,0.91,0.27899999999999997
2010,AZ,0.856,0.259
2010,AR,0.8290000000000001,0.195
2010,CA,0.807,0.301
2010,CO,0.897,0.364
2010,CT,0.8859999999999999,0.355
2010,DE,0.877,0.278
2010,DC,0.8740000000000001,0.501
2010,FL,0.855,0.258
2010,GA,0.843,0.273
2010,HI,0.899,0.295
2010,ID,0.883,0.244
2010,IL,0.8690000000000001,0.308
2010,IN,0.87,0.22699999999999998
2010,IA,0.9059999999999999,0.249
2010,KS,0.892,0.298
2010,KY,0.8190000000000001,0.205
2010,LA,0.8190000000000001,0.214
2010,ME,0.903,0.268
2010,MD,0.8809999999999999,0.361
2010,MA,0.8909999999999999,0.39
2010,MI,0.887,0.252
2010,MN,0.9179999999999999,0.318
2010,MS,0.81,0.195
2010,MO,0.8690000000000001,0.256
2010,MT,0.917,0.28800000000000003
2010,NE,0.904,0.28600000000000003
2010,NV,0.847,0.217
2010,NH,0.915,0.32799999999999996
2010,NJ,0.88,0.354
2010,NM,0.833,0.25
2010,NY,0.8490000000000001,0.325
2010,NC,0.847,0.265
2010,ND,0.903,0.276
2010,OH,0.8809999999999999,0.24600000000000002
2010,OK,0.862,0.22899999999999998
2010,OR,0.888,0.28800000000000003
2010,PA,0.884,0.271
2010,RI,0.835,0.302
2010,SC,0.841,0.245
2010,SD,0.8959999999999999,0.263
2010,TN,0.836,0.231
2010,TX,0.807,0.259
2010,UT,0.9059999999999999,0.293
2010,VT,0.91,0.336
2010,VA,0.865,0.342
2010,WA,0.898,0.311
2010,WV,0.8320000000000001,0.175
2010,WI,0.9009999999999999,0.263
2010,WY,0.9229999999999999,0.24100000000000002
2011,AL,0.8270000000000001,0.223
2011,AK,0.9179999999999999,0.264
2011,AZ,0.857,0.266
2011,AR,0.838,0.203
2011,CA,0.8109999999999999,0.303
2011,CO,0.902,0.36700000000000005
2011,CT,0.8909999999999999,0.36200000000000004
2011,DE,0.87,0.28800000000000003
2011,DC,0.872,0.525
2011,FL,0.8590000000000001,0.258
2011,GA,0.843,0.276
2011,HI,0.9059999999999999,0.29100000000000004
2011,ID,0.8859999999999999,0.252
2011,IL,0.872,0.31
2011,IN,0.873,0.23
2011,IA,0.9059999999999999,0.258
2011,KS,0.9,0.301
2011,KY,0.831,0.21100000000000002
2011,LA,0.825,0.21100000000000002
2011,ME,0.909,0.284
2011,MD,0.889,0.369
2011,MA,0.892,0.391
2011,MI,0.888,0.256
2011,MN,0.92,0.324
2011,MS,0.8109999999999999,0.198
2011,MO,0.8759999999999999,0.261
2011,MT,0.9229999999999999,0.282
2011,NE,0.91,0.27899999999999997
2011,NV,0.84,0.225
2011,NH,0.914,0.33399999999999996
2011,NJ,0.8809999999999999,0.353
2011,NM,0.8320000000000001,0.256
2011,NY,0.85,0.32899999999999996
2011,NC,0.847,0.26899999999999996
2011,ND,0.907,0.263
2011,OH,0.883,0.247
2011,OK,0.863,0.23800000000000002
2011,OR,0.894,0.293
2011,PA,0.8859999999999999,0.27
2011,RI,0.848,0.311
2011,SC,0.8420000000000001,0.24100000000000002
2011,SD,0.9059999999999999,0.263
2011,TN,0.8420000000000001,0.23600000000000002
2011,TX,0.8109999999999999,0.264
2011,UT,0.903,0.297
2011,VT,0.9179999999999999,0.354
2011,VA,0.878,0.35100000000000003
2011,WA,0.9009999999999999,0.319
2011,WV,0.8420000000000001,0.185
2011,WI,0.904,0.265
2011,WY,0.92,0.247
2012,AL,0.84,0.233
2012,AK,0.92,0.28
2012,AZ,0.857,0.273
2012,AR,0.848,0.21
2012,CA,0.815,0.309
2012,CO,0.9059999999999999,0.375
2012,CT,0.899,0.371
2012,DE,0.885,0.295
2012,DC,0.8859999999999999,0.53
2012,FL,0.865,0.268
2012,GA,0.85,0.282
2012,HI,0.904,0.301
2012,ID,0.898,0.255
2012,IL,0.8759999999999999,0.316
2012,IN,0.8759999999999999,0.23399999999999999
2012,IA,0.9159999999999999,0.263
2012,KS,0.902,0.304
2012,KY,0.838,0.218
2012,LA,0.83,0.22
2012,ME,0.9159999999999999,0.28
2012,MD,0.8909999999999999,0.369
2012,MA,0.897,0.39299999999999996
2012,MI,0.892,0.26
2012,MN,0.925,0.332
2012,MS,0.823,0.207
2012,MO,0.88,0.264
2012,MT,0.9279999999999999,0.294
2012,NE,0.905,0.29
2012,NV,0.8490000000000001,0.22399999999999998
2012,NH,0.9179999999999999,0.34600000000000003
2012,NJ,0.883,0.36200000000000004
2012,NM,0.8440000000000001,0.261
2012,NY,0.853,0.33399999999999996
2012,NC,0.852,0.27399999999999997
2012,ND,0.917,0.27899999999999997
2012,OH,0.888,0.252
2012,OK,0.867,0.23800000000000002
2012,OR,0.899,0.299
2012,PA,0.889,0.278
2012,RI,0.861,0.314
2012,SC,0.8490000000000001,0.251
2012,SD,0.905,0.263
2012,TN,0.851,0.243
2012,TX,0.8140000000000001,0.267
2012,UT,0.91,0.307
2012,VT,0.917,0.358
2012,VA,0.879,0.355
2012,WA,0.904,0.317
2012,WV,0.845,0.18600000000000003
2012,WI,0.907,0.271
2012,WY,0.917,0.247
2013,AL,0.845,0.235
2013,AK,0.9159999999999999,0.28
2013,AZ,0.8590000000000001,0.27399999999999997
2013,AR,0.8440000000000001,0.20600000000000002
2013,CA,0.8170000000000001,0.31
2013,CO,0.905,0.37799999999999995
2013,CT,0.897,0.37200000000000005
2013,DE,0.883,0.298
2013,DC,0.9009999999999999,0.551
2013,FL,0.868,0.272
2013,GA,0.855,0.28300000000000003
2013,HI,0.91,0.312
2013,ID,0.894,0.262
2013,IL,0.878,0.321
2013,IN,0.8759999999999999,0.23800000000000002
2013,IA,0.9159999999999999,0.264
2013,KS,0.9009999999999999,0.311
2013,KY,0.841,0.226
2013,LA,0.831,0.225
2013,ME,0.9179999999999999,0.282
2013,MD,0.8909999999999999,0.374
2013,MA,0.899,0.40299999999999997
2013,MI,0.894,0.26899999999999996
2013,MN,0.924,0.335
2013,MS,0.8240000000000001,0.204
2013,MO,0.887,0.27
2013,MT,0.927,0.29
2013,NE,0.902,0.294
2013,NV,0.852,0.225
2013,NH,0.9279999999999999,0.34600000000000003
2013,NJ,0.885,0.366
2013,NM,0.843,0.264
2013,NY,0.856,0.341
2013,NC,0.857,0.284
2013,ND,0.915,0.271
2013,OH,0.89,0.261
2013,OK,0.867,0.23800000000000002
2013,OR,0.897,0.307
2013,PA,0.892,0.287
2013,RI,0.8590000000000001,0.324
2013,SC,0.856,0.261
2013,SD,0.9159999999999999,0.266
2013,TN,0.856,0.248
2013,TX,0.8190000000000001,0.275
2013,UT,0.915,0.313
2013,VT,0.915,0.35700000000000004
2013,VA,0.884,0.361
2013,WA,0.9009999999999999,0.327
2013,WV,0.846,0.18899999999999997
2013,WI,0.909,0.27699999999999997
2013,WY,0.935,0.266
2014,AL,0.847,0.235
2014,AK,0.929,0.28
2014,AZ,0.861,0.276
2014,AR,0.853,0.214
2014,CA,0.821,0.317
2014,CO,0.905,0.38299999999999995
2014,CT,0.9009999999999999,0.38
2014,DE,0.89,0.306
2014,DC,0.902,0.55
2014,FL,0.872,0.273
2014,GA,0.856,0.29100000000000004
2014,HI,0.917,0.31
2014,ID,0.9009999999999999,0.25
2014,IL,0.882,0.32799999999999996
2014,IN,0.884,0.247
2014,IA,0.9209999999999999,0.27699999999999997
2014,KS,0.903,0.315
2014,KY,0.845,0.222
2014,LA,0.836,0.22899999999999998
2014,ME,0.917,0.294
2014,MD,0.8959999999999999,0.382
2014,MA,0.897,0.41200000000000003
2014,MI,0.899,0.27399999999999997
2014,MN,0.9259999999999999,0.34299999999999997
2014,MS,0.828,0.21100000000000002
2014,MO,0.889,0.275
2014,MT,0.9259999999999999,0.293
2014,NE,0.903,0.295
2014,NV,0.851,0.231
2014,NH,0.922,0.35
2014,NJ,0.8909999999999999,0.374
2014,NM,0.8420000000000001,0.264
2014,NY,0.857,0.345
2014,NC,0.8640000000000001,0.287
2014,ND,0.922,0.27399999999999997
2014,OH,0.894,0.266
2014,OK,0.873,0.242
2014,OR,0.897,0.308
2014,PA,0.894,0.29
2014,RI,0.858,0.304
2014,SC,0.861,0.263
2014,SD,0.917,0.278
2014,TN,0.858,0.253
2014,TX,0.8220000000000001,0.278
2014,UT,0.914,0.311
2014,VT,0.92,0.349
2014,VA,0.885,0.36700000000000005
2014,WA,0.904,0.331
2014,WV,0.852,0.192
2014,WI,0.914,0.284
2014,WY,0.9259999999999999,0.266
2015,AL,0.8490000000000001,0.242
2015,AK,0.9259999999999999,0.297
2015,AZ,0.861,0.27699999999999997
2015,AR,0.8540000000000001,0.218
2015,CA,0.8220000000000001,0.32299999999999995
2015,CO,0.912,0.392
2015,CT,0.902,0.38299999999999995
2015,DE,0.889,0.309
2015,DC,0.898,0.5670000000000001
2015,FL,0.8759999999999999,0.284
2015,GA,0.861,0.299
2015,HI,0.909,0.314
2015,ID,0.9,0.26
2015,IL,0.8859999999999999,0.32899999999999996
2015,IN,0.882,0.249
2015,IA,0.917,0.268
2015,KS,0.903,0.317
2015,KY,0.851,0.233
2015,LA,0.846,0.23199999999999998
2015,ME,0.917,0.301
2015,MD,0.8959999999999999,0.38799999999999996
2015,MA,0.902,0.415
2015,MI,0.9009999999999999,0.278
2015,MN,0.9279999999999999,0.34700000000000003
2015,MS,0.835,0.20800000000000002
2015,MO,0.889,0.278
2015,MT,0.935,0.306
2015,NE,0.91,0.302
2015,NV,0.856,0.23600000000000002
2015,NH,0.9309999999999999,0.35700000000000004
2015,NJ,0.8909999999999999,0.376
2015,NM,0.846,0.265
2015,NY,0.86,0.35
2015,NC,0.866,0.294
2015,ND,0.925,0.29100000000000004
2015,OH,0.897,0.268
2015,OK,0.873,0.24600000000000002
2015,OR,0.9,0.322
2015,PA,0.897,0.297
2015,RI,0.877,0.327
2015,SC,0.863,0.268
2015,SD,0.9109999999999999,0.275
2015,TN,0.861,0.257
2015,TX,0.8240000000000001,0.284
2015,UT,0.915,0.318
2015,VT,0.917,0.369
2015,VA,0.889,0.37
2015,WA,0.9079999999999999,0.342
2015,WV,0.86,0.196
2015,WI,0.914,0.284
2015,WY,0.922,0.262
2016,AL,0.851,0.247
2016,AK,0.9309999999999999,0.29600000000000004
2016,AZ,0.867,0.289
2016,AR,0.86,0.22399999999999998
2016,CA,0.8240000000000001,0.32899999999999996
2016,CO,0.914,0.39899999999999997
2016,CT,0.905,0.386
2016,DE,0.893,0.31
2016,DC,0.905,0.568
2016,FL,0.8740000000000001,0.28600000000000003
2016,GA,0.8640000000000001,0.305
2016,HI,0.92,0.319
2016,ID,0.904,0.276
2016,IL,0.888,0.34
2016,IN,0.884,0.256
2016,IA,0.9179999999999999,0.284
2016,KS,0.905,0.32799999999999996
2016,KY,0.857,0.23399999999999999
2016,LA,0.8440000000000001,0.23399999999999999
2016,ME,0.9229999999999999,0.301
2016,MD,0.9009999999999999,0.39299999999999996
2016,MA,0.904,0.42700000000000005
2016,MI,0.904,0.28300000000000003
2016,MN,0.929,0.348
2016,MS,0.841,0.218
2016,MO,0.8959999999999999,0.285
2016,MT,0.9279999999999999,0.31
2016,NE,0.909,0.314
2016,NV,0.86,0.235
2016,NH,0.9279999999999999,0.366
2016,NJ,0.893,0.386
2016,NM,0.8540000000000001,0.272
2016,NY,0.863,0.35700000000000004
2016,NC,0.873,0.304
2016,ND,0.924,0.29600000000000004
2016,OH,0.9,0.275
2016,OK,0.878,0.252
2016,OR,0.903,0.327
2016,PA,0.9009999999999999,0.308
2016,RI,0.885,0.341
2016,SC,0.866,0.272
2016,SD,0.912,0.289
2016,TN,0.87,0.261
2016,TX,0.8290000000000001,0.289
2016,UT,0.917,0.326
2016,VT,0.9209999999999999,0.364
2016,VA,0.893,0.381
2016,WA,0.9079999999999999,0.35100000000000003
2016,WV,0.86,0.20800000000000002
2016,WI,0.919,0.295
2016,WY,0.932,0.271
2017,AL,0.865,0.255
2017,AK,0.917,0.28800000000000003
2017,AZ,0.872,0.294
2017,AR,0.867,0.23399999999999999
2017,CA,0.833,0.336
2017,CO,0.9159999999999999,0.41200000000000003
2017,CT,0.904,0.387
2017,DE,0.9059999999999999,0.315
2017,DC,0.902,0.573
2017,FL,0.884,0.297
2017,GA,0.87,0.309
2017,HI,0.9229999999999999,0.32899999999999996
2017,ID,0.9079999999999999,0.268
2017,IL,0.8909999999999999,0.344
2017,IN,0.8859999999999999,0.268
2017,IA,0.9209999999999999,0.289
2017,KS,0.91,0.337
2017,KY,0.863,0.24
2017,LA,0.851,0.23800000000000002
2017,ME,0.9229999999999999,0.321
2017,MD,0.899,0.397
2017,MA,0.9079999999999999,0.434
2017,MI,0.909,0.29100000000000004
2017,MN,0.9309999999999999,0.361
2017,MS,0.8440000000000001,0.21899999999999997
2017,MO,0.897,0.29100000000000004
2017,MT,0.93,0.32299999999999995
2017,NE,0.9129999999999999,0.317
2017,NV,0.868,0.249
2017,NH,0.9309999999999999,0.369
2017,NJ,0.899,0.397
2017,NM,0.861,0.271
2017,NY,0.866,0.36
2017,NC,0.878,0.313
2017,ND,0.929,0.307
2017,OH,0.903,0.28
2017,OK,0.8809999999999999,0.255
2017,OR,0.91,0.337
2017,PA,0.9059999999999999,0.314
2017,RI,0.883,0.335
2017,SC,0.8740000000000001,0.28
2017,SD,0.917,0.281
2017,TN,0.878,0.273
2017,TX,0.836,0.29600000000000004
2017,UT,0.9209999999999999,0.34600000000000003
2017,VT,0.9259999999999999,0.38299999999999995
2017,VA,0.897,0.387
2017,WA,0.9129999999999999,0.355
2017,WV,0.871,0.20199999999999999
2017,WI,0.924,0.304
2017,WY,0.929,0.276
2018,AL,0.866,0.255
2018,AK,0.9329999999999999,0.302
2018,AZ,0.875,0.297
2018,AR,0.872,0.233
2018,CA,0.838,0.342
2018,CO,0.919,0.41700000000000004
2018,CT,0.909,0.396
2018,DE,0.898,0.313
2018,DC,0.9209999999999999,0.604
2018,FL,0.885,0.304
2018,GA,0.8759999999999999,0.319
2018,HI,0.92,0.335
2018,ID,0.909,0.27699999999999997
2018,IL,0.895,0.35100000000000003
2018,IN,0.89,0.271
2018,IA,0.9229999999999999,0.29
2018,KS,0.91,0.33799999999999997
2018,KY,0.868,0.248
2018,LA,0.858,0.243
2018,ME,0.93,0.315
2018,MD,0.905,0.408
2018,MA,0.9079999999999999,0.445
2018,MI,0.9109999999999999,0.29600000000000004
2018,MN,0.934,0.36700000000000005
2018,MS,0.8540000000000001,0.23199999999999998
2018,MO,0.905,0.295
2018,MT,0.9390000000000001,0.317
2018,NE,0.914,0.324
2018,NV,0.8690000000000001,0.249
2018,NH,0.9309999999999999,0.368
2018,NJ,0.902,0.408
2018,NM,0.8540000000000001,0.27699999999999997
2018,NY,0.871,0.37200000000000005
2018,NC,0.882,0.319
2018,ND,0.9229999999999999,0.297
2018,OH,0.907,0.29
2018,OK,0.884,0.256
2018,OR,0.905,0.34
2018,PA,0.91,0.318
2018,RI,0.8909999999999999,0.344
2018,SC,0.884,0.28300000000000003
2018,SD,0.9229999999999999,0.292
2018,TN,0.878,0.275
2018,TX,0.84,0.303
2018,UT,0.924,0.349
2018,VT,0.935,0.387
2018,VA,0.899,0.39299999999999996
2018,WA,0.9159999999999999,0.36700000000000005
2018,WV,0.878,0.213
2018,WI,0.9209999999999999,0.3
2018,WY,0.9329999999999999,0.26899999999999996
2019,AL,0.871,0.263
2019,AK,0.9359999999999999,0.302
2019,AZ,0.8759999999999999,0.302
2019,AR,0.875,0.233
2019,CA,0.84,0.35
2019,CO,0.924,0.42700000000000005
2019,CT,0.907,0.39799999999999996
2019,DE,0.903,0.332
2019,DC,0.919,0.597
2019,FL,0.884,0.307
2019,GA,0.879,0.325
2019,HI,0.924,0.336
2019,ID,0.915,0.287
2019,IL,0.898,0.358
2019,IN,0.8959999999999999,0.26899999999999996
2019,IA,0.9259999999999999,0.293
2019,KS,0.9179999999999999,0.34
2019,KY,0.872,0.251
2019,LA,0.86,0.25
2019,ME,0.932,0.332
2019,MD,0.904,0.409
2019,MA,0.9129999999999999,0.45
2019,MI,0.914,0.3
2019,MN,0.9359999999999999,0.373
2019,MS,0.853,0.223
2019,MO,0.907,0.302
2019,MT,0.9420000000000001,0.336
2019,NE,0.92,0.332
2019,NV,0.8690000000000001,0.257
2019,NH,0.9329999999999999,0.376
2019,NJ,0.903,0.41200000000000003
2019,NM,0.8590000000000001,0.27699999999999997
2019,NY,0.8759999999999999,0.37799999999999995
2019,NC,0.8859999999999999,0.32299999999999995
2019,ND,0.935,0.304
2019,OH,0.9079999999999999,0.293
2019,OK,0.884,0.262
2019,OR,0.914,0.345
2019,PA,0.91,0.32299999999999995
2019,RI,0.893,0.348
2019,SC,0.883,0.29600000000000004
2019,SD,0.9209999999999999,0.297
2019,TN,0.88,0.287
2019,TX,0.846,0.308
2019,UT,0.93,0.348
2019,VT,0.9309999999999999,0.387
2019,VA,0.9,0.396
2019,WA,0.917,0.37
2019,WV,0.871,0.21100000000000002
2019,WI,0.9279999999999999,0.313
2019,WY,0.945,0.29100000000000004
2020,AL,0.88,0.278
2020,AK,0.937,0.319
2020,AZ,0.8909999999999999,0.33
2020,AR,0.882,0.249
2020,CA,0.8440000000000001,0.369
2020,CO,0.927,0.442
2020,CT,0.9159999999999999,0.424
2020,DE,0.91,0.34700000000000003
2020,DC,0.938,0.636
2020,FL,0.8959999999999999,0.337
2020,GA,0.893,0.348
2020,HI,0.9329999999999999,0.355
2020,ID,0.9129999999999999,0.309
2020,IL,0.904,0.376
2020,IN,0.902,0.289
2020,IA,0.9309999999999999,0.295
2020,KS,0.9179999999999999,0.35100000000000003
2020,KY,0.887,0.27399999999999997
2020,LA,0.8690000000000001,0.272
2020,ME,0.9359999999999999,0.335
2020,MD,0.9109999999999999,0.431
2020,MA,0.9129999999999999,0.469
2020,MI,0.92,0.321
2020,MN,0.938,0.379
2020,MS,0.868,0.245
2020,MO,0.914,0.319
2020,MT,0.9440000000000001,0.34600000000000003
2020,NE,0.919,0.33299999999999996
2020,NV,0.872,0.28
2020,NH,0.941,0.402
2020,NJ,0.909,0.431
2020,NM,0.878,0.301
2020,NY,0.878,0.395
2020,NC,0.903,0.348
2020,ND,0.935,0.318
2020,OH,0.915,0.306
2020,OK,0.892,0.27
2020,OR,0.919,0.363
2020,PA,0.9159999999999999,0.34
2020,RI,0.9009999999999999,0.38
2020,SC,0.894,0.317
2020,SD,0.922,0.284
2020,TN,0.897,0.307
2020,TX,0.858,0.332
2020,UT,0.94,0.369
2020,VT,0.9420000000000001,0.42100000000000004
2020,VA,0.914,0.42
2020,WA,0.9209999999999999,0.384
2020,WV,0.8909999999999999,0.231
2020,WI,0.9309999999999999,0.318
2020,WY,0.938,0.282
2021,AL,0.879,0.27399999999999997
2021,AK,0.9329999999999999,0.32799999999999996
2021,AZ,0.89,0.324
2021,AR,0.887,0.253
2021,CA,0.8440000000000001,0.36200000000000004
2021,CO,0.924,0.444
2021,CT,0.9109999999999999,0.42100000000000004
2021,DE,0.914,0.35600000000000004
2021,DC,0.9279999999999999,0.63
2021,FL,0.898,0.332
2021,GA,0.89,0.34600000000000003
2021,HI,0.929,0.353
2021,ID,0.9129999999999999,0.307
2021,IL,0.902,0.371
2021,IN,0.9059999999999999,0.289
2021,IA,0.9329999999999999,0.305
2021,KS,0.919,0.354
2021,KY,0.88,0.27
2021,LA,0.867,0.264
2021,ME,0.945,0.36
2021,MD,0.9109999999999999,0.425
2021,MA,0.9109999999999999,0.466
2021,MI,0.92,0.317
2021,MN,0.941,0.389
2021,MS,0.865,0.248
2021,MO,0.9159999999999999,0.317
2021,MT,0.9440000000000001,0.348
2021,NE,0.922,0.344
2021,NV,0.872,0.276
2021,NH,0.9440000000000001,0.402
2021,NJ,0.91,0.431
2021,NM,0.875,0.301
2021,NY,0.88,0.39899999999999997
2021,NC,0.897,0.349
2021,ND,0.9359999999999999,0.317
2021,OH,0.917,0.307
2021,OK,0.887,0.27899999999999997
2021,OR,0.919,0.363
2021,PA,0.919,0.345
2021,RI,0.8909999999999999,0.365
2021,SC,0.8959999999999999,0.315
2021,SD,0.9309999999999999,0.317
2021,TN,0.897,0.305
2021,TX,0.8540000000000001,0.331
2021,UT,0.932,0.368
2021,VT,0.945,0.444
2021,VA,0.914,0.418
2021,WA,0.9229999999999999,0.39
2021,WV,0.888,0.24100000000000002
2021,WI,0.9329999999999999,0.325
2021,WY,0.9359999999999999,0.292
2022,AL,0.888,0.28800000000000003
2022,AK,0.9329999999999999,0.306
2022,AZ,0.892,0.33
2022,AR,0.8909999999999999,0.254
2022,CA,0.847,0.37
2022,CO,0.93,0.45899999999999996
2022,CT,0.915,0.419
2022,DE,0.92,0.365
2022,DC,0.937,0.654
2022,FL,0.899,0.34299999999999997
2022,GA,0.895,0.34700000000000003
2022,HI,0.929,0.354
2022,ID,0.92,0.32299999999999995
2022,IL,0.904,0.377
2022,IN,0.902,0.29600000000000004
2022,IA,0.935,0.32299999999999995
2022,KS,0.9209999999999999,0.35600000000000004
2022,KY,0.89,0.27899999999999997
2022,LA,0.873,0.271
2022,ME,0.946,0.361
2022,MD,0.914,0.43799999999999994
2022,MA,0.9129999999999999,0.466
2022,MI,0.9179999999999999,0.321
2022,MN,0.94,0.391
2022,MS,0.8759999999999999,0.248
2022,MO,0.9159999999999999,0.322
2022,MT,0.94,0.34600000000000003
2022,NE,0.9279999999999999,0.34700000000000003
2022,NV,0.8740000000000001,0.27
2022,NH,0.945,0.413
2022,NJ,0.907,0.435
2022,NM,0.88,0.305
2022,NY,0.879,0.4
2022,NC,0.902,0.359
2022,ND,0.9390000000000001,0.318
2022,OH,0.9179999999999999,0.32
2022,OK,0.8959999999999999,0.285
2022,OR,0.9159999999999999,0.363
2022,PA,0.922,0.35100000000000003
2022,RI,0.905,0.396
2022,SC,0.905,0.326
2022,SD,0.932,0.316
2022,TN,0.904,0.311
2022,TX,0.861,0.33899999999999997
2022,UT,0.93,0.379
2022,VT,0.95,0.442
2022,VA,0.915,0.42200000000000004
2022,WA,0.922,0.395
2022,WV,0.8909999999999999,0.248
2022,WI,0.935,0.332
2022,WY,0.937,0.29600000000000004
