year,state,american_indian,asian,black,more_than_one,pacific_islander,white,hispanic,white_non_hispanic
2010,AL,0.006867809811025524,0.011647233714079617,0.2635624929735865,0.013553612004896444,0.001079507864776908,0.703289343631635,0.03888694088033177,0.03251061432481443
2010,AK,0.1494421427991182,0.05503360028684196,0.03448686381449392,0.06952696286461003,0.010920443372521996,0.6805899868624139,0.056039227879694446,0.03921947612124675
2010,AR,0.05251912571546829,0.029677516823668846,0.04405274449217788,0.024039297418492724,0.002526164515644709,0.8471851510345475,0.29706046594672175,0.26851446356383035
2010,AZ,0.008984947970532491,0.012994533192698969,0.1557331661417975,0.016961681698618548,0.0023299126145876897,0.8029957583817648,0.06415199462833308,0.05748840348282237
2010,CA,0.016704783417806485,0.1356791279637616,0.06662848292650903,0.03478763811460749,0.004878863759075337,0.74132110381824,0.3767719868004839,0.33894401191868606
2010,CO,0.0155547089383559,0.029002054268426652,0.0428155186121395,0.026471910370578614,0.0016863663658666134,0.8844694414446327,0.20694659318135036,0.18348407015775411
2010,CT,0.004708909013339115,0.03958735719117237,0.10992399640922637,0.019852071973050757,0.000980114680123034,0.8249475507330883,0.13478001761859512,0.11077978069235547
2010,DE,0.006584804929044392,0.032812869936764084,0.2190247952808157,0.0223243116466792,0.0007703021296130594,0.7184829160770836,0.0819599242814126,0.06477985254216376
2010,DC,0.00542061386262932,0.036255827862054384,0.5140033901553326,0.023964036597817217,0.0013167416179565889,0.4190393899042099,0.0922346939112678,0.0688142056099471
2010,FL,0.0047424557905561895,0.02534417785113909,0.16407452707962578,0.01776103471145263,0.0010021148624416148,0.7870756897047847,0.22553941143288575,0.20733446626187652
2010,GA,0.00501389539702039,0.03365835722851516,0.3095370991295595,0.017277840705446103,0.001088526822270814,0.633424280717188,0.08821412306922143,0.0740819107167072
2010,HI,0.003684739927448893,0.39016821065040863,0.016645112477676017,0.23141501051316565,0.1019212553628875,0.2561656710684133,0.08955618898478304,0.028362820050381085
2010,ID,0.016497763268715236,0.01278123068284761,0.006972795719939725,0.020449205159856102,0.001781873022926257,0.9415171321457151,0.11268261970347952,0.10106511316708036
2010,IL,0.005755207430837243,0.04737376801374085,0.1482873195802826,0.01654135396900988,0.0005784801190292157,0.7814638708871002,0.15842598581290748,0.1444565631754727
2010,IN,0.003777180842008118,0.016533254860331668,0.0932581266162909,0.0167189092458195,0.0005454079042547209,0.8691671205312951,0.06030901825806884,0.05332687266343171
2010,IA,0.004495186374544016,0.017970584292283483,0.030309238273394785,0.014853060768272388,0.00080568529303115,0.9315662449984742,0.05023896861793505,0.045103626272158394
2010,KS,0.011598290711921144,0.024562444503065845,0.060826039283957474,0.025850638114157325,0.0010034055612738633,0.8761591818256244,0.10571934172676721,0.09421866264371476
2010,KY,0.0027973095787386074,0.011683895738817202,0.07922705580637208,0.01553537065041817,0.000738651625033575,0.8900177166006203,0.030857332612159144,0.026497402301134378
2010,LA,0.007298935998160469,0.015933292772686916,0.32297225189701706,0.013364109548951677,0.00056990275346645,0.6398615070297174,0.04268967694875386,0.03588935084995825
2010,ME,0.006608664475829868,0.010431958398705685,0.01236846128990224,0.014654453617705255,0.00028396016724274676,0.9556525020506142,0.012808335925631058,0.010773915735385279
2010,MD,0.005357601872863109,0.05697984239867993,0.3001910245744184,0.024024734728398917,0.0009395755654382683,0.6125072208602014,0.08208839714869307,0.06546228016108392
2010,MA,0.00457416804234867,0.05540262303470374,0.077348761277039,0.018945577816899265,0.0009111482020699191,0.8428177216269394,0.09654165727547956,0.07495979556654747
2010,MI,0.0069344801169758195,0.024776167725814285,0.14323099029045222,0.020683978097101957,0.0003507938216147105,0.804023589948041,0.04433730187615469,0.037580699030341086
2010,MN,0.01275067624640035,0.04138010376329286,0.053245248387571754,0.02116106131237933,0.0005652489750390421,0.8708976613153167,0.04737791883687502,0.04020949987328029
2010,MS,0.005664820247659155,0.008993087290005605,0.37200647004071546,0.010111710874684198,0.0005692423959348485,0.6026546691510007,0.027605058211851753,0.022239165963950227
2010,MO,0.0051256744187753054,0.016879669397835823,0.11694622945056353,0.018873802573644252,0.0012086211528881576,0.840966003006293,0.03567091816015406,0.030609118710546158
2010,MT,0.06431520192181522,0.006607249200084786,0.0042917848455179515,0.023391842378851956,0.0007469239853441402,0.900646997668386,0.029141138352527934,0.0225015897368607
2010,NE,0.012948249089550615,0.018428162359784235,0.047178850355079356,0.01782310909924677,0.0011439715215039864,0.902477657574835,0.09248515105288559,0.0814187433147627
2010,NV,0.015920914211116223,0.07582101349018662,0.08578259326700667,0.03616118954309796,0.0071567517723515744,0.779157537716241,0.26584182028157066,0.2373180515844133
2010,NH,0.0026921181312067753,0.02215130994899025,0.012543220077050016,0.014351381789434594,0.0003986916837471247,0.9478632783695713,0.028042074502945383,0.023765062002252417
2010,NJ,0.005696832677402261,0.08527850203382006,0.1459017159138678,0.01828989103979328,0.0008822141290405504,0.743950844206076,0.17777881824672925,0.14948728051329566
2010,NM,0.1015308430534715,0.015247886529879193,0.023870805874609005,0.022438092544175326,0.001522802809629306,0.8353895691882357,0.4640189401021208,0.4294580003816694
2010,NY,0.009462547234643213,0.07679996799992743,0.17444256059137453,0.021284893635841236,0.001240930649533432,0.7167690998886802,0.17684101963942597,0.1323110732828466
2010,NC,0.015462078464802551,0.022852058564203193,0.21895745675061043,0.01850482099173792,0.0010852688565333268,0.7231383163721126,0.08419967192315156,0.06975695868207774
2010,ND,0.05504540927629707,0.010664659015460496,0.012629825476619559,0.016278573461064212,0.000500924784217016,0.9048806079863416,0.02046381485345727,0.016177795693825287
2010,OH,0.0025796725649552244,0.017190768814004897,0.1237846798404326,0.018636678406395314,0.0004632803524674358,0.8373449200217445,0.030937958996135776,0.025445669026311395
2010,OK,0.0898177506785879,0.01799833724023368,0.0758733877054713,0.05553888895094539,0.0014526541656493832,0.7593189812591123,0.08871456329683879,0.07275105890563173
2010,OR,0.017466060943075568,0.038140625920168106,0.019433168630299973,0.033326436686962266,0.003851611965142925,0.8877820958543512,0.11789122095135154,0.10236516752336217
2010,PA,0.003153624390567023,0.028420302207324666,0.11289262572527382,0.016026000585615784,0.0005661844173650028,0.8389412626738537,0.05714112191837787,0.04399049168911763
2010,RI,0.008800809112765347,0.030590306965694303,0.07171577826818748,0.023632013085463484,0.0015275229270754862,0.8637335696408139,0.12531665265646674,0.09545120750212999
2010,SC,0.005326751578891965,0.013343627031614078,0.2815785942846246,0.014912272754530673,0.0008602529074520595,0.6839785014428866,0.05105777888221481,0.04256159501415707
2010,SD,0.08946045849449824,0.009650903646563987,0.013157427226158518,0.019646088608944207,0.0006567074209163764,0.8674284146029186,0.027511875254994836,0.020661779750622708
2010,TN,0.004146003520090731,0.014884073965332173,0.16843394983697632,0.015278849025366619,0.0008581519240445861,0.7963989717281896,0.045805707733028216,0.03938766281521034
2010,TX,0.009986808836118775,0.04005875628127315,0.1221531804840183,0.016102712090141243,0.0012478856085974838,0.8104506566998511,0.37702261442553225,0.3570707066905471
2010,UT,0.014731861528356321,0.021045156162344127,0.012260877930599878,0.021150726036089043,0.009453367841110494,0.9213580105015001,0.1298858944596714,0.11629836712590162
2010,VT,0.00370354984773585,0.012973608612431018,0.010398059710554318,0.01631766807373867,0.0002796036338885995,0.9563275101216515,0.014844556356908447,0.012358480617876099
2010,VA,0.005195660420907068,0.056473551109894764,0.19737789263315422,0.024852056404757523,0.0010277911127661453,0.7150730483185203,0.07945472110931151,0.06625707065948622
2010,WA,0.01829509644729823,0.07362499442014685,0.03762845341004291,0.04174278871643208,0.006504069622330327,0.8222045973837496,0.11290997831976793,0.09649668271242112
2010,WV,0.0021523352918811495,0.006864714590417227,0.03450315893359363,0.013855085438165526,0.00025886267604684335,0.9423658430698956,0.012061382812057608,0.010252579863180289
2010,WI,0.010614637842678496,0.023342256918414392,0.06462042780489297,0.015727335447017488,0.00044319183880329067,0.8852521501481934,0.05937681112049511,0.05196415523453143
2010,WY,0.025633667593099405,0.008366236752277554,0.009179301048126675,0.017449883177363155,0.0009175758284310339,0.9384533356007022,0.08950438505591367,0.07949784865667253
2011,AL,0.006818841905292103,0.012009437370537219,0.26404719351985,0.014050631276249354,0.0010486198762324358,0.7020252760518388,0.03944627536803787,0.03310496907894381
2011,AK,0.1494665321056719,0.056339802505437124,0.03501216171130576,0.070432713272947,0.011440453298890148,0.677308337105748,0.05825162075395688,0.0408639037362826
2011,AR,0.05277893464594273,0.030778185736865978,0.04473619492397831,0.024737480180479672,0.0025478047448209726,0.8444213997679123,0.29907239083661546,0.270000722956782
2011,AZ,0.009078767428370528,0.013662863247601697,0.15573855217103622,0.017414939895370275,0.0024919773222923337,0.8016128999353289,0.06576045600226858,0.05901453840446808
2011,CA,0.016673658584657778,0.13762241469415,0.06633229808309321,0.0354890520486984,0.0049048377775388246,0.7389777388118618,0.37906533932084896,0.34094353721330445
2011,CO,0.015613541849704211,0.02965266795525098,0.0430041586130147,0.027049337160038267,0.0017308030223159375,0.8829494913996759,0.2088342216755501,0.18515570393799177
2011,CT,0.004827187630272483,0.04085345056277712,0.1109283426107776,0.02038158273124689,0.0009964799957198176,0.8220129564692061,0.13844189094897444,0.11376647145764737
2011,DE,0.006565740036800758,0.033908482905276614,0.22034729338137266,0.023196597582608888,0.0007668660959243711,0.7152150199980167,0.0837062990998138,0.06622153174891746
2011,DC,0.005502265069564236,0.03689242128681745,0.5065953021973593,0.024546583049863773,0.0013896725725064084,0.42507375582388884,0.09620661303583808,0.07152783375517903
2011,FL,0.004792920005119753,0.025874956384228535,0.16573631057777377,0.0182693734185429,0.0010211167768101011,0.784305322837525,0.22928406321561942,0.21053703510992855
2011,GA,0.004998658660108552,0.03458892267456034,0.3117578896796391,0.01786511730858876,0.001120095311634568,0.6296693163654687,0.08884097013045168,0.07432981456868527
2011,HI,0.003719296414369198,0.3872352239333934,0.01788393707568054,0.23280287511543518,0.1029036752244553,0.2554549922366664,0.0926359235757436,0.029910942748495536
2011,ID,0.016747755435935242,0.013229420200571619,0.007268953816011392,0.020977458416231557,0.0018065079733783087,0.9399699041578718,0.11444183827019602,0.1024300120181383
2011,IL,0.005758101453840184,0.04892427856453594,0.14796387225367416,0.01696710303554233,0.0005844052545803734,0.779802239437827,0.16024415394633248,0.14612353969599892
2011,IN,0.0038083547508535043,0.01754374928075492,0.09385707161763014,0.017274157044765814,0.000559438413441252,0.8669572288925543,0.06137650082473436,0.05418742567800836
2011,IA,0.004603863606423953,0.01940998548310732,0.03101469558219522,0.015372189390016604,0.0008774698608178241,0.9287217960774391,0.05163800895534458,0.04619645673039926
2011,KS,0.011653924814534877,0.02554189896632966,0.061034743631426115,0.02640506231189085,0.0009722348543059027,0.8743921354215126,0.10749502470138625,0.09569543889434247
2011,KY,0.0027953583963821866,0.012156308534537136,0.0798809467429087,0.016120784741159376,0.0007490590431948992,0.8882975425418177,0.03159363569785695,0.02711598312169098
2011,LA,0.007363025223305401,0.016429849457327887,0.32368269698905916,0.01382990067837292,0.0005847590294573453,0.6381097686224773,0.044093147131140736,0.03696350107205822
2011,ME,0.006662536611583374,0.01082972706257485,0.012941926557784766,0.015008208672664029,0.00029357013654022324,0.9542640309588527,0.013342386333783223,0.011179000250663733
2011,MD,0.005385222972819101,0.05842395887429988,0.3009802163986041,0.024692131711687926,0.0009492758946077739,0.6095691941479813,0.08427426196966872,0.06721178115766113
2011,MA,0.004633654348858777,0.05727132066103657,0.07873659440919546,0.01976318288874059,0.0009204413885360296,0.8386748063036326,0.09949898839137143,0.07704932011614979
2011,MI,0.00697911869945451,0.025835538876498993,0.14315606725978297,0.02122016344544545,0.0003618315109713567,0.8024472802078467,0.04524472346753579,0.03832338043719891
2011,MN,0.012938828643142771,0.042875124845229325,0.054628531670475926,0.021767958074447032,0.0005949553175651159,0.8671946014491398,0.048100482173784556,0.04063875869240754
2011,MS,0.005688205382278887,0.009343614128473687,0.372845650113942,0.010452992081290384,0.0005686191382969688,0.6011009191557181,0.028086227366424014,0.022667562225026156
2011,MO,0.0051753548636524396,0.017538314428010997,0.11716963485717119,0.01939202639347802,0.0012634786303259492,0.8394611908273614,0.03645406178019564,0.031210999766768
2011,MT,0.06480384313867019,0.007009397324158562,0.00493023684785638,0.023850196186935974,0.0007799358006572312,0.8986263907017217,0.030389426556713763,0.023285795344043916
2011,NE,0.013208112926513678,0.019031307274538625,0.04765839142947471,0.01837619791038582,0.0011543179094732291,0.9005716725496139,0.09472305604715918,0.08315271653102753
2011,NV,0.01602144251955502,0.07707158637639258,0.08676377033917483,0.037090221789427204,0.007262134948992191,0.7757908440264581,0.2689415188598784,0.2397002116387295
2011,NH,0.0027324142485406423,0.023510273816988832,0.013060001029956591,0.014678396054660403,0.0004187985253445053,0.945600116324509,0.02926439894459742,0.02479999151800455
2011,NJ,0.005778410774496203,0.08731114683359174,0.14635605023337916,0.018858245383840976,0.0009061508614323164,0.7407899959132597,0.18149669390858206,0.15229213125776458
2011,NM,0.10239884808384843,0.015822025878703728,0.02396589236254792,0.022917690957929202,0.0015504345397982513,0.8333451081771724,0.46802505110041925,0.43228864035157283
2011,NY,0.009520859084506035,0.07850221547051396,0.1748130159091414,0.021879062997229578,0.001264774354726873,0.7140200721838822,0.17910287944243466,0.13387797827488634
2011,NC,0.015508059757863022,0.023732484183261616,0.21967368377787438,0.0190680876823303,0.0011252819028393774,0.7208924026958313,0.08493823269761308,0.07009246278540866
2011,ND,0.05537645545172612,0.011277471605745078,0.013839008294360827,0.01681774287189691,0.0005499426717586204,0.9021393791045125,0.022321545791115144,0.017550027278323506
2011,OH,0.002609881484374966,0.01779904007843589,0.12432348395316539,0.019226666816794254,0.0004723822259908096,0.8355685454412387,0.03187705243537982,0.02616446679228304
2011,OK,0.09069146521453622,0.018865748316628062,0.07593781078244859,0.056410115645382314,0.001504688526043965,0.7565901715149609,0.091377957909895,0.0746202515609065
2011,OR,0.017548865486155297,0.03975317300303253,0.01966729947695028,0.0339316110427116,0.003985878483899488,0.8851131725072509,0.11953323183579709,0.10374387502995348
2011,PA,0.003243495044971967,0.02950595949557592,0.11381298201340985,0.016640396540313792,0.0005963731849528817,0.8362007937207756,0.05937749371384066,0.045509581352613925
2011,RI,0.00902992800539746,0.031980520558838293,0.07341988121412488,0.024144334612161936,0.0015818505658887732,0.8598434850435887,0.12937203284403825,0.09810415162232203
2011,SC,0.005342572905553695,0.013807995668415495,0.28086879942987447,0.015372844774544665,0.0008628927237298709,0.6837448944978818,0.05134104700646634,0.04267209969492719
2011,SD,0.09004054677446767,0.010270230898098915,0.014066331609488432,0.020065797460363705,0.0006652584553378493,0.8648918348022434,0.029920848811518196,0.02241726758443198
2011,TN,0.0042052729419786395,0.015541463850589457,0.16907103387998496,0.015790202268706862,0.0008799590269078096,0.7945120680318323,0.04679485236468677,0.04010422639695839
2011,TX,0.010004794602593889,0.0411708422653733,0.12256507027508604,0.01659600840755557,0.0012677855736428498,0.8083954988757484,0.3799892565963999,0.35967587145099583
2011,UT,0.014788277804758212,0.021605465687223626,0.012373183572385505,0.021653426517080982,0.009485231084159888,0.9200944153343917,0.13091139432079826,0.1170361486103616
2011,VT,0.003742045960041263,0.013922260469995871,0.010878559686988299,0.01674274589961368,0.0002710472148304281,0.9544433407685304,0.01577973108927498,0.01311868519779272
2011,VA,0.005223366747560024,0.05794293741500242,0.19692593722111015,0.025578353771834327,0.001040797972264394,0.7132886068722287,0.08150152849074914,0.06803878882365885
2011,WA,0.018499068250521167,0.07562791478377305,0.03834724354333422,0.042549380232440114,0.006594674256779113,0.8183817189331524,0.11497362349997708,0.09795006326639745
2011,WV,0.0022040217472096934,0.007340814367722608,0.03473811891160537,0.014376232760208682,0.00028438990286576687,0.9410564223103879,0.012839557773701044,0.010940932001727884
2011,WI,0.010781585182900327,0.024158406124251644,0.0650976893849109,0.016303822048988406,0.00045444667218148425,0.8832040505867672,0.06066433688992331,0.052960475582911545
2011,WY,0.026137859455039814,0.008544628901603726,0.009616011531460411,0.017855789783450312,0.0008687362442752396,0.9369769740841705,0.09092478999666954,0.08051405220523321
2012,AL,0.006805585313555198,0.012662997712924716,0.26497540189908636,0.014570347080698712,0.0010349555457008133,0.6999507124480342,0.03942360554013676,0.03307518614666846
2012,AK,0.14925356795884018,0.05771130663236682,0.03611745871019827,0.07087478277527674,0.012183741328115378,0.6738591425952026,0.06174108181333041,0.04352157195440676
2012,AR,0.05302955427598064,0.03175092704104605,0.04556960403541974,0.025395403291834595,0.002569877358479055,0.8416846339972399,0.3011318503116981,0.271535782747214
2012,AZ,0.009263849887364048,0.014504842059063773,0.15572005055410387,0.017972647683140098,0.0025981449949134335,0.7999404648214148,0.06731064900795021,0.06038519734658685
2012,CA,0.016659019103955137,0.13955149976606654,0.06603027138204903,0.036168038989313644,0.004932302400942891,0.7366588683576728,0.3808023713338972,0.3424002039186074
2012,CO,0.01563425407131002,0.030352776269528616,0.043384819183388976,0.027646207106356596,0.0017937254267703315,0.8811882179426455,0.20957167007466795,0.18567291659446325
2012,CT,0.004991362120331741,0.04230349762503508,0.11205072525645922,0.020902250243448856,0.0010052261188564454,0.8187469386358687,0.14213213077062792,0.11679648287680473
2012,DE,0.006457546438191276,0.03478140244102246,0.22120810295373766,0.023953652467783266,0.0007940859710022086,0.7128052097282631,0.08508734945681025,0.06735858825277057
2012,DC,0.005552610592115922,0.03763977871352462,0.4997129316053651,0.025136180527482278,0.0015100584046547551,0.4304484401568573,0.09901736095272101,0.07397241312051997
2012,FL,0.004853379046002242,0.026372892862590105,0.16699359279362322,0.018823059725989244,0.0010451757992533009,0.7819118997725419,0.23278858539957692,0.21343879312917366
2012,GA,0.005021416497872486,0.03587530973647913,0.3131427221267461,0.018460799024191253,0.0011435258765012247,0.6263562267382098,0.08925529959873096,0.07442227962009698
2012,HI,0.0037234831733681003,0.38430718485320015,0.018838889649433522,0.23362402065941848,0.10351928291233006,0.25598713875224965,0.09551612350639586,0.03157900772577962
2012,ID,0.016851200882255266,0.013521439178901066,0.0073431459167496915,0.021560739640706556,0.0018246642981120489,0.9388988100832754,0.11635555889743156,0.10396012306458384
2012,IL,0.005780084792171158,0.05052973178900707,0.14773668521587585,0.017468640332952756,0.0005972197997846624,0.7778876380702084,0.16181388709130437,0.1474939627939982
2012,IN,0.0038521245409649718,0.018651507136653693,0.09438064508137267,0.01780871630155671,0.0005750124369378813,0.864731994502514,0.06247617177517809,0.05512014166104271
2012,IA,0.004696370696726906,0.020620479946334622,0.031661013688051784,0.015949134892766743,0.0008859727695001762,0.9261870280066198,0.05291590993888543,0.0472061631983942
2012,KS,0.011703644876134086,0.026395483890639854,0.06156255110837609,0.026974827652160898,0.0009760833589741458,0.8723874091137149,0.10943568036856242,0.0973079225952383
2012,KY,0.0028170875813180213,0.012755406102968072,0.08050635103860306,0.01659736568923611,0.0007714457942530137,0.8865523437936217,0.032545896466732685,0.027908561453007328
2012,LA,0.00746773134767486,0.01669097820609739,0.32432578665195444,0.014297271204439223,0.0006069012033071226,0.6366113313865269,0.04512320224803333,0.037600712897052566
2012,ME,0.006706603598841648,0.01098943297688266,0.013294992673711349,0.015398006466409757,0.00030796012932819515,0.9533030041548264,0.01373697946079118,0.011491656464075585
2012,MD,0.005435285626340034,0.05991245462457809,0.3015905067187467,0.025388328698494916,0.0009771796123718343,0.6066962447194685,0.08648633960982444,0.06890984354766808
2012,MA,0.004699090027728473,0.059343943049117616,0.08036230230202292,0.020515528409792583,0.0009375371852486747,0.8341415990260898,0.10254868163334943,0.07916457153815369
2012,MI,0.0070428333624124335,0.02695041536976744,0.1429397545373751,0.021751638086137916,0.00036632593774540224,0.8009490327065617,0.04637296405469673,0.039248500422648804
2012,MN,0.013072245467224547,0.04426238958623896,0.055906648070664804,0.02228730822873082,0.0005948860994886099,0.8638765225476522,0.048913621571362156,0.04122733612273361
2012,MS,0.005738794390804259,0.009470619001078536,0.3735118185056016,0.010842662615647864,0.0005551834601566241,0.5998809220267112,0.02813041215922139,0.022745769197135026
2012,MO,0.005250889184532362,0.017990294434459056,0.11739791408169926,0.01993950574731909,0.0013081587586647055,0.8381132377933255,0.037259872881419215,0.03185515099749802
2012,MT,0.06539642768939062,0.007175094207343791,0.0054064658503358,0.024300714621457765,0.0007747707554911131,0.8969465268759809,0.03188609874044981,0.02436444897666526
2012,NE,0.013491461090332746,0.020060517098049242,0.04801339597592048,0.018855353993734662,0.0011593086442130863,0.8984199631977497,0.09710140471092539,0.08493648617811707
2012,NV,0.016103210950678952,0.07828190638583145,0.08891305694309334,0.03817908892508025,0.007315269230909363,0.7712074675644066,0.2712861655499568,0.2414705593022112
2012,NH,0.002775016098263954,0.02479849804895835,0.01367276702169661,0.015021020218513646,0.00042349946439773623,0.9433091991481697,0.030501020248709685,0.025829692823231627
2012,NJ,0.00588276457489771,0.08910211559982278,0.14696409124870233,0.01939411945119822,0.0009420427234971773,0.7377148664018818,0.1846451218906966,0.1545533402723208
2012,NM,0.10335989347204959,0.016247907401153894,0.02406746131536153,0.02334993042632735,0.0015552889163511303,0.8314195184687565,0.47176314774765715,0.43492766014518264
2012,NY,0.009631986983790327,0.08022667609805112,0.1750846336651994,0.022448087963224547,0.0012889819857219357,0.7113196333040127,0.18118608412371243,0.1351967946643676
2012,NC,0.015578236245373935,0.0248516941983078,0.22034330037193095,0.019622613648133013,0.0011723977394965653,0.7184317577967577,0.08597798767613397,0.07053582873333258
2012,ND,0.0551944029494736,0.011913526537715012,0.015487869307218322,0.017448773687141053,0.0005681923366660639,0.899387235181786,0.02500331089519486,0.01975999213929399
2012,OH,0.0026343239888663907,0.018542856700099065,0.1249385008411847,0.01977920297782758,0.0004840285721434155,0.8336210869198789,0.032824946058647365,0.02689704614443236
2012,OK,0.09126493721395432,0.019616057308630856,0.07609129373815234,0.05706251374590241,0.001613638029806353,0.7543515599635537,0.09393714064283694,0.07658483709141942
2012,OR,0.017696716649974794,0.040816881199517346,0.019872813582824243,0.03459704387218591,0.004093739086823883,0.8829228056086739,0.12082299386016059,0.10473802992844802
2012,PA,0.0033309257025717427,0.03053334203139871,0.11474930580588816,0.017223344156055198,0.00062142090729332,0.8335416613967929,0.06161754413361043,0.047039800619040166
2012,RI,0.009372514558348572,0.03295500112333668,0.07433929317949782,0.024779764393165944,0.0016191215601961525,0.8569343051854549,0.13371972323259326,0.10100266093338377
2012,SC,0.005344533947358216,0.014364401814187543,0.2800780754168179,0.015964095988431515,0.0008686112624488057,0.683380281570756,0.05171638136420919,0.04284548488491378
2012,SD,0.0903342171758055,0.011590688593635134,0.01650518852707712,0.020415921636631612,0.0006847680483151228,0.8604692160185355,0.03242154848721426,0.024151565192676458
2012,TN,0.0042848610045739055,0.016076051248560975,0.16991498434264513,0.016380121169462518,0.0009049294334726613,0.7924390528012848,0.04792702693659855,0.040963004774656774
2012,TX,0.010028132058892537,0.04254761134360676,0.12324989303836971,0.017120838272481495,0.0012788240508017905,0.8057747012358477,0.3821308903654791,0.3614407156538154
2012,UT,0.014903582367545319,0.022461710087711,0.012623040306977988,0.022233971212404693,0.009659982355492676,0.9181177136698683,0.13162991661954224,0.11733387149781406
2012,VT,0.0037055308360514146,0.014322411516681274,0.011140540359313559,0.017106748344804353,0.00030014640119675393,0.9534246225419526,0.016247818749890237,0.01347944715587337
2012,VA,0.005239967091120856,0.0596368395750768,0.19672826333356783,0.026264812904032705,0.0010517308428894152,0.7110783862533124,0.08339953216237131,0.06968440502153539
2012,WA,0.018712785016204016,0.07764431589660452,0.03916432887315236,0.04333981435940834,0.00670817364511258,0.8144305822095181,0.11682516986419997,0.09921246328421177
2012,WV,0.0022649379847381836,0.007603451190505673,0.03487369215578811,0.014846730402929614,0.00028210779748105735,0.9401290804685574,0.013340899277825573,0.011353762101293928
2012,WI,0.010932514104172038,0.0250074071484445,0.06541993506181364,0.016861029659183773,0.0004689883015124567,0.8813101257248735,0.06206272696682734,0.05404220545113685
2012,WY,0.026462917233151133,0.009154504591992452,0.013191573485752337,0.01818935379151522,0.0009346993701617602,0.9320669515274271,0.09395896340279127,0.08283448017535584
2013,AL,0.006783693801579854,0.013102322922535168,0.26602362040125127,0.015026535800045782,0.001018920081314914,0.698044906993273,0.03975671756644712,0.03337475520460569
2013,AK,0.14943616412653568,0.059463739076442534,0.0366757679365966,0.07141288403608333,0.012842551645413801,0.670168893178928,0.06445000582951252,0.04577794166691521
2013,AR,0.05320354078336742,0.03285790293141051,0.04634037159234267,0.0260839617224015,0.002590475214365705,0.8389237477561122,0.30341417609564275,0.2733256565114572
2013,AZ,0.009345510273913607,0.014790611861201253,0.15607478434931882,0.01857482235018286,0.0027005947388563734,0.7985136764265272,0.06871096677913796,0.06168097582165468
2013,CA,0.01663106755914868,0.1418996685502981,0.06565729681844674,0.03685744107613138,0.004960112687461272,0.7339944133085138,0.38243048371078114,0.3437308450242078
2013,CO,0.01573886491813157,0.03103396199495558,0.0438525726961543,0.028278010022816383,0.0018401471965976913,0.8792564431713444,0.2103505101907234,0.18611782633821902
2013,CT,0.005144068399951944,0.042979126712557346,0.11345428211642943,0.021480107859408997,0.0010064542109221,0.8159359607007302,0.14566749133431522,0.11962065658970263
2013,DE,0.006458441100272492,0.03652785202724493,0.222096569277819,0.024657436405782295,0.0008213734576251377,0.7094383277312561,0.0860548318186442,0.0681902296599146
2013,DC,0.005910439422983951,0.038529127830326956,0.49514472212032984,0.025822680678188777,0.0015516630113312838,0.4330413669368392,0.10218261124472228,0.07610976135699146
2013,FL,0.004867715190481349,0.026870941716613788,0.16783551774942285,0.01932437717110521,0.0010609831033428435,0.780040465069034,0.23694508471344505,0.21700971139152353
2013,GA,0.005023461264253791,0.03716380942604709,0.31486041129188125,0.01904177716971584,0.0011667477980254204,0.6227437930500767,0.08965803733753346,0.07457853127914614
2013,HI,0.0037726554525695935,0.38056475551915003,0.01940912336689802,0.23474647613396157,0.10377890180590593,0.25772808772151484,0.09840916737529652,0.03318659135078811
2013,ID,0.017054650188300262,0.013654017578826503,0.007601487047882421,0.02195461315477841,0.00192177304344212,0.9378134589867703,0.11871880142898528,0.10590842856903589
2013,IL,0.005781659702888806,0.05222267318807752,0.1475610854963539,0.017932148025501058,0.0006115955159898069,0.7758908380711889,0.16322140471090615,0.14873309698724652
2013,IN,0.003898136768852041,0.019653835471020422,0.09504099717300236,0.01835942820833793,0.0005973602005912724,0.862450242178196,0.06377645792034943,0.056216693363974994
2013,IA,0.004840761037319789,0.022103890353223323,0.03301685394166329,0.016526850111589286,0.0009441051605802967,0.922567539395624,0.054485307545245776,0.0485090992538628
2013,KS,0.011786245130957128,0.027362690745208005,0.06166728742572485,0.027495019531452444,0.0010309898124109891,0.8706577673542466,0.11125534065852055,0.09887586177826395
2013,KY,0.0028443992224930596,0.013428695778852556,0.08129218095416603,0.01721797560465324,0.0007896696684703508,0.8844270787713647,0.03352238509285199,0.028752371845462553
2013,LA,0.007554625554469914,0.01695186379711373,0.3251383472689384,0.014675186552645459,0.0006145645087374947,0.635065412318095,0.0466154637659856,0.038722968240655076
2013,ME,0.006736703290747834,0.011294327695829191,0.01367964755374873,0.015816574999830642,0.0003176412054408476,0.9521551052544027,0.014421813972148437,0.012076387440978576
2013,MD,0.005490281588949701,0.061206910082483336,0.302690189035065,0.02603204585434037,0.001017012598905994,0.6035635608402556,0.08868768413944718,0.07063039422993024
2013,MA,0.0047427030011803145,0.061289399296338226,0.0819854127036177,0.021274108516880764,0.0009716822746389586,0.8297366942073441,0.1054709360524354,0.0812152148914441
2013,MI,0.007073968799376932,0.028151242959768636,0.1424025411702624,0.022298276859184882,0.00037802066042266904,0.7996959495509844,0.04727446902116653,0.03998819139303034
2013,MN,0.013217114378171215,0.04548599170926965,0.05742843307560388,0.022872273036362717,0.0006162827934656663,0.8603799050071269,0.04993275739733268,0.04199126012378844
2013,MS,0.005789609407061718,0.009834977736259376,0.3745753533885938,0.0112771958623859,0.0005702648202796204,0.5979525987854195,0.02874870519783841,0.02315810316207662
2013,MO,0.005295227245987044,0.01842217485419881,0.11773875477847139,0.020564823136365134,0.0013314603087975173,0.8366475596761801,0.03807403918822291,0.032515035192021695
2013,MT,0.06578166321224109,0.007881414927457062,0.005369971937311543,0.024896515138666756,0.0008253151875743227,0.8952451195967492,0.03326897781213578,0.025374744369220575
2013,NE,0.013747358390149495,0.02083327750423006,0.048524691381183434,0.01943495945199224,0.0011512407727891274,0.8963084724996556,0.09969487831845956,0.08702319042690773
2013,NV,0.016140695063227507,0.08014170912322702,0.08982209296798364,0.03926817709751253,0.007487335053202139,0.7671399906948472,0.2743237559399573,0.24379860537941545
2013,NH,0.002818563188253802,0.025902753919317217,0.014024254259865348,0.015361583759771924,0.0004226714644775148,0.9414701734083142,0.03156700359835814,0.02663357623757602
2013,NJ,0.005965688401244505,0.09073292404531544,0.14770540068488627,0.01990150850869531,0.0009680710413994593,0.7347264073184591,0.18778478363922685,0.1567684648402807
2013,NM,0.10469588352247886,0.016715619449807987,0.024292908225357686,0.02383993371664151,0.0015514854744740742,0.8289041696112399,0.4759620093910981,0.4378294875893108
2013,NY,0.009709276565425256,0.08182024211361706,0.17554791259648694,0.02303478849603658,0.0013078244054667346,0.7085799558229674,0.183083239344706,0.1363339686652039
2013,NC,0.015607232339469083,0.02614973092046821,0.2211289305867123,0.02016621377460122,0.0012224378947825962,0.7157254544839666,0.08692348932136468,0.07096883154050228
2013,ND,0.05492782262023456,0.012738730192532936,0.018369658258533164,0.01838072098557835,0.0005614333975432449,0.8950216345455777,0.028562578389792422,0.02256519749042037
2013,OH,0.002678914085106927,0.019570123281344616,0.12575334473490313,0.020412805452856606,0.0005012223123032979,0.8310835901334854,0.0338312107092313,0.027659284892896978
2013,OK,0.09196290190874624,0.02048449216648836,0.07650475843764133,0.057748389874026015,0.00169516989452997,0.751604287718568,0.09640542506261854,0.07831747187452888
2013,OR,0.017766576370183303,0.041607651161664684,0.02008098651668786,0.035301762692687005,0.004130363318051737,0.8811126599407254,0.12247847282568532,0.10604086022053408
2013,PA,0.0034246151934443953,0.031647857692508136,0.11566255368543057,0.017855653310784786,0.0006538577529172025,0.8307554623649149,0.063557148936057,0.04828124459585315
2013,RI,0.009595854333244913,0.03358880594186972,0.07602125885785745,0.025336314373413164,0.001665466671719277,0.8537922998218955,0.13740478987456894,0.10331198605479557
2013,SC,0.005349872200994069,0.014760402301997558,0.27934557006454885,0.016536769671637433,0.0008996177254063753,0.6831077680354157,0.05223678156723562,0.04316360811325952
2013,SD,0.09060327427674367,0.012060501856420224,0.01740609029238767,0.02109282575754879,0.0007072077042922524,0.8581301001126074,0.03414057058371927,0.025029931735471096
2013,TN,0.004340502910368769,0.016623510472540702,0.1703294918856453,0.016986604315291053,0.0009204328866668524,0.7907994575294873,0.048848974048256236,0.04165620661902067
2013,TX,0.0100685636054198,0.044046472524594926,0.12403723221979629,0.017617153945335976,0.0013050778699987152,0.8029254998348543,0.384394527026532,0.3633120321925754
2013,UT,0.015016698444479785,0.02296488893749183,0.012818527011256142,0.02277756830217475,0.009855549227207511,0.91656676807739,0.13280170610116762,0.11806305633452499
2013,VT,0.0036913324704797136,0.014816398900101021,0.011613413915988273,0.017414535200118736,0.0003000304818202275,0.9521642890314921,0.016999599427388632,0.01418920752055129
2013,VA,0.005261353116289143,0.06103651696655261,0.19683943322204675,0.027010386923907753,0.0010703910833770095,0.7087819186878267,0.08529613083359809,0.071216678672279
2013,WA,0.01892093481545026,0.07962014581154973,0.0397042771349644,0.04421803862392575,0.006885338055528281,0.8106512655585816,0.11883477657713215,0.10065728314163772
2013,WV,0.0023054096253547615,0.007793427533793984,0.03517205386334032,0.01538898665493474,0.00027981936285292826,0.9390603029597233,0.013875589831181043,0.011788536356029434
2013,WI,0.011067073404517104,0.026115665146744203,0.0656392841283706,0.01741840205283642,0.00047821440596499277,0.8792813608615667,0.06327818763711195,0.054972697861210465
2013,WY,0.026765301568775532,0.009381758264391886,0.014597851086471457,0.0186742645291957,0.0009371459956747108,0.9296436785554907,0.09535203048299062,0.0837595688441866
2014,AL,0.006797231146117141,0.01348731361756429,0.26670812226179913,0.015430441413313728,0.0010211124179533282,0.6965557791432524,0.0401260431769933,0.03372169050466613
2014,AK,0.15066852084251942,0.0603669911474409,0.03640470779771394,0.07237255367499915,0.013115354611131839,0.6670718719261948,0.06662008615134145,0.04722178882745989
2014,AR,0.05328542510752839,0.033981778655263514,0.04717139325218224,0.026701082880963296,0.002612109273411217,0.8362482108306514,0.3057082763925593,0.2750770733385287
2014,AZ,0.009463550257868691,0.015186480276775582,0.15634714707391204,0.019071942181901596,0.0028870649318452593,0.7970438152776969,0.06995448266430519,0.06276090447220539
2014,CA,0.016607636837412346,0.1443844416260875,0.06541921458649515,0.03753352255566982,0.004977776543040497,0.7310774078512947,0.383860778372738,0.3448670119703921
2014,CO,0.015811645736484654,0.03175350766360581,0.044412688549587805,0.028822429019565495,0.0018637542579479983,0.8773359747728082,0.2113681536782711,0.18686565145366668
2014,CT,0.005270188227762239,0.04460943177358938,0.11454274372951892,0.022063872456438906,0.0010284515074546047,0.8124853123052359,0.1490673435498041,0.12232704813559096
2014,DE,0.006442825283909762,0.03761744063802403,0.22337270972671575,0.02533620681340562,0.0008744752880356563,0.7063563422499092,0.08727177641724473,0.06902996471020682
2014,DC,0.005976464844191482,0.03927348128323711,0.49020574048037757,0.026197892414591254,0.0015837782529614845,0.4367626427246411,0.10446004614204576,0.07801200416514091
2014,FL,0.004897833572077599,0.027370216803969803,0.1684810727172724,0.01982846677828213,0.0010776734824628738,0.7783447366459352,0.24074488210868605,0.22022355328026563
2014,GA,0.0050309774283193946,0.03822214305260821,0.31686698035309385,0.01959169926455665,0.0012024381593303045,0.6190857617420916,0.09041590260707658,0.0750377015498842
2014,HI,0.0038697552169627684,0.37765829291298525,0.01997760247573896,0.23639986292997772,0.10406723496557352,0.25802725149876177,0.1008722316624686,0.03437843337443079
2014,ID,0.017157319230901188,0.013947635408344811,0.007853585974680319,0.022377726914047377,0.00198315452063657,0.9366805779513897,0.12026236209203503,0.10714670809827918
2014,IL,0.005808806021718743,0.05364501859978959,0.14741687525397568,0.018395755342685952,0.0006220366917054221,0.7741115080901246,0.16489917184914163,0.15018953686943018
2014,IN,0.003939345838755165,0.020654124859252224,0.09562904533780148,0.018916258428000283,0.0006024846198896637,0.8602587409163012,0.0649418990454697,0.057156748638838066
2014,IA,0.00495749592608345,0.02352118195498487,0.034420214727308794,0.01714758009839123,0.0010084731677662785,0.9189450541254653,0.05570873931852675,0.04948623162477983
2014,KS,0.011811385865828859,0.028317000710923093,0.06181205784839453,0.028100243257688774,0.001079996595288334,0.8688793157218764,0.11335380984823187,0.10064782565395103
2014,KY,0.0028847686389289365,0.01385829994711333,0.08170696256638002,0.017721562547543666,0.0008256750295223536,0.8830027312705117,0.034017267860118376,0.029123666060522635
2014,LA,0.007635917655379818,0.017134752982067347,0.3255803241455224,0.015229432678610865,0.0006158067542011968,0.6338037657842184,0.04778023296910118,0.0395444364517994
2014,ME,0.006810309664014207,0.011786207658105327,0.014443926121736726,0.016176926827106326,0.00032751985589126343,0.9504551098731462,0.01515004691196101,0.012614772798123822
2014,MD,0.005573597867405451,0.06252902653394327,0.30402827889096495,0.02676699444838176,0.001054518877649636,0.600047583381655,0.09162401611794772,0.07294401536627794
2014,MA,0.0047795491527989325,0.0633949182126943,0.08352289122146432,0.021990242523722576,0.0009876030028098126,0.8253247958865101,0.10848510775678565,0.08338600746445161
2014,MI,0.007118784240849784,0.029326825635798835,0.14206356342150694,0.022845876569278414,0.00038008331224835844,0.7982648668203176,0.04814291293635452,0.04067918421132914
2014,MN,0.01327882787591022,0.046907154574873024,0.05934859376103245,0.023467973917341338,0.0006459226818445659,0.8563515271889984,0.05078544161432987,0.04261622527699758
2014,MS,0.005856494820000187,0.010140740374318325,0.3755145573436474,0.011640460283994208,0.0005728816414496246,0.5962748655365903,0.02954618682759939,0.023710748917407445
2014,MO,0.005388397344173173,0.018996621627197303,0.11792518067775407,0.021184394459270554,0.001368678341610099,0.8351367275499948,0.03895674791595493,0.03317687522796177
2014,MT,0.06618348087384138,0.008163049781109405,0.005376191626322413,0.02546797215488673,0.0008301903766365458,0.8939791151872035,0.03462255673212035,0.026301096066423054
2014,NE,0.01413278509326021,0.022369684380743157,0.04926766864100471,0.020119098595445105,0.0012032202898473634,0.8929075429996994,0.10165668859095031,0.08836062565327361
2014,NV,0.016321766908424636,0.08166701254197063,0.09148880694304765,0.040455704015878335,0.007561366260662271,0.7625053433300165,0.27683043418879827,0.24560871392919667
2014,NH,0.0028517744332613583,0.026951329466512075,0.014440996000020986,0.015706869066454215,0.00042870301598567595,0.9396203280177657,0.032669118468181164,0.02746697225497037
2014,NJ,0.006052478117013825,0.09231661534877054,0.14848436560626221,0.020445622709203738,0.0009901574068341386,0.7317107608119156,0.19100452145568475,0.1589826279251229
2014,NM,0.10630522103724173,0.01687321431646953,0.024568039207056046,0.024244630749829205,0.0015577188413174398,0.826451175848086,0.47959321339791294,0.44006274889534003
2014,NY,0.009767658379852353,0.08370360371173868,0.1757500255298935,0.02362009971694001,0.0013233312799174862,0.705835281381658,0.184705917251802,0.13734716345456424
2014,NC,0.015657782122801025,0.027287606939312963,0.22172371857733922,0.020690036876232415,0.001247120066376212,0.7133937354179382,0.08805021889759738,0.0715464319012367
2014,ND,0.05491542310108077,0.013115646184834637,0.02108737086049685,0.019232851790084684,0.0005874899828896927,0.8910612180806133,0.03141176279482792,0.024766628403110176
2014,OH,0.002706742119314633,0.02059445109249733,0.12656018275161843,0.02103290954186046,0.0005191885666854463,0.8285865259280237,0.03483681186513883,0.028419586039738
2014,OK,0.09271117891455091,0.021334367226947294,0.076696225265758,0.05861357031769801,0.0017704740709844613,0.7488741842040613,0.09891170495260991,0.08011962300347986
2014,OR,0.017852464047558823,0.04303499706338276,0.02049655436070637,0.03601233354020367,0.004229283609136624,0.8783743673790118,0.12416128623078306,0.10739066743295271
2014,PA,0.003504035836300201,0.03283623578764628,0.11642427780512042,0.018449559707050877,0.0006871271612064421,0.8280987637026758,0.06578324053859513,0.04979131346193894
2014,RI,0.009833309828293316,0.034495618124184224,0.07749942972671368,0.025945778131983482,0.0017122396264686313,0.8505136245623567,0.14137193081756838,0.10607934986005825
2014,SC,0.0053481995948503145,0.01531493157660739,0.2779760664183616,0.017179084199286574,0.0009343552265262413,0.6832473629843678,0.053131664532082776,0.04383182600358246
2014,SD,0.09085880400626126,0.012524862593712853,0.017815151764802806,0.021589558299104358,0.0006885025951251663,0.8565231207409936,0.03524780208786941,0.025568750220673907
2014,TN,0.004411411699110888,0.017063336173835687,0.1707181642562124,0.01753227117797726,0.0009364948323179186,0.7893383218605459,0.04994807182757983,0.04244434777466733
2014,TX,0.010094799216647705,0.04591038742886016,0.12484269237370847,0.018153518891676074,0.0013285197409851955,0.7996700823481224,0.38605958100057663,0.36457751210432393
2014,UT,0.015135823888900043,0.023545371226551707,0.012950226438378029,0.02329454822421058,0.009988677230274235,0.9150853529916854,0.13391361819157635,0.11892924102729206
2014,VT,0.0037142816045568675,0.015264674528882376,0.011830082804186718,0.01789535762746267,0.00031325266544455507,0.9509823507694668,0.017390317615827572,0.014521498562394018
2014,VA,0.005285836090256306,0.06278508748194621,0.19712991390703788,0.027867470473565407,0.0010844899181401322,0.705847202129054,0.08690061728617762,0.07242054830598058
2014,WA,0.01907820171105164,0.08224108402782786,0.040138541368079005,0.04513462285890066,0.007051616209691463,0.8063559338244494,0.12082100666649569,0.1021146063687145
2014,WV,0.0023387401388437826,0.008037527917089284,0.03531724566876458,0.01585080048352696,0.0002761312871878865,0.9381795545045875,0.014470144047587525,0.012283249097980134
2014,WI,0.011189253144207248,0.027110482359466448,0.06599910762690461,0.018001810818641942,0.0005007648788091634,0.8771985811719706,0.06444240847570196,0.055859183734127744
2014,WY,0.027270435678777145,0.009374801726458822,0.0132965451960786,0.019192021386963076,0.0009620017868197181,0.9299041942249027,0.09675920289320751,0.08458928011057018
2015,AL,0.006822109980569757,0.013931770248967877,0.26755236000307325,0.015877060305021645,0.0010266122023900868,0.6947900872599774,0.04080927691607672,0.03427554114966148
2015,AK,0.1515593895155939,0.06156846281976626,0.03639613775171648,0.07308343377165066,0.01355984995192503,0.6638327261893476,0.06822583047817667,0.04801944666386793
2015,AR,0.053266079402178604,0.034782907764155595,0.048200520722806575,0.027255404438291126,0.002625420580990837,0.8338696670915773,0.3084676728900701,0.2772471355123295
2015,AZ,0.009581734196229728,0.015636305546941804,0.1567681254555779,0.019627939693905357,0.003092895602691786,0.7952929995046535,0.07141447620121541,0.06403864508620238
2015,CA,0.016588399389106025,0.1472341512104473,0.06512080311130679,0.038217244697089495,0.004994486984162366,0.727844914607888,0.3852473258994328,0.3459420779648602
2015,CO,0.01590021722199325,0.03270357044900857,0.04483412072027938,0.02948355874454195,0.0019054592976439995,0.8751730735665328,0.2123608994545249,0.1875072419553793
2015,CT,0.005399100084964419,0.045994480796062824,0.11598186571163205,0.022648911360291773,0.00104665909260007,0.8089289829544489,0.1524095591519832,0.12484809370664174
2015,DE,0.00641250869101389,0.03907585994596976,0.22503542749173358,0.025923901217007318,0.0009192571637838153,0.7026330454904917,0.0886117199980893,0.0699208653330715
2015,DC,0.00597771981081632,0.04074509537468945,0.48375070530299225,0.026615402340276567,0.0015967173500104873,0.4413143598212149,0.10684860283539188,0.07998209785912846
2015,FL,0.004944678329329119,0.027871057238866733,0.16876414596072004,0.020357917813498327,0.0010983667877385904,0.7769638338698472,0.24487768032926868,0.22368213914053886
2015,GA,0.005057469774444626,0.03948856530849908,0.31875817326572103,0.020136393189944413,0.0012299485248129963,0.6153294499365779,0.0917246019066608,0.07600001689031108
2015,HI,0.0038847532570296956,0.3754458014376679,0.020661996248767567,0.2373445097291003,0.1041926241690964,0.2584703151583381,0.10294104212300922,0.03564654648386963
2015,ID,0.017387042018281448,0.014580376945164735,0.008099873222006723,0.02290294373054079,0.002007267798087135,0.9350224962859192,0.12206572485847159,0.10851227991612683
2015,IL,0.005839690783178462,0.05504796616687086,0.14726913815648016,0.018914296223400677,0.0006298025947182587,0.7722991060753516,0.16666945317442203,0.1517494538120787
2015,IN,0.003969330745093128,0.02158591121271275,0.09628640771559366,0.019460958743947234,0.000614540670552657,0.8580828509121006,0.06610358224423658,0.05810714213328953
2015,IA,0.005045250006324977,0.02438238601190505,0.03574300545613332,0.017707373578121154,0.0010763669716426462,0.9160456179758728,0.05718451735301474,0.05071382569516301
2015,KS,0.011786786554653029,0.029738377176482634,0.061941095613211455,0.02864517574192201,0.001105569521186704,0.8667829953925442,0.11525132810919096,0.10234557327283965
2015,KY,0.00288860601391787,0.014620717495957442,0.08214984175207479,0.01823723235690292,0.0008367339289963754,0.8812668684521506,0.03470504113001075,0.029678089988860106
2015,LA,0.007671526750172166,0.01753718343140494,0.3258274376804961,0.015687600466081194,0.0006421686917371724,0.6326340829801084,0.0489558812752866,0.04040884525770099
2015,ME,0.006869320396238652,0.011857665875654014,0.014750605297728234,0.016488626120872953,0.0003415850448951093,0.9496921972646111,0.015529328913293075,0.012920792898642538
2015,MD,0.005724612125049762,0.06402575056842015,0.30563954948528255,0.027393209149226654,0.0010865775362493087,0.5961303011357716,0.09422449055928268,0.07490438384858517
2015,MA,0.004830610855428273,0.06529577708458012,0.08502425309129083,0.022734735381502922,0.0010100796118093106,0.8211045439753886,0.11159996845891804,0.08563447887483075
2015,MI,0.007154675286071757,0.030392925328877204,0.1418044602824324,0.023404942159546704,0.0003860291471634709,0.7968569677959084,0.04901362255086651,0.041375177752078295
2015,MN,0.013399521006739239,0.04825782339247871,0.06141591487384578,0.024050684153652753,0.0006832601446899546,0.8521927964285936,0.05180559744507752,0.04336468148625766
2015,MS,0.0059346585598236395,0.010448022243097608,0.37640436474640254,0.01198703377765798,0.000580557154280054,0.5946453635187382,0.03027558740445136,0.024143954095854132
2015,MO,0.005444240727088258,0.019670438757147458,0.11811118622262758,0.021825025500332405,0.0013989177028517082,0.8335501910899527,0.03988964697203202,0.033923301649880146
2015,MT,0.06625819805234151,0.008382978104595757,0.005471669760881051,0.02591966029888657,0.0008531306501728074,0.8931143631331223,0.035956548504840063,0.027201295207441627
2015,NE,0.014520160312125573,0.02361818526800697,0.049787030954108726,0.020735082785473393,0.0011997511705501783,0.8901397895097352,0.10386621136021656,0.09005321715654745
2015,NV,0.016421297172664336,0.08316207842969102,0.093766460951616,0.041670806416245806,0.007667339136303564,0.7573120178934792,0.2803727761701024,0.248234723626832
2015,NH,0.002863594221969674,0.028142476896850795,0.015028262104853904,0.01608996022370428,0.0004441187905613542,0.93743158776206,0.03409994915811825,0.028661363160570625
2015,NJ,0.0061414976158674014,0.09431426989264864,0.14913579139042685,0.020974346787350884,0.0010131548924096469,0.7284209394212966,0.19413871800676233,0.16111665519769766
2015,NM,0.10786810591601913,0.017293192432218808,0.024825472436103845,0.024568543365273237,0.001551621930546857,0.8238930639198381,0.48327927615856114,0.44250697703570835
2015,NY,0.00981822497582453,0.08562830102840566,0.17594381248594354,0.02423295626092691,0.0013390939691120677,0.7030376112797874,0.18641950243372432,0.13842695044762204
2015,NC,0.015718299632428028,0.02828572618428732,0.2219277293768054,0.02125987499723529,0.0012733608057531479,0.7115350090034908,0.08970523505616795,0.07266654963556635
2015,ND,0.05476105074933458,0.014307704321562014,0.02592725438992399,0.020013579745267275,0.0006432510916076909,0.8843471597023045,0.034936740358182325,0.027496998823353457
2015,OH,0.002733362501360529,0.02164439700696462,0.12749396312180492,0.02166401444118491,0.000542404847915411,0.8259218580807697,0.03585929309264118,0.029180159030279252
2015,OK,0.09336768172400689,0.022436158074198867,0.07704503597733088,0.05949774428860831,0.0018603673477529065,0.7457930125881022,0.10147146746287831,0.08192111633292572
2015,OR,0.017933867556939806,0.04411898643836496,0.020817002783596637,0.03683972943420773,0.004344361711287327,0.8759460520756035,0.12580557824205893,0.10868145710558705
2015,PA,0.0036010620306527728,0.033835690491153994,0.11717091334542314,0.019085386382532758,0.000722761304717073,0.8255841864455202,0.06804769536564889,0.051326060580282565
2015,RI,0.010215860556389242,0.035436177600990076,0.0790804306235488,0.026463592099810196,0.001764617943657121,0.8470393211756045,0.14581326652070328,0.10910069771006523
2015,SC,0.0053778528866181945,0.015906843251417585,0.2763787462678763,0.017758352420319746,0.0009677275722292824,0.6836104776015389,0.0541561836321279,0.04467416910845289
2015,SD,0.09124883141074318,0.013337420714363439,0.01853713100953241,0.022322248652392813,0.0006973508856707263,0.8538570173272975,0.03623884501844587,0.025955259558445843
2015,TN,0.004477697482197317,0.0176098204887865,0.1709081877940138,0.01803299716739996,0.0009499111040893332,0.7880213859635131,0.051163895069165355,0.043461200111472406
2015,TX,0.010112262647026884,0.047799571080084334,0.125729803315656,0.01870249268153437,0.0013609391779997263,0.7962949310976987,0.38794659241151264,0.36607010400374157
2015,UT,0.015231466678464391,0.024030826919996005,0.013081063109116223,0.023853190714922045,0.01019363687003666,0.9136098157074647,0.13559340212211585,0.12031903462431283
2015,VT,0.0037759064252728463,0.01700516131094102,0.012407919336539844,0.01811252616608875,0.0003371630367044311,0.9483613237244531,0.01791917674693597,0.014919863856442051
2015,VA,0.005326925533830913,0.0645773195974856,0.19766596237760245,0.028641726013746604,0.0011044179946632744,0.7026836484826712,0.08884403971028658,0.07389896123039885
2015,WA,0.019168201301273412,0.08495850661484604,0.04063001802495142,0.046072523675973906,0.007231188035305409,0.8019395623476498,0.12267166083903155,0.10349913433074467
2015,WV,0.002385354347453416,0.008228577380526134,0.03545102021773614,0.01638283282664219,0.00027504540690445346,0.9372771698207376,0.015023338172396507,0.012728580635501363
2015,WI,0.011336079738646698,0.02813084392705304,0.06630588935101903,0.01860009679109244,0.0005138014068198331,0.875113288785369,0.06577438860495717,0.05687682665423317
2015,WY,0.02737261442489542,0.00971880441140608,0.012449073908275906,0.0198878219066183,0.0010180954963343446,0.9295535898524699,0.09791281896488509,0.0852659241561489
2016,AL,0.006854778393465636,0.01441021906689044,0.26783093039731865,0.016359128663785662,0.001032911812714,0.6935120316658256,0.041847825193596484,0.035160096194150434
2016,AK,0.1517099282900717,0.0632003501329832,0.03687169646163687,0.07408679257987409,0.014207319126014207,0.6599239134094199,0.0698043968622698,0.04907383092616907
2016,AR,0.053238791164627985,0.03584987084519898,0.04933714838813167,0.027926926850101667,0.0026537967364491854,0.8309934660154905,0.31061531653977736,0.27875650831770166
2016,AZ,0.009770991856114098,0.01626537737126126,0.15707020654686202,0.020226183771389607,0.0033701950154003506,0.7932970454389726,0.07299381813380841,0.06528010588890022
2016,CA,0.016595338661702954,0.14980740595730394,0.06486569094948744,0.03887991438698112,0.0050191081878432926,0.7248325418566812,0.38703228721026284,0.3473592784279091
2016,CO,0.0160165040719039,0.03343835071838241,0.045154589487005764,0.030076062746354333,0.0019405307941565456,0.8733739621821971,0.21336982065151905,0.1882042496145274
2016,CT,0.00552065321537615,0.04701061223577656,0.11733126992063869,0.023260881103292615,0.0010486531483338594,0.8058279303765822,0.15606523214789528,0.12768259945304666
2016,DE,0.006463232732168478,0.03972151256488233,0.22674788865976342,0.026511885927100208,0.0009758007724299966,0.6995796793436555,0.09006209545584212,0.0709818745269682
2016,DC,0.0060749648038907695,0.042036080375114894,0.4778933528802634,0.027148998801587023,0.0016158213782912726,0.4452307817608526,0.10821930957450522,0.08100050030832955
2016,FL,0.004979581123734604,0.02847875360136697,0.16889566935212894,0.020879335414626787,0.0011197815781144125,0.7756468789300283,0.24942666824451573,0.22752198949379404
2016,GA,0.005135693638282099,0.04106556548506554,0.3205136139874483,0.020726022419294787,0.001246939159186228,0.611312165310723,0.09338976733826508,0.07723058440839072
2016,HI,0.003807164327430129,0.3748069298788916,0.02124733620970197,0.23819271669868464,0.10402166724403994,0.25792418564125175,0.10494966354885103,0.036937892132676876
2016,ID,0.017434306630024536,0.015250861620535428,0.008424404228888219,0.02355590973114589,0.0020658703258125124,0.9332686474635934,0.12398725442924023,0.11014847663589139
2016,IL,0.005869030407724898,0.05621348916903355,0.1469658217948949,0.019413168712532784,0.0006368105842988638,0.770901679331515,0.16853252557829848,0.15339187623116388
2016,IN,0.004011962823170829,0.022829817511507408,0.0970631064231478,0.0200766869270965,0.0006324291213875236,0.8553859971936899,0.0676141754513251,0.059394404674491835
2016,IA,0.005152862399902975,0.025260355992735885,0.03710252424829488,0.018202418605838742,0.001185684968450886,0.9130961537847766,0.05871869424647566,0.05204151652777822
2016,KS,0.011793776607230334,0.030821046647467522,0.0617028558756214,0.029185949631596816,0.0011417872506374062,0.8653545839874465,0.11707988082295191,0.10398228341658722
2016,KY,0.002949796703200185,0.015276199433102133,0.0826839411518035,0.018846674080570124,0.0008650304731250503,0.879378358158199,0.03568808095658272,0.030498573746944466
2016,LA,0.007728973675519818,0.01788652238052902,0.3263134149879116,0.01610733323279245,0.0006369962826930545,0.631326759440554,0.05009499404658404,0.04122297305091314
2016,ME,0.0069373767213971125,0.01236088469378871,0.01539462662907889,0.016870967645089722,0.0003542617994698082,0.9480818825111758,0.01600557812223233,0.013305082455934937
2016,MD,0.005837509284979192,0.06516715293155634,0.30700544396933316,0.028011254843088428,0.0011198575531869912,0.5928587814178559,0.09694533756705079,0.07704926274518421
2016,MA,0.004878663245099073,0.06747269776543513,0.08658924198216567,0.023486073516832472,0.0010241267386133276,0.8165491967518543,0.11445246130230487,0.08767854841166614
2016,MI,0.007194912416641275,0.03165594698153538,0.14147271927786262,0.0239762100445474,0.00039903087335622033,0.7953011804060571,0.05011725299190275,0.04230289838867676
2016,MN,0.01344401088797834,0.049629164434534585,0.06391474944618993,0.024615590658346242,0.000711084888586445,0.8476853996843644,0.05274950410470992,0.04408563423921699
2016,MS,0.005977071452336408,0.0104872107390001,0.3773519985153456,0.01233500356952379,0.0005911867036492738,0.5932575290201448,0.030957719116095628,0.024559326822923198
2016,MO,0.005530926961754504,0.020059644901716918,0.118211230813884,0.02243266883191078,0.0014415443189922028,0.8323239841717416,0.040863619827612246,0.0346676551667076
2016,MT,0.06638282682603151,0.008700391599185136,0.005633616309563906,0.02648308235865342,0.0008875992311951307,0.8919124836753709,0.03703543775914299,0.028025106104091882
2016,NE,0.014869264504325503,0.025201378664273428,0.050617813009609845,0.021340342400115814,0.0012153268610315435,0.8867558745606439,0.10646724885561529,0.09211778966820056
2016,NV,0.01652409356905419,0.08445225385375511,0.09646093325866442,0.04299182580907022,0.007881338080632152,0.7516895554288239,0.2832907754777697,0.25029670617611244
2016,NH,0.002895748585615475,0.0289976735774663,0.015860009793896526,0.016569992870400552,0.0004547166244695593,0.9352218585481515,0.03568669652465517,0.029886268748688317
2016,NJ,0.006209103334120689,0.0963100140822468,0.14946745306067988,0.02143248996121522,0.0010739741687237085,0.7255069653930137,0.1973592631793422,0.16358959356219538
2016,NM,0.10873167013531305,0.017485800851112634,0.025128132832828765,0.025003882813116024,0.0015507358229532797,0.8220997775446762,0.4862266463724968,0.44439357627398085
2016,NY,0.009896828801178384,0.0874912808570577,0.17605383799904983,0.024825386701660197,0.0013594147722970071,0.7003732508687569,0.18801784910475658,0.13933084750655048
2016,NC,0.015738153528281697,0.029517894562401434,0.22205264381258363,0.02185704858252503,0.0013041978184577894,0.7095300616957504,0.09142177735799221,0.07382155251598092
2016,ND,0.05526150818527365,0.01532044109750646,0.029461165908844435,0.020748194055393764,0.0006454053224778274,0.8785632854305039,0.03652359300317148,0.02853141192994707
2016,OH,0.0027680269689331497,0.022780123126513094,0.12830552419832889,0.022295417721214496,0.0005594472880723982,0.823291460696938,0.036958830109123146,0.0300431441075046
2016,OK,0.0941918356841897,0.02289860628800937,0.0771494316780219,0.06033181582238732,0.001924064373420214,0.7435042461539715,0.10439334820550067,0.08412601068749279
2016,OR,0.017997098164279864,0.04618970989216204,0.021184768856007823,0.037684042908471,0.004460735680584061,0.8724836444984952,0.12757865286710798,0.11003131725214382
2016,PA,0.003725700373179962,0.034960481583876976,0.1180163253331048,0.01971987575055902,0.0007479394717178008,0.8228296774875614,0.0705555974335628,0.053014168702615515
2016,RI,0.01045077782903643,0.036184931973046355,0.08061137286635861,0.027148388755700425,0.0018046616802922248,0.843799866895566,0.15012346192532539,0.11216222859173997
2016,SC,0.005409395992086287,0.016537877760586222,0.27477382269020684,0.01828499560047076,0.0009786358376564644,0.6840152721189934,0.05514190824115344,0.04543131002002607
2016,SD,0.09134958833752271,0.014698509771411832,0.02039266267064802,0.0230660662990206,0.0007398462185058811,0.8497533267028909,0.03798224600639347,0.027002650247252208
2016,TN,0.004551156116336758,0.01808705305763089,0.17087951682060454,0.01859176816722563,0.0009754517816653854,0.7869150540565368,0.05247653946753383,0.04454167222324375
2016,TX,0.010131774434564597,0.04941032592029595,0.12674016223506546,0.01923116605306916,0.0013892638492195189,0.7930973075077853,0.3902069222167005,0.3679177277805195
2016,UT,0.01521594380996774,0.02479829947760378,0.013497288815175933,0.024532551792055886,0.010390767353833024,0.9115651487513636,0.13749108562692638,0.12191084740005802
2016,VT,0.0038166716317031995,0.017782838911792123,0.012740924393704974,0.018537204139879495,0.0003635688041949754,0.9467587921187253,0.01864291136929301,0.015457279864694747
2016,VA,0.0053826180249097995,0.06624211433807366,0.19792611976904245,0.029441467696866976,0.0011264425194154521,0.6998812376516916,0.09098132008561534,0.07556811276685146
2016,WA,0.01923886990629128,0.08746005629345142,0.04124487788359417,0.04702531972431086,0.007410587536015603,0.7976202886563366,0.12507792849852212,0.10531713799566875
2016,WV,0.0024295541178813982,0.008484339144362555,0.035530864669142424,0.01684589085015294,0.00028650402333507056,0.9364228471951256,0.015596733308412032,0.01318900806849902
2016,WI,0.011491436615718671,0.029038972012945072,0.066598212693306,0.019150778245488876,0.0005360881151550517,0.8731845123173864,0.06729377663341513,0.05806426477488975
2016,WY,0.02754240546234641,0.010105204163057055,0.012355551454694887,0.02023262132139983,0.001052554238154066,0.9287116633603477,0.0994561233538889,0.08641709512117189
2017,AL,0.006876604272785363,0.01479175127291185,0.26811274072163754,0.01683398630050211,0.0010477678403948841,0.6923371495917683,0.04278894437851336,0.03597322585188281
2017,AK,0.15253386379984427,0.06511350462831131,0.03720598178365765,0.07516501728109821,0.015025985751360018,0.6549556467557286,0.07153335501624193,0.050261611939815085
2017,AR,0.05327558339226184,0.036441372468675196,0.05031222652157578,0.028495813332637163,0.002721447291804529,0.8287535569930455,0.313179971646211,0.2805782220653318
2017,AZ,0.009985169057760777,0.016661922762583412,0.15707915328802488,0.020862192083173123,0.003657966180125206,0.7917535966283326,0.07492971531581917,0.06683311944151765
2017,CA,0.01661956818361786,0.15239325244164104,0.06474937518724046,0.03956847087348716,0.0050566395642255915,0.7216126937497879,0.38873368187863144,0.34866492864303367
2017,CO,0.016161152956134142,0.034113163318184626,0.045329876468222695,0.03070020922412616,0.001962644423481879,0.8717329536098505,0.2148986162867266,0.18938762111652305
2017,CT,0.005772623683895501,0.04792153102767749,0.11897802828498899,0.023905805459868812,0.0010804615190119834,0.8023415500245572,0.1602791802924714,0.1306133374206086
2017,DE,0.006598520578490138,0.040193456388800154,0.22835202966359133,0.02717909852579801,0.0010167630190554334,0.6966601318242649,0.09243670284839792,0.07267245824903804
2017,DC,0.00609113170817081,0.04324473983580053,0.471695460629283,0.02777447032545809,0.0015923589722255298,0.449601838529062,0.10949691498381102,0.08191754449639137
2017,FL,0.005023909656864211,0.029027621516026367,0.16918872775912808,0.02134628880108198,0.0011335223872101605,0.7742799298796892,0.2541484664530908,0.23157250274335014
2017,GA,0.0051763309526486005,0.042236794725867666,0.3224430262327145,0.02125730450451765,0.0012865470017320675,0.6075999965825195,0.09492829578792653,0.07839373810061619
2017,HI,0.0037965636645080564,0.3739548578550573,0.021540045575597067,0.24022926671543587,0.10445775349760093,0.2560215126918008,0.10635989291347861,0.03733159017312134
2017,ID,0.017452005966000772,0.015548235348845323,0.008652445566057758,0.02409775867933909,0.00213578175834208,0.9321137726814149,0.12559536442902872,0.11139965518143678
2017,IL,0.005895589266670699,0.05764531831369793,0.14662775345615178,0.01989382853205422,0.00063787701508925,0.7692996334163361,0.17035627763080646,0.15499214273546735
2017,IN,0.004077562702752359,0.02365706864595198,0.09797213117608526,0.02065679905999158,0.0006543013370623056,0.8529821370781565,0.06921649553862254,0.0607087769143155
2017,IA,0.005215453979248881,0.026160928373711007,0.03874564451063608,0.018811069893317947,0.001284141724458876,0.9097827615186272,0.060196886886740415,0.053244962837186605
2017,KS,0.011836921465997364,0.03104821477402803,0.06147325287231543,0.029844116511364902,0.001200319352281019,0.8645971750240132,0.11896250358996487,0.10561676626958334
2017,KY,0.002945288951631546,0.015755713609196538,0.08350925466660981,0.01938261823911087,0.0009253544423970787,0.8774817700910542,0.03700834232952314,0.03163980527831331
2017,LA,0.007828318326934725,0.018037633356034963,0.32732435495594153,0.016530895507666028,0.000636972248593344,0.6296418256048294,0.05088289232045117,0.04172285908748858
2017,ME,0.006996106286912976,0.012566788671174021,0.015846611211887317,0.017256313527377647,0.00035785326967837375,0.9469763270329696,0.016569055574313322,0.013760132001440396
2017,MD,0.005965144406625807,0.06640787128997015,0.30847986442355957,0.028684914499983907,0.0011472771410835697,0.589314928238777,0.09976898523038275,0.07918418575671023
2017,MA,0.004928783313615675,0.06966355652168846,0.08818149764845065,0.02426583289138581,0.0010312432615144328,0.8119290863633449,0.11770291219134094,0.09002208766296207
2017,MI,0.007236022304653859,0.032750738917836184,0.14120878217680463,0.024555386362214878,0.0004105544570016374,0.7938385157814888,0.05111102290605199,0.043101903304803006
2017,MN,0.01353711061190462,0.05068713513032108,0.06630009643970328,0.025212940337203192,0.0007516227851951499,0.8435110946956726,0.05395488072701639,0.044966470549261006
2017,MS,0.006059503643660259,0.010641079569354601,0.3777810620615955,0.012733918842374662,0.0006065522353823921,0.5921778836476326,0.031968044661504394,0.02537120394934386
2017,MO,0.005650440440476475,0.020734753612194425,0.11821008734194655,0.023054196252173403,0.0015016243461789822,0.8308488980070302,0.04187792548395764,0.03546153717767929
2017,MT,0.06650586129872792,0.008973660688021771,0.005822394203415627,0.027222729351660844,0.0008910085001641581,0.8905843459580097,0.038740366385731716,0.029184086721031784
2017,NE,0.015159118580196746,0.026097053831042077,0.051037611932824134,0.02197237555803397,0.0012201369015512797,0.8845137031963518,0.10948681219281398,0.09459164798294
2017,NV,0.016627317345295257,0.085795652026162,0.09926694855517838,0.04433637260156718,0.008040450900492144,0.745933258571305,0.28612491449639765,0.2522427767330609
2017,NH,0.002950247890432059,0.029429167021501116,0.016561820800580572,0.01697725480322424,0.0004665301633966358,0.9336149793208653,0.03741794067661684,0.031231602605163673
2017,NJ,0.00633427867473389,0.09856058861312712,0.1498469816037021,0.02191187882018603,0.0011166556988762674,0.7222296165893746,0.20087921588155552,0.16624061235710885
2017,NM,0.10957816253863165,0.017591373270057397,0.025386029727968256,0.025483504742828417,0.0015935253654835238,0.8203674043550307,0.4890546070323445,0.4463333148576769
2017,NY,0.009948683385280759,0.08898619153388393,0.17602906912266192,0.02537576971221938,0.0013825257099817397,0.6982777605359722,0.18929731468278643,0.1400780418385382
2017,NC,0.015785502149817075,0.030766392124065203,0.22225902945553994,0.022475422251088437,0.001342090773254878,0.7073715632462345,0.09332206928189628,0.07516078132630216
2017,ND,0.05541159291976928,0.017230147141413008,0.03125053683160336,0.021298835158010187,0.000679215862465395,0.8741296720867388,0.037926409472021985,0.029545890017244683
2017,OH,0.002813117354406154,0.023838591509163697,0.12912120363739665,0.022932259736358863,0.0005840195184072015,0.8207108082442675,0.03820377437936461,0.031001981363151104
2017,OK,0.09510799516575394,0.02318104373548722,0.07731539693136215,0.06116963536219475,0.0019872371429544727,0.7412386916622474,0.10698896329623586,0.08597743238894022
2017,OR,0.0181195256473257,0.04729517608348962,0.021458811456337556,0.03853428283598896,0.004531629539646816,0.8700605744372113,0.13003466838859265,0.1120446247601448
2017,PA,0.0038372201444053424,0.03602818015207728,0.11893397247402612,0.020344551043445482,0.0007818093756005915,0.8200742668104452,0.07334775651659568,0.05486757424707568
2017,RI,0.01074625622542719,0.03617420406339856,0.08202609615788686,0.027750592965432908,0.00189010689467836,0.8414127436931761,0.15433191299261562,0.1149794520677599
2017,SC,0.005445284380543701,0.017164163368875347,0.2730181325145183,0.018797907820450033,0.0009663619317849528,0.6846081499838277,0.05664993469398472,0.04663362708773365
2017,SD,0.09109086081315552,0.015916779973721918,0.02205252869300884,0.023570156523968447,0.000808028090993577,0.8465616459051517,0.04038995939258262,0.028902455215100282
2017,TN,0.004662721519854506,0.018633312821270433,0.17092138081726968,0.01917182893535245,0.0009893148633426006,0.7856214410429103,0.054193545312497204,0.04594498557503573
2017,TX,0.010168985046281817,0.050896072195902135,0.12784305721843084,0.019707416741083672,0.0014170572263485408,0.789967411571953,0.3922896887719582,0.3695708221802081
2017,UT,0.015271915296725674,0.025619131701218607,0.013962765100498141,0.02522248786869188,0.010573409719223855,0.9093502903136419,0.13975975821159065,0.12380732969447791
2017,VT,0.0038535861226109045,0.01929192554532483,0.013130026938310628,0.018968793790751393,0.0003791199298708113,0.9443765476731314,0.0194550910847629,0.016113396850585156
2017,VA,0.0054234376510666794,0.06777124950020724,0.19827468055465872,0.03030228623242255,0.0011426026952390926,0.6970857433664057,0.09335827801427717,0.07743160763219407
2017,WA,0.01937290647178475,0.09042466758329451,0.04197092845658244,0.04804837834821474,0.007548649688184535,0.792634469451939,0.12718325686316456,0.10678395697548355
2017,WV,0.0024567228043589785,0.008451720283303907,0.035634577328759326,0.017359264918625182,0.00029636830607643,0.9358013463588761,0.01603468004044685,0.01349493012251173
2017,WI,0.011631501841745082,0.029857174347552376,0.06695721686330418,0.01973262546246453,0.0005620433936856772,0.8712594380912482,0.06874398319255492,0.05920616203938896
2017,WY,0.027755459539236613,0.010705283158101635,0.012365645161846501,0.020732973099721722,0.0010000103449346028,0.927440628696159,0.10042517681217392,0.08685607092487163
2018,AL,0.0069175333856131335,0.01500727365204386,0.2682323758061733,0.01733451521661091,0.0010564989815251692,0.6914518029580337,0.044010092345534046,0.03701528407311431
2018,AK,0.15409082516996458,0.06523816764047873,0.03734198179804079,0.07608902235061578,0.015375551163144291,0.6518644518777558,0.07245080258042094,0.05060655096765786
2018,AR,0.053258494844106025,0.036698441199805476,0.05134216833970108,0.02915289686481223,0.002742375033290398,0.8268056237182848,0.31530319805567325,0.282079939387747
2018,AZ,0.010145208041668423,0.016762716202752773,0.1571566061707857,0.021543669146503124,0.0038859144647314667,0.7905058859735585,0.07656695641434837,0.0681892501762024
2018,CA,0.01665872878283271,0.15455101663106474,0.06470266609188324,0.04027082066612652,0.005088689401749803,0.718728078426343,0.39056100033615243,0.3500647341336333
2018,CO,0.0163134055506652,0.03483510629428197,0.04576951127360937,0.03133406059691197,0.002008019792334946,0.8697398964921965,0.21662408693461913,0.19070062162605722
2018,CT,0.006056687800264145,0.04883396870273021,0.12064166760617598,0.024520773320136375,0.001089364540149126,0.7988575380305442,0.16514699287548876,0.1341347930557067
2018,DE,0.006766392446625335,0.04103889925903711,0.2300397627677782,0.027928044385383433,0.0010641323288365383,0.6931627688123394,0.09452783652280025,0.07406733299896069
2018,DC,0.006055553740909213,0.04394678951980197,0.46657303091541963,0.02827392575697972,0.0016161398117154515,0.45353456025517397,0.1110804988162983,0.08297557186212538
2018,FL,0.005088326348442709,0.02939826748867533,0.16952823077342166,0.021853192996296483,0.0011432643896290206,0.7729887180035349,0.25859158484014483,0.23532149676738465
2018,GA,0.005218839231061804,0.04319823138016856,0.3242409801557866,0.021831020794078438,0.001325172022823759,0.6041857564160809,0.09657433525844514,0.07965595720435854
2018,HI,0.003832473006151351,0.3726816489612129,0.0217096174413359,0.2422651363008414,0.10490252982569064,0.2546085944647678,0.10768729156448378,0.037745713237701865
2018,ID,0.01741650181442108,0.015601509981884327,0.008789583088385537,0.024732973607279145,0.002183697720530069,0.9312757337874998,0.127042008499641,0.11257686604561223
2018,IL,0.005936335555654227,0.05880648519000667,0.14664441595214342,0.02038117250053734,0.0006470101224509684,0.7675845806792074,0.1723127134384859,0.15666698232608509
2018,IN,0.004157957602626625,0.024942221975400095,0.09912306984225229,0.021254370953653522,0.0006708983723324736,0.849851481253735,0.071001619620926,0.06220962633170117
2018,IA,0.005353185815422712,0.0265646528461221,0.03997333248674561,0.019422521349884123,0.0013930600971459412,0.9072932474046795,0.061787993269627604,0.054575065875107145
2018,KS,0.011878816842377026,0.031676272715662326,0.06154703393496451,0.030465388698232735,0.0012675315543946815,0.8631649562543687,0.12086284155031606,0.10714349473418229
2018,KY,0.002973832469474873,0.01594167740189724,0.08395163109424536,0.019943224798304227,0.0009640987457532279,0.8762255354903251,0.038287309042256155,0.03273612523248466
2018,LA,0.007885602804189132,0.01820814887071359,0.32806118620630514,0.016911104203067885,0.0006386605065977768,0.6282952974091265,0.051868065902732366,0.04242257929659445
2018,ME,0.007047114332042656,0.012751068372082263,0.016414164968439462,0.017657334438704507,0.00034847547575856845,0.9457818424129726,0.017079029312980974,0.014157655677874345
2018,MD,0.006107425614677417,0.06714212632483818,0.309834921426187,0.029250169600140877,0.0011898076728609817,0.5864755493612955,0.1027114010519098,0.08144745755362369
2018,MA,0.004993232370761518,0.07111166297787305,0.08961822438321627,0.024991286314285217,0.0010484016195837181,0.8082371923342803,0.12106940160215635,0.09251770330481053
2018,MI,0.007254022764542839,0.033465848479757164,0.14107796652664198,0.02516980088484499,0.0004185321217395797,0.7926138292224735,0.05220827760414591,0.044022069659364914
2018,MN,0.01363616427297147,0.0516777142620778,0.06861478522354844,0.025782695004708703,0.0007787814851120444,0.8395098597515815,0.05512482077150002,0.04587286820157461
2018,MS,0.006135012516431273,0.010880427935561583,0.37842265810983283,0.013016954425573414,0.0006205414299406715,0.5909244055826602,0.03284276700462875,0.02601982849455174
2018,MO,0.005737362116074049,0.021184181615824783,0.11825606522770375,0.02366835314347764,0.0015662784733755514,0.8295877594235442,0.042917172843685895,0.03625457191707588
2018,MT,0.06636542232284628,0.009181422805038152,0.005848459905558203,0.02759041568329036,0.0008739727523925946,0.8901403065308744,0.03984957874136622,0.02994769348419409
2018,NE,0.01557871360967888,0.026941925056816057,0.051727540519093104,0.022686433530406457,0.001242266991844247,0.8818231202921613,0.1121151153563312,0.0965286116108339
2018,NV,0.016736259475867984,0.08663636588605036,0.10154698958170075,0.04556038571628901,0.008193749020448903,0.7413262503196429,0.2888223114931246,0.25400885926634714
2018,NH,0.003018307622370604,0.02972848514904093,0.01735711375994049,0.017306193655797806,0.0004885378107602298,0.9321013620020899,0.03900332382824723,0.03248259860788863
2018,NJ,0.006470057008028809,0.09987347793961356,0.1503436339160096,0.022444338728233988,0.001158042360710458,0.7197104500474036,0.20442636022461322,0.16882473939267162
2018,NM,0.1104499382448941,0.017899428490644076,0.025836368551415304,0.025840189439638086,0.0016167133292640874,0.8183573619441443,0.4931782816892529,0.44851257597597427
2018,NY,0.01000644798240369,0.09006729294951345,0.1759630963782519,0.025946196135528996,0.0014044137519163074,0.6966125528023857,0.1907861391198509,0.14099990697959047
2018,NC,0.015828826222713144,0.03155545213628479,0.22242126582492874,0.023107374416317866,0.0013686372849438927,0.7057184441148115,0.09555103384947376,0.07681613894930768
2018,ND,0.05569282505900834,0.017485415663459035,0.03322755248913904,0.022008730866692455,0.0007236251779460097,0.8708618507437551,0.039887535490525775,0.030854061905476134
2018,OH,0.002866818732678977,0.02462568783274428,0.1300552218101152,0.023611296123617957,0.0006169049418486191,0.8182240705589949,0.039498610208877884,0.031958518236449754
2018,OK,0.09600105287501826,0.023541342080919226,0.0774202939123943,0.06198725595209115,0.0020999176363665872,0.7389501375432105,0.10954718259571222,0.0876498166090527
2018,OR,0.018289304411720414,0.048006256905040665,0.021803554790227792,0.03938890957844771,0.004621447205690495,0.8678905271088729,0.1322538482977805,0.11375658593276791
2018,PA,0.003974594013462453,0.036978924448050905,0.11994067970546268,0.020987567673531028,0.0008232424008949257,0.817294991758598,0.07652071295836627,0.05699374671473976
2018,RI,0.01105690535032256,0.036844708676550826,0.0840732608478125,0.028374324342183514,0.001976706207084047,0.8376740945760466,0.1594486367901463,0.11847871028887852
2018,SC,0.00547832532225963,0.017771071441337296,0.27140963866306395,0.019437508322364506,0.0009790439424773878,0.6849244123084972,0.05828679683139351,0.04793839073849962
2018,SD,0.09136033550681953,0.015629086658191058,0.02250774972537657,0.0240599691148142,0.0008494563252087251,0.8455934026695899,0.042072536974661866,0.02992656239694514
2018,TN,0.004759389688677492,0.019313001425161326,0.1707691445196203,0.019669881885697932,0.0010002685086557158,0.7844883139721872,0.05587384814212665,0.04739251539498804
2018,TX,0.010223946118445681,0.05196100104791116,0.128900967714303,0.020172639136093042,0.0014488954312107602,0.7872925505520364,0.39439095037395155,0.3712236455374482
2018,UT,0.015313045040921945,0.026094455641295367,0.014276645221325242,0.02582283648368241,0.010853356398247565,0.9076396612145274,0.14174463171833504,0.12541737278667628
2018,VT,0.003884430587610155,0.01943335648733519,0.013450661169458485,0.019425353952132036,0.00040012676015761795,0.9434060710433065,0.020100767923278095,0.01658925547613484
2018,VA,0.005450997071996917,0.06873980721238127,0.19873468438194697,0.03111226518402241,0.001176371062117844,0.6947858750875346,0.09551270602943042,0.07905044343032246
2018,WA,0.019435900522307443,0.0933368301745511,0.04278993722824581,0.04901224200001249,0.007676177623059383,0.7877489124518238,0.12903423808785494,0.10811922155956727
2018,WV,0.0024795772647460924,0.008393352429437532,0.035773356227986,0.017931252917434727,0.00029015151557100326,0.9351323096448246,0.016656579656281197,0.01402749683961875
2018,WI,0.01176557871929567,0.030221786753318245,0.06726984694763706,0.02029962548105897,0.0005733890667735754,0.8698697730319165,0.07065991728118218,0.06074515790921449
2018,WY,0.028123456534278325,0.011175123563605466,0.012318367544305021,0.02139351424910285,0.0009929989258342055,0.9259965391828742,0.1014430433085688,0.08724056823715923
2019,AL,0.006989251145841505,0.015221787441434485,0.26810623140140566,0.01780880670501929,0.0010611322615381323,0.6908127910447609,0.04498585462610267,0.03785662693193615
2019,AK,0.15481397976834882,0.06583260973578352,0.03694232439071269,0.07704030654182166,0.015811004044421848,0.6495597755189114,0.0730940304224492,0.05109984555679298
2019,AR,0.05303323179064607,0.037351325309664514,0.0523329972957454,0.029850752409233166,0.002785441211501674,0.8246462519832092,0.317225288586164,0.28344137414916915
2019,AZ,0.010268836157743252,0.0170467579282916,0.15726857299854186,0.022078560469515736,0.004081119237599657,0.7892561532083079,0.07829863438580463,0.06965244779434522
2019,CA,0.016780175066389673,0.1565060103794322,0.06475230116632322,0.04092010139559674,0.005129925469621511,0.7159114865226366,0.39272521838924823,0.35166710153074693
2019,CO,0.01646439706547867,0.035142744117116896,0.046028765199741736,0.03184812813645809,0.00206807831086157,0.868447887170343,0.2179479120032592,0.1916090444606447
2019,CT,0.006257112266834024,0.04960513423641245,0.12278135132088361,0.025110613451066764,0.0011124440623193014,0.7951333446624839,0.16855784961506126,0.13638137958767502
2019,DE,0.006855963336568824,0.04198151265322505,0.23197852289621448,0.02853170166320592,0.0011150155426408975,0.6895372839081448,0.09640328136070804,0.07511559711181282
2019,DC,0.006096691436534685,0.04475378148768872,0.4603143227067164,0.02907153234790393,0.0015531173182464458,0.45821055470290983,0.11272525495832704,0.08420013752147891
2019,FL,0.005167816424822269,0.02978733165407721,0.169859830999882,0.022324062434975974,0.0011635461958595305,0.771697412290383,0.26155533933096026,0.23766981623349576
2019,GA,0.005291107845111319,0.04420155400535566,0.32603561152500654,0.022378674484993442,0.0013373140058072904,0.6007557381337257,0.09805024830589329,0.08076255031511044
2019,HI,0.0038357886854829878,0.3719443492757565,0.021767217781670865,0.24417655930461318,0.10493036595401999,0.2533457189984565,0.10881842873945247,0.03815020326854406
2019,ID,0.017408024325623512,0.015784825550847932,0.008935977552457714,0.025354096564676423,0.0022229550713782657,0.9302941209350162,0.1286647736800331,0.1138687355370977
2019,IL,0.006036701458599132,0.05965753420872491,0.14678349290918297,0.02085573896364077,0.0006577712811153565,0.7660087611787368,0.17417226170928798,0.15820859796746148
2019,IN,0.004250179393582835,0.025838618572844193,0.10008899110237543,0.02182020231733425,0.0006832555589725761,0.8473187530548907,0.07275089473942246,0.06364527760321259
2019,IA,0.005459558753714082,0.027265827656447215,0.041199887580564094,0.019967742711409938,0.0015546291361300622,0.9045523541617346,0.06343342629880529,0.055990069616495275
2019,KS,0.012059183522823834,0.03185088416502583,0.06160641480995731,0.031119244258206058,0.0013087805372111506,0.8620554927067758,0.1225711426251487,0.10855359494066369
2019,KY,0.00299708542163004,0.016370606471549042,0.08469270595179934,0.02053665359000703,0.0009941093542649327,0.8744088392107496,0.039157757283930464,0.03346253475525703
2019,LA,0.007923087574075009,0.01848877859555609,0.328670530034122,0.017344795348502723,0.0006442285089898965,0.6269285799387543,0.053209496628050884,0.04344839356114965
2019,ME,0.007091850762017284,0.01313746033869086,0.0172451459016028,0.01808630003641038,0.00034552709601194854,0.9440937158652667,0.017906477332679433,0.01483537305780334
2019,MD,0.006230105133746681,0.06792338967397606,0.31140352181040515,0.029878013937017524,0.0012006697325859122,0.5833642997122687,0.10541665551877025,0.08345216165143451
2019,MA,0.005074777918639083,0.07288434045943927,0.09100604027653551,0.025657143130637605,0.0010761603931495284,0.804301537821599,0.12332986651115037,0.09394082539181593
2019,MI,0.00731802706014495,0.0337459106571542,0.14111346302052272,0.025759567422265556,0.00043085511520266567,0.7916321767247099,0.05341631951382077,0.04501654766071812
2019,MN,0.013649694426630388,0.052512095187757984,0.07079366098155461,0.026339291492473563,0.0007999924823401482,0.8359052654292433,0.05600355173967337,0.04658963311160374
2019,MS,0.006214099865456864,0.011042475942901598,0.3785195017035303,0.013404619594141078,0.0006258757307619601,0.5901934271632082,0.033406452899661446,0.02645634466412399
2019,MO,0.005846290392844202,0.021798639356075875,0.11818759949352452,0.024212459133861795,0.0016389611552852183,0.8283160504684084,0.0439438317068305,0.03702922005219466
2019,MT,0.0660428754451591,0.009695147193360015,0.005943242038532019,0.028286468004145318,0.0008858794736679802,0.8891463878451356,0.04064392597860246,0.03050116668831527
2019,NE,0.01578570722628043,0.027325257390284755,0.05226974843356337,0.023273142358029797,0.001261014472430767,0.8800851301194109,0.1144201170358036,0.09842018740837982
2019,NV,0.016839164079124593,0.08819579321793818,0.10329105585628957,0.04691644900253043,0.008364256038380067,0.7363932818057372,0.29167932532044594,0.2558225763086298
2019,NH,0.003018850176699738,0.030225980189346868,0.01819908097029431,0.017661890249951684,0.0005232281708398768,0.9303709702428675,0.04051858378595265,0.03369383656321397
2019,NJ,0.006633369541183036,0.10118264479559586,0.15119232846465597,0.02288225130797014,0.0011983681049408306,0.7169110377856541,0.20765239294597007,0.1710180944023894
2019,NM,0.11065309477747073,0.01827127966112189,0.02646223103645683,0.026413174867619786,0.0016188535716224828,0.8165813660857083,0.494974838471848,0.44969456581480394
2019,NY,0.010079878720438145,0.09120367118733363,0.17601155744160588,0.026497278366980112,0.00142382024762614,0.6947837940360161,0.1918944593241447,0.14162695611512865
2019,NC,0.01587047954821955,0.03244000981204001,0.22252543093367502,0.023698876262405032,0.001397530077940203,0.7040676733657202,0.09744391786834955,0.0782140715928491
2019,ND,0.055805500416380785,0.017395027523031882,0.03415762762463927,0.02308425556876568,0.0007921709937097694,0.8687654178734726,0.04182008160015922,0.032602091855172814
2019,OH,0.00290693623318483,0.025461191106028493,0.13081392590112587,0.024285968451948945,0.0006457483417912715,0.8158862299659206,0.04062777032493547,0.0328349309755468
2019,OK,0.09623180487371348,0.023917886744586024,0.07759533978543057,0.0630907451152278,0.002217298259186058,0.7369469252218561,0.11160165587894592,0.08910120393589377
2019,OR,0.018447784643496525,0.04860753356881072,0.022119647561879226,0.040208096741171255,0.004685592142151687,0.8659313453424906,0.13443913782258363,0.11546788560846048
2019,PA,0.0040738711339106705,0.03781994100578933,0.12072006596200621,0.021590790383817088,0.0008531994549836888,0.814942132059493,0.07855271432671117,0.058277038707205936
2019,RI,0.011245012559561049,0.03681113784519892,0.08564883505109823,0.029049537025661574,0.0020403380213540887,0.8352051394971262,0.16329602951544098,0.12102445948525646
2019,SC,0.005533472077293337,0.018437280789002544,0.2697464878738632,0.019966062405311513,0.0009843531091947538,0.6853323437453347,0.05996643466411979,0.04930975073782859
2019,SD,0.09052706095068688,0.016263736759223876,0.02336982190824989,0.024679668187305763,0.0009006602211408288,0.8442590519733928,0.04327227105025549,0.030944836534115183
2019,TN,0.004839154798636961,0.019581352278259086,0.17059539626591708,0.02026843525015281,0.001030990472634904,0.7836846709343992,0.05731337820674712,0.04859329534099768
2019,TX,0.010338294052112144,0.052972294900912466,0.12986713880810688,0.02064302109436456,0.0014936111941182596,0.7846856399503856,0.3964335276264081,0.3727771343046768
2019,UT,0.015442112291911395,0.026461712508307624,0.014646391018495134,0.02649074431624317,0.011029277485708078,0.9059297623793346,0.1433231680382895,0.12662894196541594
2019,VT,0.0038859314858199555,0.01973412216407124,0.013984546011031239,0.019961669492313067,0.00038939437156876257,0.9420443364751957,0.02070039708611224,0.01708047163189893
2019,VA,0.005520273022991963,0.07000105882658174,0.19909410724440732,0.031899195969633885,0.0012038601124132575,0.6922815048239719,0.09759693113256346,0.08065886126824051
2019,WA,0.019461194238421103,0.09586809813050234,0.04353926386362848,0.049976595818452894,0.007833702651843494,0.7833211452971517,0.13147962233898922,0.11001475698001477
2019,WV,0.002539460792095643,0.008536353726445652,0.036032603579531246,0.018381150839737688,0.0002996775402823987,0.9342107535219074,0.017352332220961497,0.014627383285902957
2019,WI,0.011891842520517785,0.030872263601450473,0.06739798107366006,0.020842529273779522,0.0005947208906529071,0.8684006626399392,0.07181443609420145,0.06162039810245578
2019,WY,0.028032324569568844,0.011068475959980418,0.01226306462845362,0.022183494335615634,0.0010308283170952016,0.9254218121892863,0.10259155065538617,0.08804963145301974
2020,AL,0.007090678268474125,0.015351114246539493,0.2681585733873111,0.01826402835539828,0.0010957969997959984,0.690039808742481,0.0460338366183538,0.03866194510164721
2020,AK,0.1556599257616001,0.06641109035256401,0.03645860402265994,0.07796536453133249,0.015922687025239416,0.647582328306604,0.07324818985773253,0.051222854704455124
2020,AR,0.05274529701332673,0.03788543430007353,0.053234422988327944,0.03058074883704573,0.0028227823830028857,0.8227313144782232,0.3189315602269706,0.2846302200891718
2020,AZ,0.010464863808941165,0.01756991039827462,0.15702707322368886,0.02258323813521235,0.004235243961271358,0.7881196704726117,0.08023799200269789,0.07129959789105639
2020,CA,0.01694951935423416,0.15833379013321403,0.06490685168831457,0.04154299836532533,0.005176122644341438,0.7130907178145705,0.3954925104547903,0.3537365730681594
2020,CO,0.01659739391661339,0.03562620712193548,0.04632472748767631,0.03256579734660028,0.002115288291324012,0.8667705858358505,0.21940575981723634,0.19257612153756062
2020,CT,0.006410728573412583,0.050207112386091,0.12497729832336521,0.025673276907601506,0.0011543416007732345,0.7915772422087565,0.17231598709701362,0.13889293411369
2020,DE,0.006990207831505388,0.04209831892493887,0.2338233639944508,0.02897723875643615,0.0011511852850956974,0.6869596852075731,0.09837567350926066,0.07637648217638875
2020,DC,0.005948239096765505,0.04553769836816233,0.454796188637741,0.029650007856164846,0.0015277434849947252,0.46254012255617155,0.11379514489012592,0.08514820093825054
2020,FL,0.00524360944157982,0.030103281082975296,0.16992219133466635,0.02282601933842389,0.0011913048503605893,0.770713593951994,0.26455871060977726,0.24003732150902723
2020,GA,0.0053771156479023325,0.04502625906196041,0.3277530745282664,0.02292414661900163,0.0013522854352145286,0.5975671187076547,0.09971422080842636,0.08194338066877017
2020,HI,0.003890530672932454,0.3710652264453741,0.021703532181099442,0.24622567352235883,0.10476714385013283,0.25234789332810237,0.10941175801666801,0.03841348224527827
2020,ID,0.01742611717142524,0.016028130513056724,0.009179966424235856,0.026061996384064267,0.0022507913622597246,0.9290529981449582,0.12987591636821239,0.11480294901837143
2020,IL,0.006154821478081879,0.06040017382282306,0.14716747447672418,0.02131331563857246,0.0006763042471398281,0.7642879103366585,0.17634500175967804,0.16002615286716299
2020,IN,0.00434777266399929,0.026570873254040405,0.10088908094549288,0.022495641346431276,0.0007138465656237726,0.8449827852244124,0.07438615783114998,0.06496151786696369
2020,IA,0.005559557726245835,0.0276270949098184,0.04194829813618261,0.020485775365166027,0.0017499267439445613,0.9026293471186426,0.06510258534607045,0.05744444314492434
2020,KS,0.012179950271208951,0.03207215307819158,0.06165065953281019,0.031949632868362846,0.0013508110529016184,0.8607967931965248,0.12431785929394726,0.10993529079674172
2020,KY,0.003050532570097142,0.01673482232736114,0.08534544969670005,0.021061137738313085,0.0010430507469873812,0.8727650069205412,0.040041757766093526,0.03420402385302946
2020,LA,0.008005479926239711,0.018709591033380275,0.3291270909763336,0.017751421969389395,0.0006352632909092553,0.6257711528037477,0.05438465138446927,0.04440040488078534
2020,ME,0.007154067612197541,0.013368233391919808,0.017617419217696523,0.01853065716839945,0.0003755163349605708,0.9429541062748261,0.01871360102389306,0.015518379191506665
2020,MD,0.006345815137284871,0.06861452867844754,0.31285649695944484,0.030456577014902404,0.0012295646390023981,0.580497017570918,0.10806776707692888,0.08535500335050585
2020,MA,0.005171773016435306,0.074345905331545,0.0919995926641246,0.026226308733321785,0.0011001550139303647,0.801156265240643,0.12583095503145392,0.09566126366381213
2020,MI,0.0073905175860666,0.03393198552559034,0.14099104454849243,0.026468724649590554,0.0004402724913473111,0.7907774551989127,0.054392415433417066,0.04577429211999533
2020,MN,0.013696361294756442,0.05321544994097935,0.07239671916599703,0.026992004372371335,0.0008219407629943532,0.8328775244629015,0.05686168522249495,0.047280507347796895
2020,MS,0.006271433126622547,0.01114707970173784,0.37883184024732486,0.013771805583550683,0.0006559286716332084,0.5893219126691308,0.03370313868273613,0.026629490633972252
2020,MO,0.0059347663384891084,0.022257812179958605,0.11790446892391963,0.02484529097391421,0.0016943702625745584,0.8273632913211438,0.04487845986083503,0.03779422675398127
2020,MT,0.06577782055327848,0.00999280939720168,0.006040291436889736,0.029106671713353145,0.0008736073412630474,0.8882087995580139,0.04160740049066378,0.03133233448426165
2020,NE,0.015953636341114973,0.027619387763528413,0.052857420084725465,0.023924003071917554,0.0013124809037383255,0.8783330718349752,0.11643145577512243,0.10014544125783463
2020,NV,0.016946338718378567,0.08986065203668658,0.10469212388142597,0.04812254182972151,0.008474443951248129,0.7319038995825392,0.294645534355195,0.2579997380713319
2020,NH,0.00308942196849097,0.030545827157783024,0.01871072807450916,0.01800369618122267,0.0005364952150921301,0.929113831402902,0.04206107847980824,0.034837788878520064
2020,NJ,0.00678985374513179,0.10225715633809937,0.15229458440769925,0.023348382993684906,0.0012336796109957578,0.7140763429043889,0.21105355765932318,0.1733000118999758
2020,NM,0.1107211205899961,0.018778257234540446,0.026844461831280066,0.026964576590725337,0.0016583432993767802,0.8150332404540813,0.4966446203068006,0.4508581083871911
2020,NY,0.010171964550864115,0.0921863603322498,0.17638121266957843,0.027044891040781567,0.0014434153863084518,0.6927721560202177,0.19335803445207206,0.14244416959683456
2020,NC,0.015880182133028727,0.03332363911745343,0.22240027967639872,0.024277360352116056,0.0014138524905094633,0.7027046862304936,0.09927861261337917,0.07967702130296865
2020,ND,0.056020509362884795,0.017104202354865813,0.03480162914587441,0.02371199084291443,0.0008702367279099031,0.8674914315655506,0.04345564994008956,0.034234537944803994
2020,OH,0.002955645140255244,0.026066735954699206,0.13135777776124397,0.02497841269857559,0.0006692768978801984,0.8139721515473458,0.04174078014630191,0.033687136739188196
2020,OK,0.09599970659038687,0.02411987792351404,0.07792637780054829,0.06466290676984905,0.0023116055308716904,0.73497952538483,0.11366783871414242,0.09078867147493346
2020,OR,0.01855236829739996,0.04917214565483447,0.022379545760504462,0.04122119803173731,0.004747840802809001,0.8639269014527148,0.13670518520893635,0.11726020963775376
2020,PA,0.0041810168209127346,0.038686785070530555,0.12140203112603411,0.02218550926078759,0.0008747381535249163,0.8126699195682101,0.08077966689858466,0.059789627899124904
2020,RI,0.011378975996216152,0.03685278467541681,0.08698119900673998,0.029721177722596664,0.0020981435497221235,0.8329677190493082,0.1669348468724134,0.12340830081589216
2020,SC,0.005580447830986347,0.01897053299706403,0.26807747736698073,0.02049313535350438,0.0010099577619182682,0.6858684486895462,0.06133739871675955,0.05050440395244191
2020,SD,0.08967231496655716,0.016770152243096078,0.024033372278112773,0.025422390298381232,0.0009655915592511401,0.8431361786546017,0.04436344328605818,0.03195749604857979
2020,TN,0.004911836120922909,0.019869217117764126,0.17020099511618836,0.02082219493021031,0.0010403909837234352,0.7831553657311908,0.05872219368145072,0.04977047508332566
2020,TX,0.01046583979658019,0.05397782802549485,0.1309316629042185,0.021161986990867642,0.0015345992928861274,0.7819280829899526,0.39821371784019616,0.3740480619046667
2020,UT,0.015594426746349633,0.026821921677699385,0.014927632690324778,0.027227475238308874,0.011253034343740182,0.9041755093035772,0.14512755705673966,0.12803276675839315
2020,VT,0.0039544587525086345,0.020097955071573297,0.014277761824473368,0.02041559516609529,0.0003721843531772833,0.9408820448321721,0.02136530696385801,0.017601753116642898
2020,VA,0.005599050958592586,0.07105157135801228,0.1994198750419501,0.0326411668245725,0.001215170647139192,0.6900731651697334,0.09956285752167815,0.08223197944069556
2020,WA,0.019458350642065133,0.09839760570197717,0.044278292172779184,0.05099620308380511,0.007998973694020441,0.7788705747053529,0.13355820387095163,0.1116957808633968
2020,WV,0.0025823809787946686,0.00864304816204959,0.03655562260370565,0.019010671861684335,0.0003014365299612783,0.9329068398638045,0.017928750041321457,0.015088074935552533
2020,WI,0.011996937929639247,0.031389993064907834,0.06739932329273718,0.021322022303736463,0.0006050417862877198,0.8672866816226915,0.0729947168142124,0.06257081894951784
2020,WY,0.028118173950076247,0.010980066216977374,0.012163248203761454,0.02290976906485692,0.001059540327787776,0.9247692022365402,0.10351382725886442,0.08883481474358093
